{
  "timestamp": "2025-07-11T21:33:40.229146",
  "benchmark_results": {
    "gemini-2.5-pro-mcp_automated_data_explorer": {
      "phases": {
        "1_order_generation": {
          "duration": 1.019340991973877,
          "input_tokens": 1084,
          "output_tokens": 17,
          "cost": 0.0009011999999999999
        },
        "2_case_gen_load_csv": {
          "duration": 45.56381440162659,
          "input_tokens": 1628,
          "output_tokens": 1073,
          "cost": 0.0034484
        },
        "3_case_exec_load_csv": {
          "duration": 0.006520271301269531,
          "input_tokens": 0,
          "output_tokens": 0,
          "cost": 0
        },
        "2_case_gen_explore_data": {
          "duration": 29.703100442886353,
          "input_tokens": 3806,
          "output_tokens": 786,
          "cost": 0.0046168
        },
        "3_case_exec_explore_data": {
          "duration": 0.0029993057250976562,
          "input_tokens": 0,
          "output_tokens": 0,
          "cost": 0
        },
        "2_case_gen_run_script": {
          "duration": 34.71033072471619,
          "input_tokens": 16017,
          "output_tokens": 911,
          "cost": 0.014635599999999999
        },
        "3_case_exec_run_script": {
          "duration": 0.0050048828125,
          "input_tokens": 0,
          "output_tokens": 0,
          "cost": 0
        },
        "4_report_generation": {
          "duration": 81.19454979896545,
          "input_tokens": 25855,
          "output_tokens": 1440,
          "cost": 0.023563999999999998
        }
      },
      "suite_summary": {
        "total_duration": 212.9733428955078,
        "total_llm_tokens": 52617,
        "total_cost": 0.047166
      }
    }
  }
}