{
  "timestamp": "2025-07-01T17:28:33.573959",
  "benchmark_results": {
    "mcp_text_file_processor_refined-server": {
      "phases": {
        "1_order_generation": {
          "duration": 2.248863935470581,
          "input_tokens": 1379,
          "output_tokens": 34,
          "cost": 0.014470000000000002
        },
        "2_case_gen_get_text_file_contents": {
          "duration": 38.28022336959839,
          "input_tokens": 3497,
          "output_tokens": 1070,
          "cost": 0.05637
        },
        "3_case_exec_get_text_file_contents": {
          "duration": 0.009000539779663086,
          "input_tokens": 0,
          "output_tokens": 0,
          "cost": 0
        },
        "2_case_gen_append_text_file_contents": {
          "duration": 65.55461573600769,
          "input_tokens": 6076,
          "output_tokens": 1238,
          "cost": 0.08552
        },
        "3_case_exec_append_text_file_contents": {
          "duration": 0.04200315475463867,
          "input_tokens": 0,
          "output_tokens": 0,
          "cost": 0
        },
        "2_case_gen_insert_text_file_contents": {
          "duration": 45.366090536117554,
          "input_tokens": 7752,
          "output_tokens": 1326,
          "cost": 0.10404000000000001
        },
        "3_case_exec_insert_text_file_contents": {
          "duration": 0.01664447784423828,
          "input_tokens": 0,
          "output_tokens": 0,
          "cost": 0
        },
        "2_case_gen_delete_text_file_contents": {
          "duration": 50.48818635940552,
          "input_tokens": 10098,
          "output_tokens": 1225,
          "cost": 0.12548
        },
        "3_case_exec_delete_text_file_contents": {
          "duration": 0.018004894256591797,
          "input_tokens": 0,
          "output_tokens": 0,
          "cost": 0
        },
        "4_report_generation": {
          "duration": 63.854302167892456,
          "input_tokens": 11669,
          "output_tokens": 1671,
          "cost": 0.15011000000000002
        }
      },
      "suite_summary": {
        "total_duration": 279.0012001991272,
        "total_llm_tokens": 47035,
        "total_cost": 0.53599
      }
    }
  }
}