{
  "timestamp": "2025-07-11T21:33:36.540384",
  "benchmark_results": {
    "qwen-plus-mcp_duffeld_flight_info_proces": {
      "phases": {
        "1_order_generation": {
          "duration": 1.2351808547973633,
          "input_tokens": 1442,
          "output_tokens": 24,
          "cost": 0.0012016
        },
        "2_case_gen_search_flights": {
          "duration": 43.75656485557556,
          "input_tokens": 1741,
          "output_tokens": 1177,
          "cost": 0.0037468
        },
        "3_case_exec_search_flights": {
          "duration": 0.012539386749267578,
          "input_tokens": 0,
          "output_tokens": 0,
          "cost": 0
        },
        "2_case_gen_get_offer_details": {
          "duration": 29.913146495819092,
          "input_tokens": 3490,
          "output_tokens": 730,
          "cost": 0.004252
        },
        "3_case_exec_get_offer_details": {
          "duration": 0.00400853157043457,
          "input_tokens": 0,
          "output_tokens": 0,
          "cost": 0
        },
        "2_case_gen_search_multi_city": {
          "duration": 39.69303822517395,
          "input_tokens": 5165,
          "output_tokens": 1570,
          "cost": 0.007271999999999999
        },
        "3_case_exec_search_multi_city": {
          "duration": 0.008142948150634766,
          "input_tokens": 0,
          "output_tokens": 0,
          "cost": 0
        },
        "4_report_generation": {
          "duration": 47.99037981033325,
          "input_tokens": 9184,
          "output_tokens": 1505,
          "cost": 0.0103572
        }
      },
      "suite_summary": {
        "total_duration": 165.73525977134705,
        "total_llm_tokens": 26028,
        "total_cost": 0.0268296
      }
    }
  }
}