{
  "timestamp": "2025-07-11T21:33:45.600586",
  "benchmark_results": {
    "gemini-2.5-pro-mcp_image_icon_handler": {
      "phases": {
        "1_order_generation": {
          "duration": 1.1314446926116943,
          "input_tokens": 1349,
          "output_tokens": 16,
          "cost": 0.0011112
        },
        "2_case_gen_search_images": {
          "duration": 27.510278463363647,
          "input_tokens": 1734,
          "output_tokens": 789,
          "cost": 0.0029652
        },
        "3_case_exec_search_images": {
          "duration": 2.0506489276885986,
          "input_tokens": 0,
          "output_tokens": 0,
          "cost": 0
        },
        "2_case_gen_download_image": {
          "duration": 57.65272307395935,
          "input_tokens": 27882,
          "output_tokens": 860,
          "cost": 0.024025599999999998
        },
        "3_case_exec_download_image": {
          "duration": 5.43001127243042,
          "input_tokens": 0,
          "output_tokens": 0,
          "cost": 0
        },
        "2_case_gen_generate_icon": {
          "duration": 148.24703931808472,
          "input_tokens": 30080,
          "output_tokens": 790,
          "cost": 0.025644
        },
        "3_case_exec_generate_icon": {
          "duration": 0.044503211975097656,
          "input_tokens": 0,
          "output_tokens": 0,
          "cost": 0
        },
        "4_report_generation": {
          "duration": 155.92706632614136,
          "input_tokens": 33245,
          "output_tokens": 1712,
          "cost": 0.030019999999999998
        }
      },
      "suite_summary": {
        "total_duration": 431.61421966552734,
        "total_llm_tokens": 98457,
        "total_cost": 0.08376600000000001
      }
    }
  }
}