{
  "timestamp": "2025-07-11T21:33:46.967723",
  "benchmark_results": {
    "gemini-2.5-pro-mcp_outlook_manager": {
      "phases": {
        "1_order_generation": {
          "duration": 1.8097224235534668,
          "input_tokens": 1932,
          "output_tokens": 42,
          "cost": 0.0016296
        },
        "2_case_gen_list_folders": {
          "duration": 23.443944692611694,
          "input_tokens": 1993,
          "output_tokens": 612,
          "cost": 0.0028184
        },
        "3_case_exec_list_folders": {
          "duration": 1.10917067527771,
          "input_tokens": 0,
          "output_tokens": 0,
          "cost": 0
        },
        "2_case_gen_list_recent_emails": {
          "duration": 30.941922426223755,
          "input_tokens": 15221,
          "output_tokens": 785,
          "cost": 0.0137468
        },
        "3_case_exec_list_recent_emails": {
          "duration": 0.01902151107788086,
          "input_tokens": 0,
          "output_tokens": 0,
          "cost": 0
        },
        "2_case_gen_search_emails": {
          "duration": 43.5258469581604,
          "input_tokens": 20871,
          "output_tokens": 1104,
          "cost": 0.0189048
        },
        "3_case_exec_search_emails": {
          "duration": 0.016542434692382812,
          "input_tokens": 0,
          "output_tokens": 0,
          "cost": 0
        },
        "2_case_gen_get_email_by_number": {
          "duration": 39.93578577041626,
          "input_tokens": 20860,
          "output_tokens": 733,
          "cost": 0.018153999999999997
        },
        "3_case_exec_get_email_by_number": {
          "duration": 0.011524438858032227,
          "input_tokens": 0,
          "output_tokens": 0,
          "cost": 0
        },
        "2_case_gen_reply_to_email_by_number": {
          "duration": 35.85638475418091,
          "input_tokens": 20061,
          "output_tokens": 957,
          "cost": 0.017962799999999998
        },
        "3_case_exec_reply_to_email_by_number": {
          "duration": 0.01667308807373047,
          "input_tokens": 0,
          "output_tokens": 0,
          "cost": 0
        },
        "2_case_gen_compose_email": {
          "duration": 34.98871946334839,
          "input_tokens": 20124,
          "output_tokens": 1036,
          "cost": 0.0181712
        },
        "3_case_exec_compose_email": {
          "duration": 0.4302089214324951,
          "input_tokens": 0,
          "output_tokens": 0,
          "cost": 0
        },
        "4_report_generation": {
          "duration": 60.383177042007446,
          "input_tokens": 29691,
          "output_tokens": 1447,
          "cost": 0.026646799999999998
        }
      },
      "suite_summary": {
        "total_duration": 318.39431285858154,
        "total_llm_tokens": 137469,
        "total_cost": 0.11803439999999998
      }
    }
  }
}