{
  "timestamp": "2025-07-11T21:33:49.467492",
  "benchmark_results": {
    "qwen-plus-mcp_unsplash_photo_searcher": {
      "phases": {
        "1_order_generation": {
          "duration": 0.7857155799865723,
          "input_tokens": 611,
          "output_tokens": 8,
          "cost": 0.0005047999999999999
        },
        "2_case_gen_search_photos": {
          "duration": 27.900852918624878,
          "input_tokens": 1981,
          "output_tokens": 783,
          "cost": 0.0031507999999999996
        },
        "3_case_exec_search_photos": {
          "duration": 0.7505221366882324,
          "input_tokens": 0,
          "output_tokens": 0,
          "cost": 0
        },
        "4_report_generation": {
          "duration": 178.4131429195404,
          "input_tokens": 37669,
          "output_tokens": 1878,
          "cost": 0.033891199999999996
        }
      },
      "suite_summary": {
        "total_duration": 221.80386400222778,
        "total_llm_tokens": 42930,
        "total_cost": 0.0375468
      }
    }
  }
}