{
  "timestamp": "2025-07-11T21:33:38.849963",
  "benchmark_results": {
    "gemini-2.5-pro-mcp_everything_file_searcher": {
      "phases": {
        "1_order_generation": {
          "duration": 0.7494826316833496,
          "input_tokens": 881,
          "output_tokens": 9,
          "cost": 0.0007228
        },
        "2_case_gen_search_everything": {
          "duration": 38.12805962562561,
          "input_tokens": 1956,
          "output_tokens": 981,
          "cost": 0.0035267999999999996
        },
        "3_case_exec_search_everything": {
          "duration": 0.06126141548156738,
          "input_tokens": 0,
          "output_tokens": 0,
          "cost": 0
        },
        "4_report_generation": {
          "duration": 52.26247596740723,
          "input_tokens": 28981,
          "output_tokens": 1480,
          "cost": 0.0261448
        }
      },
      "suite_summary": {
        "total_duration": 94.65706038475037,
        "total_llm_tokens": 34288,
        "total_cost": 0.0303944
      }
    }
  }
}