{
  "timestamp": "2025-06-30T22:05:19.339454",
  "benchmark_results": {
    "mcp_search_images-main-server": {
      "phases": {
        "1_order_generation": {
          "duration": 0.9619777202606201,
          "input_tokens": 807,
          "output_tokens": 16,
          "cost": 0.008390000000000002
        },
        "2_case_gen_search_images": {
          "duration": 21.249264240264893,
          "input_tokens": 1788,
          "output_tokens": 708,
          "cost": 0.03204
        },
        "3_case_exec_search_images": {
          "duration": 1.6138453483581543,
          "input_tokens": 0,
          "output_tokens": 0,
          "cost": 0
        },
        "2_case_gen_download_image": {
          "duration": 30.613002061843872,
          "input_tokens": 6089,
          "output_tokens": 968,
          "cost": 0.08025000000000002
        },
        "3_case_exec_download_image": {
          "duration": 1.7817809581756592,
          "input_tokens": 0,
          "output_tokens": 0,
          "cost": 0
        },
        "2_case_gen_generate_icon": {
          "duration": 32.88363981246948,
          "input_tokens": 8759,
          "output_tokens": 1067,
          "cost": 0.10893
        },
        "3_case_exec_generate_icon": {
          "duration": 1.0600988864898682,
          "input_tokens": 0,
          "output_tokens": 0,
          "cost": 0
        },
        "4_report_generation": {
          "duration": 54.593624114990234,
          "input_tokens": 11632,
          "output_tokens": 1706,
          "cost": 0.15044000000000002
        }
      },
      "suite_summary": {
        "total_duration": 179.43478226661682,
        "total_llm_tokens": 33540,
        "total_cost": 0.38005
      }
    }
  }
}