{
  "timestamp": "2025-06-30T22:35:08.471277",
  "benchmark_results": {
    "mongodb_mcp_server_operations_refined-server": {
      "phases": {
        "1_order_generation": {
          "duration": 1.976245403289795,
          "input_tokens": 1914,
          "output_tokens": 49,
          "cost": 0.020120000000000002
        },
        "2_case_gen_mcp_list_databases": {
          "duration": 10.55951452255249,
          "input_tokens": 2926,
          "output_tokens": 312,
          "cost": 0.035500000000000004
        },
        "3_case_exec_mcp_list_databases": {
          "duration": 0.004996776580810547,
          "input_tokens": 0,
          "output_tokens": 0,
          "cost": 0
        },
        "2_case_gen_mcp_list_collections": {
          "duration": 24.203282356262207,
          "input_tokens": 3875,
          "output_tokens": 777,
          "cost": 0.054290000000000005
        },
        "3_case_exec_mcp_list_collections": {
          "duration": 0.006000995635986328,
          "input_tokens": 0,
          "output_tokens": 0,
          "cost": 0
        },
        "2_case_gen_mcp_insert_document": {
          "duration": 37.365883350372314,
          "input_tokens": 6030,
          "output_tokens": 912,
          "cost": 0.07854000000000001
        },
        "3_case_exec_mcp_insert_document": {
          "duration": 0.005008697509765625,
          "input_tokens": 0,
          "output_tokens": 0,
          "cost": 0
        },
        "2_case_gen_mcp_find_documents": {
          "duration": 29.990607500076294,
          "input_tokens": 8068,
          "output_tokens": 909,
          "cost": 0.09886
        },
        "3_case_exec_mcp_find_documents": {
          "duration": 0.009998321533203125,
          "input_tokens": 0,
          "output_tokens": 0,
          "cost": 0
        },
        "2_case_gen_mcp_update_document": {
          "duration": 45.38163733482361,
          "input_tokens": 10200,
          "output_tokens": 1373,
          "cost": 0.12946000000000002
        },
        "3_case_exec_mcp_update_document": {
          "duration": 0.006585597991943359,
          "input_tokens": 0,
          "output_tokens": 0,
          "cost": 0
        },
        "2_case_gen_mcp_delete_document": {
          "duration": 31.581657886505127,
          "input_tokens": 12547,
          "output_tokens": 930,
          "cost": 0.14407
        },
        "3_case_exec_mcp_delete_document": {
          "duration": 0.007999420166015625,
          "input_tokens": 0,
          "output_tokens": 0,
          "cost": 0
        },
        "4_report_generation": {
          "duration": 47.88449501991272,
          "input_tokens": 14179,
          "output_tokens": 1328,
          "cost": 0.16835
        }
      },
      "suite_summary": {
        "total_duration": 246.9900987148285,
        "total_llm_tokens": 66329,
        "total_cost": 0.72919
      }
    }
  }
}