{
  "timestamp": "2025-06-30T22:35:06.235996",
  "benchmark_results": {
    "arxiv_paper_manager_refined-server": {
      "phases": {
        "1_order_generation": {
          "duration": 1.2166967391967773,
          "input_tokens": 740,
          "output_tokens": 28,
          "cost": 0.00796
        },
        "2_case_gen_search_papers": {
          "duration": 16.67163348197937,
          "input_tokens": 1659,
          "output_tokens": 465,
          "cost": 0.025890000000000003
        },
        "3_case_exec_search_papers": {
          "duration": 1.6449458599090576,
          "input_tokens": 0,
          "output_tokens": 0,
          "cost": 0
        },
        "2_case_gen_download_paper": {
          "duration": 22.434885263442993,
          "input_tokens": 4278,
          "output_tokens": 787,
          "cost": 0.05852
        },
        "3_case_exec_download_paper": {
          "duration": 11.396914005279541,
          "input_tokens": 0,
          "output_tokens": 0,
          "cost": 0
        },
        "2_case_gen_list_papers": {
          "duration": 11.782739162445068,
          "input_tokens": 6246,
          "output_tokens": 369,
          "cost": 0.06984000000000001
        },
        "3_case_exec_list_papers": {
          "duration": 0.005002498626708984,
          "input_tokens": 0,
          "output_tokens": 0,
          "cost": 0
        },
        "2_case_gen_read_paper": {
          "duration": 35.0733597278595,
          "input_tokens": 9058,
          "output_tokens": 874,
          "cost": 0.10806000000000002
        },
        "3_case_exec_read_paper": {
          "duration": 0.012672901153564453,
          "input_tokens": 0,
          "output_tokens": 0,
          "cost": 0
        },
        "4_report_generation": {
          "duration": 55.317660331726074,
          "input_tokens": 12326,
          "output_tokens": 1679,
          "cost": 0.15684
        }
      },
      "suite_summary": {
        "total_duration": 249.98165154457092,
        "total_llm_tokens": 38509,
        "total_cost": 0.42711
      }
    }
  }
}