{
  "timestamp": "2025-06-30T22:35:09.170542",
  "benchmark_results": {
    "git_repo_management_server_refined-server": {
      "phases": {
        "1_order_generation": {
          "duration": 2.697249412536621,
          "input_tokens": 2327,
          "output_tokens": 72,
          "cost": 0.024710000000000003
        },
        "2_case_gen_git_init": {
          "duration": 25.86177110671997,
          "input_tokens": 1615,
          "output_tokens": 828,
          "cost": 0.03271
        },
        "3_case_exec_git_init": {
          "duration": 0.20470237731933594,
          "input_tokens": 0,
          "output_tokens": 0,
          "cost": 0
        },
        "2_case_gen_git_status": {
          "duration": 30.910743713378906,
          "input_tokens": 7475,
          "output_tokens": 847,
          "cost": 0.09169000000000001
        },
        "3_case_exec_git_status": {
          "duration": 0.004000186920166016,
          "input_tokens": 0,
          "output_tokens": 0,
          "cost": 0
        },
        "2_case_gen_git_add": {
          "duration": 42.095803022384644,
          "input_tokens": 7689,
          "output_tokens": 1230,
          "cost": 0.10149
        },
        "3_case_exec_git_add": {
          "duration": 0.005999326705932617,
          "input_tokens": 0,
          "output_tokens": 0,
          "cost": 0
        },
        "2_case_gen_git_diff_unstaged": {
          "duration": 31.550923585891724,
          "input_tokens": 10243,
          "output_tokens": 899,
          "cost": 0.12041000000000002
        },
        "3_case_exec_git_diff_unstaged": {
          "duration": 0.009000062942504883,
          "input_tokens": 0,
          "output_tokens": 0,
          "cost": 0
        },
        "2_case_gen_git_commit": {
          "duration": 37.598103523254395,
          "input_tokens": 12903,
          "output_tokens": 1003,
          "cost": 0.14909
        },
        "3_case_exec_git_commit": {
          "duration": 0.008000612258911133,
          "input_tokens": 0,
          "output_tokens": 0,
          "cost": 0
        },
        "2_case_gen_git_diff_staged": {
          "duration": 28.842538595199585,
          "input_tokens": 16992,
          "output_tokens": 890,
          "cost": 0.18772000000000003
        },
        "3_case_exec_git_diff_staged": {
          "duration": 0.003999948501586914,
          "input_tokens": 0,
          "output_tokens": 0,
          "cost": 0
        },
        "2_case_gen_git_log": {
          "duration": 31.00521969795227,
          "input_tokens": 19827,
          "output_tokens": 854,
          "cost": 0.21535000000000004
        },
        "3_case_exec_git_log": {
          "duration": 0.003989458084106445,
          "input_tokens": 0,
          "output_tokens": 0,
          "cost": 0
        },
        "2_case_gen_git_create_branch": {
          "duration": 30.629281997680664,
          "input_tokens": 21907,
          "output_tokens": 864,
          "cost": 0.23635
        },
        "3_case_exec_git_create_branch": {
          "duration": 0.003999233245849609,
          "input_tokens": 0,
          "output_tokens": 0,
          "cost": 0
        },
        "2_case_gen_git_checkout": {
          "duration": 32.235982179641724,
          "input_tokens": 23756,
          "output_tokens": 838,
          "cost": 0.25432000000000005
        },
        "3_case_exec_git_checkout": {
          "duration": 0.00728297233581543,
          "input_tokens": 0,
          "output_tokens": 0,
          "cost": 0
        },
        "2_case_gen_git_diff": {
          "duration": 31.26720643043518,
          "input_tokens": 25903,
          "output_tokens": 898,
          "cost": 0.27699
        },
        "3_case_exec_git_diff": {
          "duration": 0.0020020008087158203,
          "input_tokens": 0,
          "output_tokens": 0,
          "cost": 0
        },
        "2_case_gen_git_show": {
          "duration": 33.26947283744812,
          "input_tokens": 27164,
          "output_tokens": 796,
          "cost": 0.28756000000000004
        },
        "3_case_exec_git_show": {
          "duration": 0.001997709274291992,
          "input_tokens": 0,
          "output_tokens": 0,
          "cost": 0
        },
        "2_case_gen_git_reset": {
          "duration": 42.97529411315918,
          "input_tokens": 28548,
          "output_tokens": 1230,
          "cost": 0.31008
        },
        "3_case_exec_git_reset": {
          "duration": 0.022014379501342773,
          "input_tokens": 0,
          "output_tokens": 0,
          "cost": 0
        },
        "4_report_generation": {
          "duration": 98.97003984451294,
          "input_tokens": 30827,
          "output_tokens": 1466,
          "cost": 0.33759000000000006
        }
      },
      "suite_summary": {
        "total_duration": 579.7043967247009,
        "total_llm_tokens": 249891,
        "total_cost": 2.6260600000000003
      }
    }
  }
}