{
  "timestamp": "2025-07-11T21:33:45.942660",
  "benchmark_results": {
    "qwen-plus-mcp_ssh_automation_manager": {
      "phases": {
        "1_order_generation": {
          "duration": 1.8247194290161133,
          "input_tokens": 1647,
          "output_tokens": 31,
          "cost": 0.0013796
        },
        "2_case_gen_connect": {
          "duration": 43.193262815475464,
          "input_tokens": 1937,
          "output_tokens": 1233,
          "cost": 0.004015599999999999
        },
        "3_case_exec_connect": {
          "duration": 0.04569387435913086,
          "input_tokens": 0,
          "output_tokens": 0,
          "cost": 0
        },
        "2_case_gen_list_sessions": {
          "duration": 26.016633987426758,
          "input_tokens": 3654,
          "output_tokens": 689,
          "cost": 0.0043012
        },
        "3_case_exec_list_sessions": {
          "duration": 0.02818751335144043,
          "input_tokens": 0,
          "output_tokens": 0,
          "cost": 0
        },
        "2_case_gen_execute": {
          "duration": 52.62912654876709,
          "input_tokens": 7178,
          "output_tokens": 1309,
          "cost": 0.0083604
        },
        "3_case_exec_execute": {
          "duration": 0.0053446292877197266,
          "input_tokens": 0,
          "output_tokens": 0,
          "cost": 0
        },
        "2_case_gen_upload": {
          "duration": 54.93765711784363,
          "input_tokens": 7330,
          "output_tokens": 1603,
          "cost": 0.009069999999999998
        },
        "3_case_exec_upload": {
          "duration": 0.035186052322387695,
          "input_tokens": 0,
          "output_tokens": 0,
          "cost": 0
        },
        "2_case_gen_download": {
          "duration": 57.45041298866272,
          "input_tokens": 6907,
          "output_tokens": 1632,
          "cost": 0.0087896
        },
        "3_case_exec_download": {
          "duration": 0.015509843826293945,
          "input_tokens": 0,
          "output_tokens": 0,
          "cost": 0
        },
        "2_case_gen_disconnect": {
          "duration": 34.70913076400757,
          "input_tokens": 7162,
          "output_tokens": 1034,
          "cost": 0.0077976
        },
        "3_case_exec_disconnect": {
          "duration": 0.005478858947753906,
          "input_tokens": 0,
          "output_tokens": 0,
          "cost": 0
        },
        "4_report_generation": {
          "duration": 73.3678081035614,
          "input_tokens": 17425,
          "output_tokens": 1885,
          "cost": 0.01771
        }
      },
      "suite_summary": {
        "total_duration": 444.04672050476074,
        "total_llm_tokens": 62656,
        "total_cost": 0.06142399999999999
      }
    }
  }
}