{
  "timestamp": "2025-06-30T22:35:07.271799",
  "benchmark_results": {
    "financial_data_mcp_server_refined-server": {
      "phases": {
        "1_order_generation": {
          "duration": 3.735098123550415,
          "input_tokens": 2930,
          "output_tokens": 90,
          "cost": 0.031100000000000003
        },
        "2_case_gen_get_company_profile": {
          "duration": 20.4936466217041,
          "input_tokens": 1628,
          "output_tokens": 533,
          "cost": 0.026940000000000006
        },
        "3_case_exec_get_company_profile": {
          "duration": 0.34723854064941406,
          "input_tokens": 0,
          "output_tokens": 0,
          "cost": 0
        },
        "2_case_gen_get_stock_prices": {
          "duration": 30.204135417938232,
          "input_tokens": 4734,
          "output_tokens": 908,
          "cost": 0.0655
        },
        "3_case_exec_get_stock_prices": {
          "duration": 0.35819578170776367,
          "input_tokens": 0,
          "output_tokens": 0,
          "cost": 0
        },
        "2_case_gen_get_income_statements": {
          "duration": 25.006603956222534,
          "input_tokens": 6567,
          "output_tokens": 760,
          "cost": 0.08087000000000001
        },
        "3_case_exec_get_income_statements": {
          "duration": 0.4486062526702881,
          "input_tokens": 0,
          "output_tokens": 0,
          "cost": 0
        },
        "2_case_gen_get_balance_sheets": {
          "duration": 26.318743467330933,
          "input_tokens": 9529,
          "output_tokens": 759,
          "cost": 0.11047000000000001
        },
        "3_case_exec_get_balance_sheets": {
          "duration": 0.36955976486206055,
          "input_tokens": 0,
          "output_tokens": 0,
          "cost": 0
        },
        "2_case_gen_get_cash_flows": {
          "duration": 26.039045810699463,
          "input_tokens": 12759,
          "output_tokens": 765,
          "cost": 0.14289000000000002
        },
        "3_case_exec_get_cash_flows": {
          "duration": 0.35585761070251465,
          "input_tokens": 0,
          "output_tokens": 0,
          "cost": 0
        },
        "2_case_gen_get_financial_ratios": {
          "duration": 19.615534782409668,
          "input_tokens": 15627,
          "output_tokens": 530,
          "cost": 0.16687000000000002
        },
        "3_case_exec_get_financial_ratios": {
          "duration": 0.8335585594177246,
          "input_tokens": 0,
          "output_tokens": 0,
          "cost": 0
        },
        "2_case_gen_get_earnings_history": {
          "duration": 22.21492290496826,
          "input_tokens": 17450,
          "output_tokens": 677,
          "cost": 0.18804
        },
        "3_case_exec_get_earnings_history": {
          "duration": 0.38995862007141113,
          "input_tokens": 0,
          "output_tokens": 0,
          "cost": 0
        },
        "2_case_gen_get_analyst_estimates": {
          "duration": 18.74277925491333,
          "input_tokens": 19213,
          "output_tokens": 540,
          "cost": 0.20293000000000003
        },
        "3_case_exec_get_analyst_estimates": {
          "duration": 0.3577728271484375,
          "input_tokens": 0,
          "output_tokens": 0,
          "cost": 0
        },
        "2_case_gen_get_dividend_history": {
          "duration": 20.72012758255005,
          "input_tokens": 21018,
          "output_tokens": 545,
          "cost": 0.22108
        },
        "3_case_exec_get_dividend_history": {
          "duration": 0.34526705741882324,
          "input_tokens": 0,
          "output_tokens": 0,
          "cost": 0
        },
        "2_case_gen_get_splits_history": {
          "duration": 22.423590183258057,
          "input_tokens": 22713,
          "output_tokens": 541,
          "cost": 0.23795000000000002
        },
        "3_case_exec_get_splits_history": {
          "duration": 0.356961727142334,
          "input_tokens": 0,
          "output_tokens": 0,
          "cost": 0
        },
        "2_case_gen_get_ownership_data": {
          "duration": 20.754199981689453,
          "input_tokens": 24550,
          "output_tokens": 545,
          "cost": 0.2564
        },
        "3_case_exec_get_ownership_data": {
          "duration": 0.3487844467163086,
          "input_tokens": 0,
          "output_tokens": 0,
          "cost": 0
        },
        "2_case_gen_get_market_news": {
          "duration": 23.992913007736206,
          "input_tokens": 26144,
          "output_tokens": 575,
          "cost": 0.27294
        },
        "3_case_exec_get_market_news": {
          "duration": 0.3611166477203369,
          "input_tokens": 0,
          "output_tokens": 0,
          "cost": 0
        },
        "4_report_generation": {
          "duration": 54.51921105384827,
          "input_tokens": 28468,
          "output_tokens": 1568,
          "cost": 0.31604000000000004
        }
      },
      "suite_summary": {
        "total_duration": 410.42677903175354,
        "total_llm_tokens": 222666,
        "total_cost": 2.3200200000000004
      }
    }
  }
}