{
  "timestamp": "2025-07-01T18:51:17.763856",
  "benchmark_results": {
    "mysql_mcp_server_refined-server": {
      "phases": {
        "1_order_generation": {
          "duration": 1.61421799659729,
          "input_tokens": 977,
          "output_tokens": 16,
          "cost": 0.010090000000000002
        },
        "2_case_gen_list_resources": {
          "duration": 26.19085693359375,
          "input_tokens": 8775,
          "output_tokens": 817,
          "cost": 0.10409000000000002
        },
        "3_case_exec_list_resources": {
          "duration": 0.20487618446350098,
          "input_tokens": 0,
          "output_tokens": 0,
          "cost": 0
        },
        "2_case_gen_read_resource": {
          "duration": 22.796079635620117,
          "input_tokens": 10468,
          "output_tokens": 680,
          "cost": 0.11828000000000001
        },
        "3_case_exec_read_resource": {
          "duration": 0.15295004844665527,
          "input_tokens": 0,
          "output_tokens": 0,
          "cost": 0
        },
        "2_case_gen_execute_sql": {
          "duration": 36.65232825279236,
          "input_tokens": 13538,
          "output_tokens": 971,
          "cost": 0.1548
        },
        "3_case_exec_execute_sql": {
          "duration": 0.0036864280700683594,
          "input_tokens": 0,
          "output_tokens": 0,
          "cost": 0
        },
        "4_report_generation": {
          "duration": 59.561777114868164,
          "input_tokens": 8796,
          "output_tokens": 1642,
          "cost": 0.12080000000000002
        }
      },
      "suite_summary": {
        "total_duration": 153.37914419174194,
        "total_llm_tokens": 46680,
        "total_cost": 0.5080600000000001
      }
    }
  }
}