{
  "timestamp": "2025-07-11T21:33:49.033123",
  "benchmark_results": {
    "gemini-2.5-pro-mcp_automated_screenshoter": {
      "phases": {
        "1_order_generation": {
          "duration": 1.2701947689056396,
          "input_tokens": 700,
          "output_tokens": 26,
          "cost": 0.0006119999999999999
        },
        "2_case_gen_take_screenshot": {
          "duration": 27.628931760787964,
          "input_tokens": 2211,
          "output_tokens": 656,
          "cost": 0.0030808
        },
        "3_case_exec_take_screenshot": {
          "duration": 0.2749006748199463,
          "input_tokens": 0,
          "output_tokens": 0,
          "cost": 0
        },
        "2_case_gen_take_screenshot_image": {
          "duration": 34.74418044090271,
          "input_tokens": 54111,
          "output_tokens": 595,
          "cost": 0.04447879999999999
        },
        "3_case_exec_take_screenshot_image": {
          "duration": 0.25781893730163574,
          "input_tokens": 0,
          "output_tokens": 0,
          "cost": 0
        },
        "2_case_gen_take_screenshot_path": {
          "duration": 70.42390990257263,
          "input_tokens": 101510,
          "output_tokens": 612,
          "cost": 0.082432
        },
        "3_case_exec_take_screenshot_path": {
          "duration": 0.005050182342529297,
          "input_tokens": 0,
          "output_tokens": 0,
          "cost": 0
        },
        "4_report_generation": {
          "duration": 192.9722819328308,
          "input_tokens": 103662,
          "output_tokens": 1484,
          "cost": 0.08589759999999999
        }
      },
      "suite_summary": {
        "total_duration": 346.28387355804443,
        "total_llm_tokens": 265567,
        "total_cost": 0.21650119999999998
      }
    }
  }
}