{
  "timestamp": "2025-07-11T21:33:45.131139",
  "benchmark_results": {
    "qwen-plus-mcp_mysql_database_manager": {
      "phases": {
        "1_order_generation": {
          "duration": 1.5995895862579346,
          "input_tokens": 708,
          "output_tokens": 21,
          "cost": 0.0006084
        },
        "2_case_gen_list_resources": {
          "duration": 23.86132502555847,
          "input_tokens": 1627,
          "output_tokens": 633,
          "cost": 0.0025675999999999997
        },
        "3_case_exec_list_resources": {
          "duration": 0.20938539505004883,
          "input_tokens": 0,
          "output_tokens": 0,
          "cost": 0
        },
        "2_case_gen_read_resource": {
          "duration": 29.329115629196167,
          "input_tokens": 3118,
          "output_tokens": 836,
          "cost": 0.0041664
        },
        "3_case_exec_read_resource": {
          "duration": 0.0190432071685791,
          "input_tokens": 0,
          "output_tokens": 0,
          "cost": 0
        },
        "2_case_gen_execute_sql": {
          "duration": 18.22077488899231,
          "input_tokens": 6327,
          "output_tokens": 834,
          "cost": 0.0067296
        },
        "3_case_exec_execute_sql": {
          "duration": 0.208418607711792,
          "input_tokens": 0,
          "output_tokens": 0,
          "cost": 0
        },
        "4_report_generation": {
          "duration": 62.25300693511963,
          "input_tokens": 8785,
          "output_tokens": 1665,
          "cost": 0.010358
        }
      },
      "suite_summary": {
        "total_duration": 144.14578652381897,
        "total_llm_tokens": 24554,
        "total_cost": 0.02443
      }
    }
  }
}