{
  "timestamp": "2025-06-30T22:35:06.443727",
  "benchmark_results": {
    "mcp_flight_query_server_refined-server": {
      "phases": {
        "1_order_generation": {
          "duration": 1.5959904193878174,
          "input_tokens": 1437,
          "output_tokens": 19,
          "cost": 0.014750000000000001
        },
        "2_case_gen_search_flights": {
          "duration": 30.730915546417236,
          "input_tokens": 2840,
          "output_tokens": 1021,
          "cost": 0.04882
        },
        "3_case_exec_search_flights": {
          "duration": 0.4079740047454834,
          "input_tokens": 0,
          "output_tokens": 0,
          "cost": 0
        },
        "2_case_gen_get_offer_details": {
          "duration": 18.710094928741455,
          "input_tokens": 4912,
          "output_tokens": 527,
          "cost": 0.059660000000000005
        },
        "3_case_exec_get_offer_details": {
          "duration": 0.004954338073730469,
          "input_tokens": 0,
          "output_tokens": 0,
          "cost": 0
        },
        "2_case_gen_search_multi_city": {
          "duration": 48.06169056892395,
          "input_tokens": 6288,
          "output_tokens": 1595,
          "cost": 0.09478
        },
        "3_case_exec_search_multi_city": {
          "duration": 0.4295804500579834,
          "input_tokens": 0,
          "output_tokens": 0,
          "cost": 0
        },
        "4_report_generation": {
          "duration": 46.125871658325195,
          "input_tokens": 8891,
          "output_tokens": 1441,
          "cost": 0.11773
        }
      },
      "suite_summary": {
        "total_duration": 157.5906355381012,
        "total_llm_tokens": 28971,
        "total_cost": 0.33574000000000004
      }
    }
  }
}