{
  "timestamp": "2025-07-11T21:33:50.609687",
  "benchmark_results": {
    "qwen-plus-mcp_screenshot_automation": {
      "phases": {
        "1_order_generation": {
          "duration": 1.0619864463806152,
          "input_tokens": 639,
          "output_tokens": 21,
          "cost": 0.0005532
        },
        "2_case_gen_take_screenshot": {
          "duration": 18.623780012130737,
          "input_tokens": 1632,
          "output_tokens": 564,
          "cost": 0.0024335999999999997
        },
        "3_case_exec_take_screenshot": {
          "duration": 0.18221449851989746,
          "input_tokens": 0,
          "output_tokens": 0,
          "cost": 0
        },
        "2_case_gen_take_screenshot_image": {
          "duration": 29.299402952194214,
          "input_tokens": 2927,
          "output_tokens": 564,
          "cost": 0.0034695999999999998
        },
        "3_case_exec_take_screenshot_image": {
          "duration": 0.2747628688812256,
          "input_tokens": 0,
          "output_tokens": 0,
          "cost": 0
        },
        "2_case_gen_take_screenshot_path": {
          "duration": 92.32497882843018,
          "input_tokens": 55367,
          "output_tokens": 986,
          "cost": 0.0462656
        },
        "3_case_exec_take_screenshot_path": {
          "duration": 0.17373442649841309,
          "input_tokens": 0,
          "output_tokens": 0,
          "cost": 0
        },
        "4_report_generation": {
          "duration": 148.76769948005676,
          "input_tokens": 57688,
          "output_tokens": 1559,
          "cost": 0.049268400000000004
        }
      },
      "suite_summary": {
        "total_duration": 299.74637150764465,
        "total_llm_tokens": 121947,
        "total_cost": 0.10199040000000001
      }
    }
  }
}