{
  "timestamp": "2025-07-01T18:34:03.718978",
  "benchmark_results": {
    "mcp_search_images-main-server": {
      "phases": {
        "1_order_generation": {
          "duration": 1.9444072246551514,
          "input_tokens": 807,
          "output_tokens": 21,
          "cost": 0.008490000000000001
        },
        "2_case_gen_search_images": {
          "duration": 22.949886322021484,
          "input_tokens": 1843,
          "output_tokens": 755,
          "cost": 0.033530000000000004
        },
        "3_case_exec_search_images": {
          "duration": 0.8684942722320557,
          "input_tokens": 0,
          "output_tokens": 0,
          "cost": 0
        },
        "2_case_gen_download_image": {
          "duration": 52.265451192855835,
          "input_tokens": 6805,
          "output_tokens": 1536,
          "cost": 0.09877
        },
        "3_case_exec_download_image": {
          "duration": 0.9231975078582764,
          "input_tokens": 0,
          "output_tokens": 0,
          "cost": 0
        },
        "2_case_gen_generate_icon": {
          "duration": 34.36296248435974,
          "input_tokens": 10178,
          "output_tokens": 1053,
          "cost": 0.12284
        },
        "3_case_exec_generate_icon": {
          "duration": 0.8619976043701172,
          "input_tokens": 0,
          "output_tokens": 0,
          "cost": 0
        },
        "4_report_generation": {
          "duration": 47.40516233444214,
          "input_tokens": 12858,
          "output_tokens": 1556,
          "cost": 0.1597
        }
      },
      "suite_summary": {
        "total_duration": 235.71361804008484,
        "total_llm_tokens": 37412,
        "total_cost": 0.42333000000000004
      }
    }
  }
}