{
  "timestamp": "2025-07-01T17:03:37.943577",
  "benchmark_results": {
    "opencv-mcp-server-main-server": {
      "phases": {
        "1_order_generation": {
          "duration": 7.632845163345337,
          "input_tokens": 3992,
          "output_tokens": 68,
          "cost": 0.041280000000000004
        },
        "2_case_gen_save_image_tool": {
          "duration": 34.08727288246155,
          "input_tokens": 2999,
          "output_tokens": 1097,
          "cost": 0.051930000000000004
        },
        "3_case_exec_save_image_tool": {
          "duration": 0.025255203247070312,
          "input_tokens": 0,
          "output_tokens": 0,
          "cost": 0
        },
        "2_case_gen_get_image_stats_tool": {
          "duration": 32.80414819717407,
          "input_tokens": 5590,
          "output_tokens": 885,
          "cost": 0.0736
        },
        "3_case_exec_get_image_stats_tool": {
          "duration": 0.014073848724365234,
          "input_tokens": 0,
          "output_tokens": 0,
          "cost": 0
        },
        "2_case_gen_resize_image_tool": {
          "duration": 37.09542226791382,
          "input_tokens": 8417,
          "output_tokens": 1030,
          "cost": 0.10477
        },
        "3_case_exec_resize_image_tool": {
          "duration": 0.04935908317565918,
          "input_tokens": 0,
          "output_tokens": 0,
          "cost": 0
        },
        "2_case_gen_crop_image_tool": {
          "duration": 55.71895718574524,
          "input_tokens": 11334,
          "output_tokens": 1204,
          "cost": 0.13742000000000001
        },
        "3_case_exec_crop_image_tool": {
          "duration": 0.01508021354675293,
          "input_tokens": 0,
          "output_tokens": 0,
          "cost": 0
        },
        "2_case_gen_apply_filter_tool": {
          "duration": 37.41680598258972,
          "input_tokens": 15398,
          "output_tokens": 1065,
          "cost": 0.17528000000000002
        },
        "3_case_exec_apply_filter_tool": {
          "duration": 0.018188953399658203,
          "input_tokens": 0,
          "output_tokens": 0,
          "cost": 0
        },
        "2_case_gen_detect_edges_tool": {
          "duration": 42.838977336883545,
          "input_tokens": 17324,
          "output_tokens": 1031,
          "cost": 0.19386
        },
        "3_case_exec_detect_edges_tool": {
          "duration": 0.021614551544189453,
          "input_tokens": 0,
          "output_tokens": 0,
          "cost": 0
        },
        "2_case_gen_apply_threshold_tool": {
          "duration": 42.77740693092346,
          "input_tokens": 20243,
          "output_tokens": 1018,
          "cost": 0.22279000000000004
        },
        "3_case_exec_apply_threshold_tool": {
          "duration": 0.5708193778991699,
          "input_tokens": 0,
          "output_tokens": 0,
          "cost": 0
        },
        "2_case_gen_detect_contours_tool": {
          "duration": 40.536054611206055,
          "input_tokens": 23591,
          "output_tokens": 925,
          "cost": 0.25441
        },
        "3_case_exec_detect_contours_tool": {
          "duration": 0.7840960025787354,
          "input_tokens": 0,
          "output_tokens": 0,
          "cost": 0
        },
        "2_case_gen_find_shapes_tool": {
          "duration": 57.741528272628784,
          "input_tokens": 28500,
          "output_tokens": 1092,
          "cost": 0.30684000000000006
        },
        "3_case_exec_find_shapes_tool": {
          "duration": 0.7960915565490723,
          "input_tokens": 0,
          "output_tokens": 0,
          "cost": 0
        },
        "2_case_gen_match_template_tool": {
          "duration": 178.88714790344238,
          "input_tokens": 32920,
          "output_tokens": 993,
          "cost": 0.34906000000000004
        },
        "3_case_exec_match_template_tool": {
          "duration": 0.848167896270752,
          "input_tokens": 0,
          "output_tokens": 0,
          "cost": 0
        },
        "4_report_generation": {
          "duration": 59.91200518608093,
          "input_tokens": 38935,
          "output_tokens": 2113,
          "cost": 0.43161000000000005
        }
      },
      "suite_summary": {
        "total_duration": 655.3174962997437,
        "total_llm_tokens": 221764,
        "total_cost": 2.3428500000000003
      }
    }
  }
}