{
  "timestamp": "2025-06-30T22:35:08.034569",
  "benchmark_results": {
    "mcp_text_file_processor_refined-server": {
      "phases": {
        "1_order_generation": {
          "duration": 3.926374673843384,
          "input_tokens": 1379,
          "output_tokens": 34,
          "cost": 0.014470000000000002
        },
        "2_case_gen_get_text_file_contents": {
          "duration": 37.20791792869568,
          "input_tokens": 3150,
          "output_tokens": 979,
          "cost": 0.05108
        },
        "3_case_exec_get_text_file_contents": {
          "duration": 0.02928018569946289,
          "input_tokens": 0,
          "output_tokens": 0,
          "cost": 0
        },
        "2_case_gen_append_text_file_contents": {
          "duration": 38.06819272041321,
          "input_tokens": 6063,
          "output_tokens": 1069,
          "cost": 0.08201
        },
        "3_case_exec_append_text_file_contents": {
          "duration": 0.010000944137573242,
          "input_tokens": 0,
          "output_tokens": 0,
          "cost": 0
        },
        "2_case_gen_insert_text_file_contents": {
          "duration": 43.114030599594116,
          "input_tokens": 7837,
          "output_tokens": 1192,
          "cost": 0.10221000000000001
        },
        "3_case_exec_insert_text_file_contents": {
          "duration": 0.006006479263305664,
          "input_tokens": 0,
          "output_tokens": 0,
          "cost": 0
        },
        "2_case_gen_delete_text_file_contents": {
          "duration": 36.31654644012451,
          "input_tokens": 10186,
          "output_tokens": 1102,
          "cost": 0.12390000000000001
        },
        "3_case_exec_delete_text_file_contents": {
          "duration": 0.00799870491027832,
          "input_tokens": 0,
          "output_tokens": 0,
          "cost": 0
        },
        "4_report_generation": {
          "duration": 52.991867780685425,
          "input_tokens": 11692,
          "output_tokens": 1606,
          "cost": 0.14904
        }
      },
      "suite_summary": {
        "total_duration": 213.94076919555664,
        "total_llm_tokens": 46289,
        "total_cost": 0.52271
      }
    }
  }
}