{
  "timestamp": "2025-07-01T17:03:36.793044",
  "benchmark_results": {
    "mcp-text-editor-main-server": {
      "phases": {
        "1_order_generation": {
          "duration": 2.2860140800476074,
          "input_tokens": 1969,
          "output_tokens": 47,
          "cost": 0.020630000000000003
        },
        "2_case_gen_create_text_file": {
          "duration": 55.89986562728882,
          "input_tokens": 3499,
          "output_tokens": 1119,
          "cost": 0.057370000000000004
        },
        "3_case_exec_create_text_file": {
          "duration": 0.004087686538696289,
          "input_tokens": 0,
          "output_tokens": 0,
          "cost": 0
        },
        "2_case_gen_get_text_file_contents": {
          "duration": 50.954888343811035,
          "input_tokens": 6696,
          "output_tokens": 1475,
          "cost": 0.09646
        },
        "3_case_exec_get_text_file_contents": {
          "duration": 0.017078399658203125,
          "input_tokens": 0,
          "output_tokens": 0,
          "cost": 0
        },
        "2_case_gen_append_text_file_contents": {
          "duration": 63.09153652191162,
          "input_tokens": 9931,
          "output_tokens": 1707,
          "cost": 0.13345
        },
        "3_case_exec_append_text_file_contents": {
          "duration": 0.006005764007568359,
          "input_tokens": 0,
          "output_tokens": 0,
          "cost": 0
        },
        "2_case_gen_insert_text_file_contents": {
          "duration": 63.98890781402588,
          "input_tokens": 12994,
          "output_tokens": 1752,
          "cost": 0.16498000000000002
        },
        "3_case_exec_insert_text_file_contents": {
          "duration": 0.010626077651977539,
          "input_tokens": 0,
          "output_tokens": 0,
          "cost": 0
        },
        "2_case_gen_delete_text_file_contents": {
          "duration": 84.10442900657654,
          "input_tokens": 16430,
          "output_tokens": 2481,
          "cost": 0.21392
        },
        "3_case_exec_delete_text_file_contents": {
          "duration": 0.017040252685546875,
          "input_tokens": 0,
          "output_tokens": 0,
          "cost": 0
        },
        "2_case_gen_patch_text_file_contents": {
          "duration": 149.4640498161316,
          "input_tokens": 19597,
          "output_tokens": 2787,
          "cost": 0.25171
        },
        "3_case_exec_patch_text_file_contents": {
          "duration": 0.018037080764770508,
          "input_tokens": 0,
          "output_tokens": 0,
          "cost": 0
        },
        "4_report_generation": {
          "duration": 75.26861619949341,
          "input_tokens": 23730,
          "output_tokens": 1523,
          "cost": 0.26776
        }
      },
      "suite_summary": {
        "total_duration": 548.001841545105,
        "total_llm_tokens": 107737,
        "total_cost": 1.20628
      }
    }
  }
}