{
  "timestamp": "2025-07-01T17:03:34.315767",
  "benchmark_results": {
    "academic-search-mcp-server-master-server": {
      "phases": {
        "1_order_generation": {
          "duration": 1.5843064785003662,
          "input_tokens": 704,
          "output_tokens": 24,
          "cost": 0.007520000000000001
        },
        "2_case_gen_search_papers": {
          "duration": 20.242464780807495,
          "input_tokens": 1101,
          "output_tokens": 698,
          "cost": 0.024970000000000003
        },
        "3_case_exec_search_papers": {
          "duration": 9.743702173233032,
          "input_tokens": 0,
          "output_tokens": 0,
          "cost": 0
        },
        "2_case_gen_search_by_topic": {
          "duration": 29.170096397399902,
          "input_tokens": 7508,
          "output_tokens": 878,
          "cost": 0.09264000000000001
        },
        "3_case_exec_search_by_topic": {
          "duration": 22.4998779296875,
          "input_tokens": 0,
          "output_tokens": 0,
          "cost": 0
        },
        "2_case_gen_fetch_paper_details": {
          "duration": 29.06317138671875,
          "input_tokens": 10879,
          "output_tokens": 725,
          "cost": 0.12329000000000001
        },
        "3_case_exec_fetch_paper_details": {
          "duration": 1.4209074974060059,
          "input_tokens": 0,
          "output_tokens": 0,
          "cost": 0
        },
        "4_report_generation": {
          "duration": 48.54727554321289,
          "input_tokens": 11492,
          "output_tokens": 1582,
          "cost": 0.14656000000000002
        }
      },
      "suite_summary": {
        "total_duration": 379.199059009552,
        "total_llm_tokens": 35591,
        "total_cost": 0.39498000000000005
      }
    }
  }
}