{
  "timestamp": "2025-06-30T22:05:19.559274",
  "benchmark_results": {
    "mcp-tavily-main-server": {
      "phases": {
        "1_order_generation": {
          "duration": 1.4482331275939941,
          "input_tokens": 1880,
          "output_tokens": 30,
          "cost": 0.0194
        },
        "2_case_gen_tavily_web_search": {
          "duration": 19.739981651306152,
          "input_tokens": 2040,
          "output_tokens": 634,
          "cost": 0.03308
        },
        "3_case_exec_tavily_web_search": {
          "duration": 2.842582941055298,
          "input_tokens": 0,
          "output_tokens": 0,
          "cost": 0
        },
        "2_case_gen_tavily_answer_search": {
          "duration": 26.79265284538269,
          "input_tokens": 4847,
          "output_tokens": 870,
          "cost": 0.06587000000000001
        },
        "3_case_exec_tavily_answer_search": {
          "duration": 4.512010335922241,
          "input_tokens": 0,
          "output_tokens": 0,
          "cost": 0
        },
        "2_case_gen_tavily_news_search": {
          "duration": 19.87015676498413,
          "input_tokens": 8775,
          "output_tokens": 694,
          "cost": 0.10163000000000001
        },
        "3_case_exec_tavily_news_search": {
          "duration": 1.935197114944458,
          "input_tokens": 0,
          "output_tokens": 0,
          "cost": 0
        },
        "4_report_generation": {
          "duration": 42.916409492492676,
          "input_tokens": 13271,
          "output_tokens": 1277,
          "cost": 0.15825000000000003
        }
      },
      "suite_summary": {
        "total_duration": 226.44728565216064,
        "total_llm_tokens": 34318,
        "total_cost": 0.37823000000000007
      }
    }
  }
}