{
  "timestamp": "2025-07-11T21:33:50.847980",
  "benchmark_results": {
    "gemini-2.5-pro-mcp_zotero_library_manager": {
      "phases": {
        "1_order_generation": {
          "duration": 3.5379879474639893,
          "input_tokens": 936,
          "output_tokens": 24,
          "cost": 0.0007968
        },
        "2_case_gen_search_items": {
          "duration": 25.05616807937622,
          "input_tokens": 2081,
          "output_tokens": 739,
          "cost": 0.0031428
        },
        "3_case_exec_search_items": {
          "duration": 3.042668104171753,
          "input_tokens": 0,
          "output_tokens": 0,
          "cost": 0
        },
        "2_case_gen_get_item_metadata": {
          "duration": 31.094116687774658,
          "input_tokens": 7874,
          "output_tokens": 795,
          "cost": 0.007889199999999999
        },
        "3_case_exec_get_item_metadata": {
          "duration": 0.6849205493927002,
          "input_tokens": 0,
          "output_tokens": 0,
          "cost": 0
        },
        "2_case_gen_get_item_fulltext": {
          "duration": 27.35398030281067,
          "input_tokens": 16001,
          "output_tokens": 781,
          "cost": 0.014362799999999998
        },
        "3_case_exec_get_item_fulltext": {
          "duration": 1.2678883075714111,
          "input_tokens": 0,
          "output_tokens": 0,
          "cost": 0
        },
        "4_report_generation": {
          "duration": 62.847461462020874,
          "input_tokens": 18115,
          "output_tokens": 1606,
          "cost": 0.017704
        }
      },
      "suite_summary": {
        "total_duration": 217.40966415405273,
        "total_llm_tokens": 48952,
        "total_cost": 0.04389559999999999
      }
    }
  }
}