{
  "timestamp": "2025-07-01T18:34:04.574359",
  "benchmark_results": {
    "huggingface-mcp-server-main-server": {
      "phases": {
        "1_order_generation": {
          "duration": 3.6140458583831787,
          "input_tokens": 1330,
          "output_tokens": 69,
          "cost": 0.014680000000000002
        },
        "2_case_gen_search-models": {
          "duration": 34.395638942718506,
          "input_tokens": 1181,
          "output_tokens": 753,
          "cost": 0.02687
        },
        "3_case_exec_search-models": {
          "duration": 0.7151598930358887,
          "input_tokens": 0,
          "output_tokens": 0,
          "cost": 0
        },
        "2_case_gen_get-model-info": {
          "duration": 22.85363245010376,
          "input_tokens": 8552,
          "output_tokens": 608,
          "cost": 0.09768000000000002
        },
        "3_case_exec_get-model-info": {
          "duration": 0.36600351333618164,
          "input_tokens": 0,
          "output_tokens": 0,
          "cost": 0
        },
        "2_case_gen_search-datasets": {
          "duration": 20.72681212425232,
          "input_tokens": 10743,
          "output_tokens": 752,
          "cost": 0.12247000000000001
        },
        "3_case_exec_search-datasets": {
          "duration": 0.4682426452636719,
          "input_tokens": 0,
          "output_tokens": 0,
          "cost": 0
        },
        "2_case_gen_get-dataset-info": {
          "duration": 15.49558138847351,
          "input_tokens": 12166,
          "output_tokens": 490,
          "cost": 0.13146
        },
        "3_case_exec_get-dataset-info": {
          "duration": 0.3469207286834717,
          "input_tokens": 0,
          "output_tokens": 0,
          "cost": 0
        },
        "2_case_gen_search-spaces": {
          "duration": 24.01689577102661,
          "input_tokens": 10448,
          "output_tokens": 869,
          "cost": 0.12186000000000001
        },
        "3_case_exec_search-spaces": {
          "duration": 0.35994577407836914,
          "input_tokens": 0,
          "output_tokens": 0,
          "cost": 0
        },
        "2_case_gen_get-space-info": {
          "duration": 26.1017107963562,
          "input_tokens": 14076,
          "output_tokens": 621,
          "cost": 0.15318000000000004
        },
        "3_case_exec_get-space-info": {
          "duration": 0.37351417541503906,
          "input_tokens": 0,
          "output_tokens": 0,
          "cost": 0
        },
        "2_case_gen_get-daily-papers": {
          "duration": 14.87254285812378,
          "input_tokens": 15988,
          "output_tokens": 384,
          "cost": 0.16756000000000001
        },
        "3_case_exec_get-daily-papers": {
          "duration": 0.47097253799438477,
          "input_tokens": 0,
          "output_tokens": 0,
          "cost": 0
        },
        "2_case_gen_get-paper-info": {
          "duration": 28.061866521835327,
          "input_tokens": 19154,
          "output_tokens": 695,
          "cost": 0.20544
        },
        "3_case_exec_get-paper-info": {
          "duration": 0.4076526165008545,
          "input_tokens": 0,
          "output_tokens": 0,
          "cost": 0
        },
        "2_case_gen_search-collections": {
          "duration": 27.41487956047058,
          "input_tokens": 20992,
          "output_tokens": 815,
          "cost": 0.22622000000000003
        },
        "3_case_exec_search-collections": {
          "duration": 0.5801172256469727,
          "input_tokens": 0,
          "output_tokens": 0,
          "cost": 0
        },
        "2_case_gen_get-collection-info": {
          "duration": 118.47592544555664,
          "input_tokens": 24505,
          "output_tokens": 651,
          "cost": 0.25807
        },
        "3_case_exec_get-collection-info": {
          "duration": 0.3628087043762207,
          "input_tokens": 0,
          "output_tokens": 0,
          "cost": 0
        },
        "4_report_generation": {
          "duration": 59.403422355651855,
          "input_tokens": 26779,
          "output_tokens": 1419,
          "cost": 0.29617000000000004
        }
      },
      "suite_summary": {
        "total_duration": 496.3572750091553,
        "total_llm_tokens": 174040,
        "total_cost": 1.8216600000000003
      }
    }
  }
}