{
  "timestamp": "2025-07-01T17:28:35.797690",
  "benchmark_results": {
    "outlook_mcp_server_refined-server": {
      "phases": {
        "1_order_generation": {
          "duration": 1.8179409503936768,
          "input_tokens": 1688,
          "output_tokens": 42,
          "cost": 0.017720000000000003
        },
        "2_case_gen_list_folders": {
          "duration": 26.131820917129517,
          "input_tokens": 3321,
          "output_tokens": 623,
          "cost": 0.04567
        },
        "3_case_exec_list_folders": {
          "duration": 0.18200922012329102,
          "input_tokens": 0,
          "output_tokens": 0,
          "cost": 0
        },
        "2_case_gen_list_recent_emails": {
          "duration": 35.023478507995605,
          "input_tokens": 5099,
          "output_tokens": 738,
          "cost": 0.06575
        },
        "3_case_exec_list_recent_emails": {
          "duration": 0.17808246612548828,
          "input_tokens": 0,
          "output_tokens": 0,
          "cost": 0
        },
        "2_case_gen_search_emails": {
          "duration": 26.631189584732056,
          "input_tokens": 7254,
          "output_tokens": 821,
          "cost": 0.08896000000000001
        },
        "3_case_exec_search_emails": {
          "duration": 0.1476268768310547,
          "input_tokens": 0,
          "output_tokens": 0,
          "cost": 0
        },
        "2_case_gen_get_email_by_number": {
          "duration": 28.524704694747925,
          "input_tokens": 9048,
          "output_tokens": 753,
          "cost": 0.10554000000000001
        },
        "3_case_exec_get_email_by_number": {
          "duration": 0.018997907638549805,
          "input_tokens": 0,
          "output_tokens": 0,
          "cost": 0
        },
        "2_case_gen_reply_to_email_by_number": {
          "duration": 26.36063528060913,
          "input_tokens": 10671,
          "output_tokens": 847,
          "cost": 0.12365000000000001
        },
        "3_case_exec_reply_to_email_by_number": {
          "duration": 0.044165849685668945,
          "input_tokens": 0,
          "output_tokens": 0,
          "cost": 0
        },
        "2_case_gen_compose_email": {
          "duration": 44.607210874557495,
          "input_tokens": 12833,
          "output_tokens": 1115,
          "cost": 0.15063
        },
        "3_case_exec_compose_email": {
          "duration": 10.539841651916504,
          "input_tokens": 0,
          "output_tokens": 0,
          "cost": 0
        },
        "4_report_generation": {
          "duration": 60.637808084487915,
          "input_tokens": 14016,
          "output_tokens": 1660,
          "cost": 0.17336000000000001
        }
      },
      "suite_summary": {
        "total_duration": 462.55105566978455,
        "total_llm_tokens": 70529,
        "total_cost": 0.77128
      }
    }
  }
}