{
  "timestamp": "2025-07-11T21:33:42.071204",
  "benchmark_results": {
    "gpt-4o-mcp_tavily_web_tools": {
      "phases": {
        "1_order_generation": {
          "duration": 3.855706214904785,
          "input_tokens": 1252,
          "output_tokens": 25,
          "cost": 0.0010516
        },
        "2_case_gen_tavily_web_search": {
          "duration": 30.558165788650513,
          "input_tokens": 1560,
          "output_tokens": 797,
          "cost": 0.002842
        },
        "3_case_exec_tavily_web_search": {
          "duration": 0.004275083541870117,
          "input_tokens": 0,
          "output_tokens": 0,
          "cost": 0
        },
        "2_case_gen_tavily_answer_search": {
          "duration": 31.463932991027832,
          "input_tokens": 8094,
          "output_tokens": 783,
          "cost": 0.0080412
        },
        "3_case_exec_tavily_answer_search": {
          "duration": 0.00852203369140625,
          "input_tokens": 0,
          "output_tokens": 0,
          "cost": 0
        },
        "2_case_gen_tavily_news_search": {
          "duration": 51.94828772544861,
          "input_tokens": 20097,
          "output_tokens": 1197,
          "cost": 0.0184716
        },
        "3_case_exec_tavily_news_search": {
          "duration": 0.004000663757324219,
          "input_tokens": 0,
          "output_tokens": 0,
          "cost": 0
        },
        "4_report_generation": {
          "duration": 55.40166616439819,
          "input_tokens": 23927,
          "output_tokens": 1409,
          "cost": 0.0219596
        }
      },
      "suite_summary": {
        "total_duration": 294.5979075431824,
        "total_llm_tokens": 59141,
        "total_cost": 0.052365999999999996
      }
    }
  }
}