{
  "timestamp": "2025-07-01T17:03:32.451609",
  "benchmark_results": {
    "markitdown-main-server": {
      "phases": {
        "1_order_generation": {
          "duration": 0.6630227565765381,
          "input_tokens": 187,
          "output_tokens": 10,
          "cost": 0.0020700000000000002
        },
        "2_case_gen_convert_to_markdown": {
          "duration": 37.07512402534485,
          "input_tokens": 1065,
          "output_tokens": 917,
          "cost": 0.028990000000000002
        },
        "3_case_exec_convert_to_markdown": {
          "duration": 0.04969215393066406,
          "input_tokens": 0,
          "output_tokens": 0,
          "cost": 0
        },
        "4_report_generation": {
          "duration": 60.48074221611023,
          "input_tokens": 3743,
          "output_tokens": 1666,
          "cost": 0.07075000000000001
        }
      },
      "suite_summary": {
        "total_duration": 109.3606390953064,
        "total_llm_tokens": 7588,
        "total_cost": 0.10181000000000001
      }
    }
  }
}