{
  "timestamp": "2025-07-11T21:33:41.041580",
  "benchmark_results": {
    "gemini-2.5-pro-mcp_pdf_toolkit": {
      "phases": {
        "1_order_generation": {
          "duration": 1.6746788024902344,
          "input_tokens": 1428,
          "output_tokens": 37,
          "cost": 0.0012164
        },
        "2_case_gen_search_pdfs": {
          "duration": 40.389854192733765,
          "input_tokens": 1411,
          "output_tokens": 1023,
          "cost": 0.0031748
        },
        "3_case_exec_search_pdfs": {
          "duration": 0.008322954177856445,
          "input_tokens": 0,
          "output_tokens": 0,
          "cost": 0
        },
        "2_case_gen_merge_pdfs": {
          "duration": 67.7534818649292,
          "input_tokens": 3193,
          "output_tokens": 1640,
          "cost": 0.0058344
        },
        "3_case_exec_merge_pdfs": {
          "duration": 0.19542598724365234,
          "input_tokens": 0,
          "output_tokens": 0,
          "cost": 0
        },
        "2_case_gen_extract_pages": {
          "duration": 52.68072247505188,
          "input_tokens": 6015,
          "output_tokens": 1500,
          "cost": 0.0078119999999999995
        },
        "3_case_exec_extract_pages": {
          "duration": 0.03159976005554199,
          "input_tokens": 0,
          "output_tokens": 0,
          "cost": 0
        },
        "2_case_gen_find_related_pdfs": {
          "duration": 47.81884169578552,
          "input_tokens": 6451,
          "output_tokens": 1339,
          "cost": 0.0078388
        },
        "3_case_exec_find_related_pdfs": {
          "duration": 0.017849445343017578,
          "input_tokens": 0,
          "output_tokens": 0,
          "cost": 0
        },
        "2_case_gen_merge_pdfs_ordered": {
          "duration": 57.6672465801239,
          "input_tokens": 5771,
          "output_tokens": 1577,
          "cost": 0.0077708
        },
        "3_case_exec_merge_pdfs_ordered": {
          "duration": 0.054737091064453125,
          "input_tokens": 0,
          "output_tokens": 0,
          "cost": 0
        },
        "4_report_generation": {
          "duration": 77.46619772911072,
          "input_tokens": 14617,
          "output_tokens": 1811,
          "cost": 0.0153156
        }
      },
      "suite_summary": {
        "total_duration": 354.0055866241455,
        "total_llm_tokens": 47813,
        "total_cost": 0.0489628
      }
    }
  }
}