{
  "timestamp": "2025-07-11T21:33:37.523641",
  "benchmark_results": {
    "gemini-2.5-pro-mcp_image_format_converter": {
      "phases": {
        "1_order_generation": {
          "duration": 0.5987269878387451,
          "input_tokens": 495,
          "output_tokens": 8,
          "cost": 0.000412
        },
        "2_case_gen_convert_image": {
          "duration": 53.47335886955261,
          "input_tokens": 1872,
          "output_tokens": 1263,
          "cost": 0.0040236000000000004
        },
        "3_case_exec_convert_image": {
          "duration": 0.0030035972595214844,
          "input_tokens": 0,
          "output_tokens": 0,
          "cost": 0
        },
        "4_report_generation": {
          "duration": 50.44146227836609,
          "input_tokens": 3977,
          "output_tokens": 1275,
          "cost": 0.0057316
        }
      },
      "suite_summary": {
        "total_duration": 106.63796830177307,
        "total_llm_tokens": 8890,
        "total_cost": 0.010167200000000001
      }
    }
  }
}