{
  "timestamp": "2025-06-30T22:35:05.008558",
  "benchmark_results": {
    "everything_mcp_server_refined-server": {
      "phases": {
        "1_order_generation": {
          "duration": 0.8606810569763184,
          "input_tokens": 609,
          "output_tokens": 11,
          "cost": 0.0063100000000000005
        },
        "2_case_gen_search_files_with_everything": {
          "duration": 21.914814233779907,
          "input_tokens": 1932,
          "output_tokens": 671,
          "cost": 0.032740000000000005
        },
        "3_case_exec_search_files_with_everything": {
          "duration": 0.026015043258666992,
          "input_tokens": 0,
          "output_tokens": 0,
          "cost": 0
        },
        "4_report_generation": {
          "duration": 54.922337770462036,
          "input_tokens": 3481,
          "output_tokens": 1758,
          "cost": 0.06997
        }
      },
      "suite_summary": {
        "total_duration": 83.04645848274231,
        "total_llm_tokens": 8462,
        "total_cost": 0.10902
      }
    }
  }
}