{
  "timestamp": "2025-07-01T17:03:36.309839",
  "benchmark_results": {
    "mcp-official-git-server": {
      "phases": {
        "1_order_generation": {
          "duration": 5.304553985595703,
          "input_tokens": 1419,
          "output_tokens": 72,
          "cost": 0.01563
        },
        "2_case_gen_git_init": {
          "duration": 22.92925262451172,
          "input_tokens": 1050,
          "output_tokens": 722,
          "cost": 0.024940000000000004
        },
        "3_case_exec_git_init": {
          "duration": 4.1520140171051025,
          "input_tokens": 0,
          "output_tokens": 0,
          "cost": 0
        },
        "2_case_gen_git_status": {
          "duration": 35.64501333236694,
          "input_tokens": 4793,
          "output_tokens": 813,
          "cost": 0.06419000000000001
        },
        "3_case_exec_git_status": {
          "duration": 0.11451864242553711,
          "input_tokens": 0,
          "output_tokens": 0,
          "cost": 0
        },
        "2_case_gen_git_diff_unstaged": {
          "duration": 45.27640986442566,
          "input_tokens": 7446,
          "output_tokens": 959,
          "cost": 0.09364000000000001
        },
        "3_case_exec_git_diff_unstaged": {
          "duration": 0.16573190689086914,
          "input_tokens": 0,
          "output_tokens": 0,
          "cost": 0
        },
        "2_case_gen_git_add": {
          "duration": 98.54027938842773,
          "input_tokens": 9060,
          "output_tokens": 1404,
          "cost": 0.11868000000000001
        },
        "3_case_exec_git_add": {
          "duration": 4.128014802932739,
          "input_tokens": 0,
          "output_tokens": 0,
          "cost": 0
        },
        "2_case_gen_git_diff_staged": {
          "duration": 27.548274993896484,
          "input_tokens": 10575,
          "output_tokens": 767,
          "cost": 0.12109000000000002
        },
        "3_case_exec_git_diff_staged": {
          "duration": 3.5378031730651855,
          "input_tokens": 0,
          "output_tokens": 0,
          "cost": 0
        },
        "2_case_gen_git_commit": {
          "duration": 25.85634160041809,
          "input_tokens": 12650,
          "output_tokens": 835,
          "cost": 0.1432
        },
        "3_case_exec_git_commit": {
          "duration": 4.089758634567261,
          "input_tokens": 0,
          "output_tokens": 0,
          "cost": 0
        },
        "2_case_gen_git_log": {
          "duration": 29.04778790473938,
          "input_tokens": 14596,
          "output_tokens": 752,
          "cost": 0.161
        },
        "3_case_exec_git_log": {
          "duration": 0.7151968479156494,
          "input_tokens": 0,
          "output_tokens": 0,
          "cost": 0
        },
        "2_case_gen_git_diff": {
          "duration": 32.63425302505493,
          "input_tokens": 17000,
          "output_tokens": 653,
          "cost": 0.18306
        },
        "3_case_exec_git_diff": {
          "duration": 4.142015218734741,
          "input_tokens": 0,
          "output_tokens": 0,
          "cost": 0
        },
        "2_case_gen_git_create_branch": {
          "duration": 27.773456573486328,
          "input_tokens": 18450,
          "output_tokens": 882,
          "cost": 0.20214000000000004
        },
        "3_case_exec_git_create_branch": {
          "duration": 0.31455206871032715,
          "input_tokens": 0,
          "output_tokens": 0,
          "cost": 0
        },
        "2_case_gen_git_checkout": {
          "duration": 32.51554608345032,
          "input_tokens": 19133,
          "output_tokens": 761,
          "cost": 0.20655000000000004
        },
        "3_case_exec_git_checkout": {
          "duration": 4.146018743515015,
          "input_tokens": 0,
          "output_tokens": 0,
          "cost": 0
        },
        "2_case_gen_git_show": {
          "duration": 37.39474177360535,
          "input_tokens": 20754,
          "output_tokens": 729,
          "cost": 0.22212000000000004
        },
        "3_case_exec_git_show": {
          "duration": 0.591998815536499,
          "input_tokens": 0,
          "output_tokens": 0,
          "cost": 0
        },
        "2_case_gen_git_reset": {
          "duration": 23.20043134689331,
          "input_tokens": 22278,
          "output_tokens": 521,
          "cost": 0.23320000000000002
        },
        "3_case_exec_git_reset": {
          "duration": 4.096741437911987,
          "input_tokens": 0,
          "output_tokens": 0,
          "cost": 0
        },
        "4_report_generation": {
          "duration": 63.83753943443298,
          "input_tokens": 23129,
          "output_tokens": 1440,
          "cost": 0.26009000000000004
        }
      },
      "suite_summary": {
        "total_duration": 573.3089172840118,
        "total_llm_tokens": 193643,
        "total_cost": 2.0495300000000003
      }
    }
  }
}