{
  "timestamp": "2025-07-11T21:33:40.009397",
  "benchmark_results": {
    "gpt-4o-mcp_automated_data_analysis": {
      "phases": {
        "1_order_generation": {
          "duration": 0.9912900924682617,
          "input_tokens": 659,
          "output_tokens": 17,
          "cost": 0.0005612
        },
        "2_case_gen_load_csv": {
          "duration": 33.91223192214966,
          "input_tokens": 1422,
          "output_tokens": 1078,
          "cost": 0.0032936
        },
        "3_case_exec_load_csv": {
          "duration": 0.007001161575317383,
          "input_tokens": 0,
          "output_tokens": 0,
          "cost": 0
        },
        "2_case_gen_explore_data": {
          "duration": 33.798957109451294,
          "input_tokens": 3399,
          "output_tokens": 766,
          "cost": 0.0042512
        },
        "3_case_exec_explore_data": {
          "duration": 0.008013486862182617,
          "input_tokens": 0,
          "output_tokens": 0,
          "cost": 0
        },
        "2_case_gen_run_script": {
          "duration": 36.23898983001709,
          "input_tokens": 5397,
          "output_tokens": 1005,
          "cost": 0.006327599999999999
        },
        "3_case_exec_run_script": {
          "duration": 0.0039174556732177734,
          "input_tokens": 0,
          "output_tokens": 0,
          "cost": 0
        },
        "4_report_generation": {
          "duration": 62.94850158691406,
          "input_tokens": 7222,
          "output_tokens": 1735,
          "cost": 0.0092476
        }
      },
      "suite_summary": {
        "total_duration": 196.09070253372192,
        "total_llm_tokens": 22700,
        "total_cost": 0.0236812
      }
    }
  }
}