{
  "timestamp": "2025-06-30T22:35:10.802816",
  "benchmark_results": {
    "word_mcp_server_document_opera_refined-server": {
      "phases": {
        "1_order_generation": {
          "duration": 4.574916839599609,
          "input_tokens": 4261,
          "output_tokens": 129,
          "cost": 0.04519
        },
        "2_case_gen_create_document": {
          "duration": 40.243042945861816,
          "input_tokens": 1592,
          "output_tokens": 1213,
          "cost": 0.04018
        },
        "3_case_exec_create_document": {
          "duration": 0.027486324310302734,
          "input_tokens": 0,
          "output_tokens": 0,
          "cost": 0
        },
        "2_case_gen_open_document": {
          "duration": 32.6348192691803,
          "input_tokens": 3910,
          "output_tokens": 891,
          "cost": 0.056920000000000005
        },
        "3_case_exec_open_document": {
          "duration": 0.0039997100830078125,
          "input_tokens": 0,
          "output_tokens": 0,
          "cost": 0
        },
        "2_case_gen_add_paragraph": {
          "duration": 43.58621382713318,
          "input_tokens": 5953,
          "output_tokens": 1189,
          "cost": 0.08331000000000001
        },
        "3_case_exec_add_paragraph": {
          "duration": 0.0050013065338134766,
          "input_tokens": 0,
          "output_tokens": 0,
          "cost": 0
        },
        "2_case_gen_add_heading": {
          "duration": 43.06058382987976,
          "input_tokens": 8254,
          "output_tokens": 1211,
          "cost": 0.10676000000000001
        },
        "3_case_exec_add_heading": {
          "duration": 0.00799870491027832,
          "input_tokens": 0,
          "output_tokens": 0,
          "cost": 0
        },
        "2_case_gen_add_table": {
          "duration": 33.71319508552551,
          "input_tokens": 11293,
          "output_tokens": 1034,
          "cost": 0.13361
        },
        "3_case_exec_add_table": {
          "duration": 0.01856064796447754,
          "input_tokens": 0,
          "output_tokens": 0,
          "cost": 0
        },
        "2_case_gen_add_page_break": {
          "duration": 26.86816096305847,
          "input_tokens": 13761,
          "output_tokens": 799,
          "cost": 0.15359
        },
        "3_case_exec_add_page_break": {
          "duration": 0.02169060707092285,
          "input_tokens": 0,
          "output_tokens": 0,
          "cost": 0
        },
        "2_case_gen_save_document": {
          "duration": 40.54860877990723,
          "input_tokens": 15669,
          "output_tokens": 1034,
          "cost": 0.17737000000000003
        },
        "3_case_exec_save_document": {
          "duration": 0.005004405975341797,
          "input_tokens": 0,
          "output_tokens": 0,
          "cost": 0
        },
        "2_case_gen_save_as_document": {
          "duration": 33.724305152893066,
          "input_tokens": 17959,
          "output_tokens": 1103,
          "cost": 0.20165000000000002
        },
        "3_case_exec_save_as_document": {
          "duration": 0.059011220932006836,
          "input_tokens": 0,
          "output_tokens": 0,
          "cost": 0
        },
        "2_case_gen_create_document_copy": {
          "duration": 34.69404673576355,
          "input_tokens": 20373,
          "output_tokens": 1016,
          "cost": 0.22405000000000003
        },
        "3_case_exec_create_document_copy": {
          "duration": 0.1085672378540039,
          "input_tokens": 0,
          "output_tokens": 0,
          "cost": 0
        },
        "2_case_gen_get_document_info": {
          "duration": 23.96103024482727,
          "input_tokens": 21970,
          "output_tokens": 734,
          "cost": 0.23438
        },
        "3_case_exec_get_document_info": {
          "duration": 0.00800013542175293,
          "input_tokens": 0,
          "output_tokens": 0,
          "cost": 0
        },
        "2_case_gen_search_text": {
          "duration": 32.4156973361969,
          "input_tokens": 23615,
          "output_tokens": 947,
          "cost": 0.25509000000000004
        },
        "3_case_exec_search_text": {
          "duration": 0.004999876022338867,
          "input_tokens": 0,
          "output_tokens": 0,
          "cost": 0
        },
        "2_case_gen_find_and_replace": {
          "duration": 39.76362705230713,
          "input_tokens": 25284,
          "output_tokens": 1067,
          "cost": 0.27418000000000003
        },
        "3_case_exec_find_and_replace": {
          "duration": 0.008997678756713867,
          "input_tokens": 0,
          "output_tokens": 0,
          "cost": 0
        },
        "2_case_gen_delete_paragraph": {
          "duration": 33.599148988723755,
          "input_tokens": 27667,
          "output_tokens": 906,
          "cost": 0.29479000000000005
        },
        "3_case_exec_delete_paragraph": {
          "duration": 0.03083062171936035,
          "input_tokens": 0,
          "output_tokens": 0,
          "cost": 0
        },
        "2_case_gen_delete_text": {
          "duration": 35.63208055496216,
          "input_tokens": 29546,
          "output_tokens": 898,
          "cost": 0.31342
        },
        "3_case_exec_delete_text": {
          "duration": 0.07313990592956543,
          "input_tokens": 0,
          "output_tokens": 0,
          "cost": 0
        },
        "2_case_gen_add_table_row": {
          "duration": 38.534496545791626,
          "input_tokens": 31412,
          "output_tokens": 916,
          "cost": 0.33244
        },
        "3_case_exec_add_table_row": {
          "duration": 0.0895240306854248,
          "input_tokens": 0,
          "output_tokens": 0,
          "cost": 0
        },
        "2_case_gen_delete_table_row": {
          "duration": 82.85862565040588,
          "input_tokens": 33448,
          "output_tokens": 1161,
          "cost": 0.3577000000000001
        },
        "3_case_exec_delete_table_row": {
          "duration": 0.06751489639282227,
          "input_tokens": 0,
          "output_tokens": 0,
          "cost": 0
        },
        "2_case_gen_edit_table_cell": {
          "duration": 128.41451120376587,
          "input_tokens": 35496,
          "output_tokens": 1225,
          "cost": 0.3794600000000001
        },
        "3_case_exec_edit_table_cell": {
          "duration": 0.09311032295227051,
          "input_tokens": 0,
          "output_tokens": 0,
          "cost": 0
        },
        "2_case_gen_merge_table_cells": {
          "duration": 360.77343583106995,
          "input_tokens": 35975,
          "output_tokens": 1396,
          "cost": 0.38767
        },
        "3_case_exec_merge_table_cells": {
          "duration": 360.8665461540222,
          "input_tokens": 0,
          "output_tokens": 0,
          "cost": 0
        },
        "2_case_gen_split_table": {
          "duration": 57.05248785018921,
          "input_tokens": 35888,
          "output_tokens": 1006,
          "cost": 0.37900000000000006
        },
        "3_case_exec_split_table": {
          "duration": 0.06133890151977539,
          "input_tokens": 0,
          "output_tokens": 0,
          "cost": 0
        },
        "2_case_gen_set_page_margins": {
          "duration": 223.1745743751526,
          "input_tokens": 37963,
          "output_tokens": 1150,
          "cost": 0.40263000000000004
        },
        "3_case_exec_set_page_margins": {
          "duration": 0.0050008296966552734,
          "input_tokens": 0,
          "output_tokens": 0,
          "cost": 0
        },
        "2_case_gen_replace_section": {
          "duration": 135.09734964370728,
          "input_tokens": 39994,
          "output_tokens": 1270,
          "cost": 0.42534
        },
        "3_case_exec_replace_section": {
          "duration": 0.010006427764892578,
          "input_tokens": 0,
          "output_tokens": 0,
          "cost": 0
        },