{
  "timestamp": "2025-07-11T21:33:45.355745",
  "benchmark_results": {
    "gemini-2.5-pro-mcp_mongodb_database_manager": {
      "phases": {
        "1_order_generation": {
          "duration": 2.4979090690612793,
          "input_tokens": 1607,
          "output_tokens": 49,
          "cost": 0.0013836
        },
        "2_case_gen_mcp_list_databases": {
          "duration": 21.51444411277771,
          "input_tokens": 1614,
          "output_tokens": 625,
          "cost": 0.0025412
        },
        "3_case_exec_mcp_list_databases": {
          "duration": 0.0045032501220703125,
          "input_tokens": 0,
          "output_tokens": 0,
          "cost": 0
        },
        "2_case_gen_mcp_list_collections": {
          "duration": 35.99505972862244,
          "input_tokens": 3350,
          "output_tokens": 799,
          "cost": 0.0042780000000000006
        },
        "3_case_exec_mcp_list_collections": {
          "duration": 0.005997419357299805,
          "input_tokens": 0,
          "output_tokens": 0,
          "cost": 0
        },
        "2_case_gen_mcp_insert_document": {
          "duration": 43.31472563743591,
          "input_tokens": 5194,
          "output_tokens": 1105,
          "cost": 0.0063652
        },
        "3_case_exec_mcp_insert_document": {
          "duration": 0.03476357460021973,
          "input_tokens": 0,
          "output_tokens": 0,
          "cost": 0
        },
        "2_case_gen_mcp_find_documents": {
          "duration": 36.34599471092224,
          "input_tokens": 5287,
          "output_tokens": 965,
          "cost": 0.0061595999999999995
        },
        "3_case_exec_mcp_find_documents": {
          "duration": 0.03505110740661621,
          "input_tokens": 0,
          "output_tokens": 0,
          "cost": 0
        },
        "2_case_gen_mcp_update_document": {
          "duration": 50.980263233184814,
          "input_tokens": 5263,
          "output_tokens": 1303,
          "cost": 0.006816399999999999
        },
        "3_case_exec_mcp_update_document": {
          "duration": 0.060138702392578125,
          "input_tokens": 0,
          "output_tokens": 0,
          "cost": 0
        },
        "2_case_gen_mcp_delete_document": {
          "duration": 36.205650329589844,
          "input_tokens": 5219,
          "output_tokens": 1048,
          "cost": 0.006271199999999999
        },
        "3_case_exec_mcp_delete_document": {
          "duration": 0.02044677734375,
          "input_tokens": 0,
          "output_tokens": 0,
          "cost": 0
        },
        "4_report_generation": {
          "duration": 72.92411828041077,
          "input_tokens": 14091,
          "output_tokens": 2020,
          "cost": 0.0153128
        }
      },
      "suite_summary": {
        "total_duration": 310.22476291656494,
        "total_llm_tokens": 49539,
        "total_cost": 0.049128
      }
    }
  }
}