{
  "timestamp": "2025-07-01T18:34:02.647987",
  "benchmark_results": {
    "mcp-pdf-tools-server": {
      "phases": {
        "1_order_generation": {
          "duration": 1.7121734619140625,
          "input_tokens": 945,
          "output_tokens": 38,
          "cost": 0.01021
        },
        "2_case_gen_search-pdfs": {
          "duration": 25.392420291900635,
          "input_tokens": 1156,
          "output_tokens": 843,
          "cost": 0.02842
        },
        "3_case_exec_search-pdfs": {
          "duration": 0.0019996166229248047,
          "input_tokens": 0,
          "output_tokens": 0,
          "cost": 0
        },
        "2_case_gen_merge-pdfs": {
          "duration": 59.846837759017944,
          "input_tokens": 2388,
          "output_tokens": 1650,
          "cost": 0.05688
        },
        "3_case_exec_merge-pdfs": {
          "duration": 0.0465700626373291,
          "input_tokens": 0,
          "output_tokens": 0,
          "cost": 0
        },
        "2_case_gen_extract-pages": {
          "duration": 39.221641063690186,
          "input_tokens": 9752,
          "output_tokens": 1447,
          "cost": 0.12646000000000002
        },
        "3_case_exec_extract-pages": {
          "duration": 0.009512186050415039,
          "input_tokens": 0,
          "output_tokens": 0,
          "cost": 0
        },
        "2_case_gen_merge-pdfs-ordered": {
          "duration": 40.73553395271301,
          "input_tokens": 7830,
          "output_tokens": 1557,
          "cost": 0.10944000000000001
        },
        "3_case_exec_merge-pdfs-ordered": {
          "duration": 0.004587888717651367,
          "input_tokens": 0,
          "output_tokens": 0,
          "cost": 0
        },
        "2_case_gen_find-related-pdfs": {
          "duration": 23.881751537322998,
          "input_tokens": 10486,
          "output_tokens": 713,
          "cost": 0.11912
        },
        "3_case_exec_find-related-pdfs": {
          "duration": 0.12468147277832031,
          "input_tokens": 0,
          "output_tokens": 0,
          "cost": 0
        },
        "4_report_generation": {
          "duration": 40.81230592727661,
          "input_tokens": 12600,
          "output_tokens": 1382,
          "cost": 0.15364
        }
      },
      "suite_summary": {
        "total_duration": 288.5639431476593,
        "total_llm_tokens": 52787,
        "total_cost": 0.60417
      }
    }
  }
}