{
  "timestamp": "2025-07-01T17:03:35.867926",
  "benchmark_results": {
    "my-mcp-ssh-master-server": {
      "phases": {
        "1_order_generation": {
          "duration": 1.3965251445770264,
          "input_tokens": 1430,
          "output_tokens": 31,
          "cost": 0.014920000000000003
        },
        "2_case_gen_connect": {
          "duration": 40.839365005493164,
          "input_tokens": 3796,
          "output_tokens": 1066,
          "cost": 0.05928
        },
        "3_case_exec_connect": {
          "duration": 2.2999308109283447,
          "input_tokens": 0,
          "output_tokens": 0,
          "cost": 0
        },
        "2_case_gen_list_sessions": {
          "duration": 22.6618812084198,
          "input_tokens": 4754,
          "output_tokens": 516,
          "cost": 0.05786000000000001
        },
        "3_case_exec_list_sessions": {
          "duration": 0.016436100006103516,
          "input_tokens": 0,
          "output_tokens": 0,
          "cost": 0
        },
        "2_case_gen_execute": {
          "duration": 36.868741035461426,
          "input_tokens": 6474,
          "output_tokens": 894,
          "cost": 0.08262
        },
        "3_case_exec_execute": {
          "duration": 0.008008718490600586,
          "input_tokens": 0,
          "output_tokens": 0,
          "cost": 0
        },
        "2_case_gen_upload": {
          "duration": 61.84349012374878,
          "input_tokens": 8302,
          "output_tokens": 1297,
          "cost": 0.10896000000000002
        },
        "3_case_exec_upload": {
          "duration": 0.04896402359008789,
          "input_tokens": 0,
          "output_tokens": 0,
          "cost": 0
        },
        "2_case_gen_download": {
          "duration": 40.02451300621033,
          "input_tokens": 10148,
          "output_tokens": 1306,
          "cost": 0.12760000000000002
        },
        "3_case_exec_download": {
          "duration": 0.04302167892456055,
          "input_tokens": 0,
          "output_tokens": 0,
          "cost": 0
        },
        "2_case_gen_disconnect": {
          "duration": 21.980039358139038,
          "input_tokens": 12771,
          "output_tokens": 501,
          "cost": 0.13773000000000002
        },
        "3_case_exec_disconnect": {
          "duration": 0.013140439987182617,
          "input_tokens": 0,
          "output_tokens": 0,
          "cost": 0
        },
        "4_report_generation": {
          "duration": 47.84015965461731,
          "input_tokens": 13803,
          "output_tokens": 1349,
          "cost": 0.16501000000000002
        }
      },
      "suite_summary": {
        "total_duration": 324.8794529438019,
        "total_llm_tokens": 68438,
        "total_cost": 0.7539800000000001
      }
    }
  }
}