{
  "timestamp": "2025-06-30T22:05:21.316538",
  "benchmark_results": {
    "Office-Word-MCP-Server-main-server": {
      "phases": {
        "1_order_generation": {
          "duration": 2.5211994647979736,
          "input_tokens": 2698,
          "output_tokens": 66,
          "cost": 0.028300000000000002
        },
        "2_case_gen_create_document": {
          "duration": 29.226137161254883,
          "input_tokens": 1793,
          "output_tokens": 896,
          "cost": 0.03585000000000001
        },
        "3_case_exec_create_document": {
          "duration": 0.04460954666137695,
          "input_tokens": 0,
          "output_tokens": 0,
          "cost": 0
        },
        "2_case_gen_add_paragraph": {
          "duration": 27.042521953582764,
          "input_tokens": 3423,
          "output_tokens": 875,
          "cost": 0.051730000000000005
        },
        "3_case_exec_add_paragraph": {
          "duration": 0.011139869689941406,
          "input_tokens": 0,
          "output_tokens": 0,
          "cost": 0
        },
        "2_case_gen_add_heading": {
          "duration": 36.81456112861633,
          "input_tokens": 4883,
          "output_tokens": 1048,
          "cost": 0.06979
        },
        "3_case_exec_add_heading": {
          "duration": 0.01898980140686035,
          "input_tokens": 0,
          "output_tokens": 0,
          "cost": 0
        },
        "2_case_gen_get_document_text": {
          "duration": 29.01901888847351,
          "input_tokens": 6755,
          "output_tokens": 795,
          "cost": 0.08345
        },
        "3_case_exec_get_document_text": {
          "duration": 0.0039980411529541016,
          "input_tokens": 0,
          "output_tokens": 0,
          "cost": 0
        },
        "2_case_gen_create_custom_style": {
          "duration": 31.366544246673584,
          "input_tokens": 8686,
          "output_tokens": 898,
          "cost": 0.10482000000000001
        },
        "3_case_exec_create_custom_style": {
          "duration": 0.032012224197387695,
          "input_tokens": 0,
          "output_tokens": 0,
          "cost": 0
        },
        "2_case_gen_format_text": {
          "duration": 40.70897102355957,
          "input_tokens": 10297,
          "output_tokens": 1274,
          "cost": 0.12845
        },
        "3_case_exec_format_text": {
          "duration": 0.01700425148010254,
          "input_tokens": 0,
          "output_tokens": 0,
          "cost": 0
        },
        "2_case_gen_protect_document": {
          "duration": 27.125842332839966,
          "input_tokens": 12339,
          "output_tokens": 822,
          "cost": 0.13983
        },
        "3_case_exec_protect_document": {
          "duration": 0.08418869972229004,
          "input_tokens": 0,
          "output_tokens": 0,
          "cost": 0
        },
        "2_case_gen_add_footnote_to_document": {
          "duration": 25.136351108551025,
          "input_tokens": 13885,
          "output_tokens": 756,
          "cost": 0.15397
        },
        "3_case_exec_add_footnote_to_document": {
          "duration": 0.05071449279785156,
          "input_tokens": 0,
          "output_tokens": 0,
          "cost": 0
        },
        "2_case_gen_get_paragraph_text_from_document": {
          "duration": 19.061078786849976,
          "input_tokens": 15276,
          "output_tokens": 457,
          "cost": 0.16190000000000002
        },
        "3_case_exec_get_paragraph_text_from_document": {
          "duration": 0.04075908660888672,
          "input_tokens": 0,
          "output_tokens": 0,
          "cost": 0
        },
        "2_case_gen_find_text_in_document": {
          "duration": 27.714326858520508,
          "input_tokens": 16419,
          "output_tokens": 814,
          "cost": 0.18047000000000002
        },
        "3_case_exec_find_text_in_document": {
          "duration": 0.006003618240356445,
          "input_tokens": 0,
          "output_tokens": 0,
          "cost": 0
        },
        "4_report_generation": {
          "duration": 69.92553663253784,
          "input_tokens": 19984,
          "output_tokens": 1760,
          "cost": 0.23504000000000003
        }
      },
      "suite_summary": {
        "total_duration": 371.16480255126953,
        "total_llm_tokens": 126899,
        "total_cost": 1.3736000000000002
      }
    }
  }
}