{
  "timestamp": "2025-07-01T17:03:33.853240",
  "benchmark_results": {
    "mcp-pdf-tools-server": {
      "phases": {
        "1_order_generation": {
          "duration": 2.0638267993927,
          "input_tokens": 945,
          "output_tokens": 38,
          "cost": 0.01021
        },
        "2_case_gen_search-pdfs": {
          "duration": 39.521160364151,
          "input_tokens": 1105,
          "output_tokens": 996,
          "cost": 0.03097
        },
        "3_case_exec_search-pdfs": {
          "duration": 0.004999876022338867,
          "input_tokens": 0,
          "output_tokens": 0,
          "cost": 0
        },
        "2_case_gen_merge-pdfs": {
          "duration": 75.61438417434692,
          "input_tokens": 5097,
          "output_tokens": 1336,
          "cost": 0.07769000000000001
        },
        "3_case_exec_merge-pdfs": {
          "duration": 0.027591705322265625,
          "input_tokens": 0,
          "output_tokens": 0,
          "cost": 0
        },
        "2_case_gen_extract-pages": {
          "duration": 40.77012300491333,
          "input_tokens": 7174,
          "output_tokens": 1252,
          "cost": 0.09678000000000002
        },
        "3_case_exec_extract-pages": {
          "duration": 0.007520914077758789,
          "input_tokens": 0,
          "output_tokens": 0,
          "cost": 0
        },
        "2_case_gen_merge-pdfs-ordered": {
          "duration": 43.24617004394531,
          "input_tokens": 9139,
          "output_tokens": 987,
          "cost": 0.11113
        },
        "3_case_exec_merge-pdfs-ordered": {
          "duration": 0.02406764030456543,
          "input_tokens": 0,
          "output_tokens": 0,
          "cost": 0
        },
        "2_case_gen_find-related-pdfs": {
          "duration": 43.17645049095154,
          "input_tokens": 9428,
          "output_tokens": 1073,
          "cost": 0.11574000000000001
        },
        "3_case_exec_find-related-pdfs": {
          "duration": 0.007434844970703125,
          "input_tokens": 0,
          "output_tokens": 0,
          "cost": 0
        },
        "4_report_generation": {
          "duration": 55.6781268119812,
          "input_tokens": 10923,
          "output_tokens": 1672,
          "cost": 0.14267000000000002
        }
      },
      "suite_summary": {
        "total_duration": 306.7565836906433,
        "total_llm_tokens": 51165,
        "total_cost": 0.5851900000000001
      }
    }
  }
}