{
  "timestamp": "2025-07-01T18:51:15.154080",
  "benchmark_results": {
    "markdown_conversion_server_refined-server": {
      "phases": {
        "1_order_generation": {
          "duration": 0.5988476276397705,
          "input_tokens": 775,
          "output_tokens": 10,
          "cost": 0.00795
        },
        "2_case_gen_convert_to_markdown": {
          "duration": 45.52715706825256,
          "input_tokens": 3560,
          "output_tokens": 1092,
          "cost": 0.057440000000000005
        },
        "3_case_exec_convert_to_markdown": {
          "duration": 0.008517980575561523,
          "input_tokens": 0,
          "output_tokens": 0,
          "cost": 0
        },
        "4_report_generation": {
          "duration": 39.57359337806702,
          "input_tokens": 5622,
          "output_tokens": 1461,
          "cost": 0.08544000000000002
        }
      },
      "suite_summary": {
        "total_duration": 93.73464369773865,
        "total_llm_tokens": 12520,
        "total_cost": 0.15083000000000002
      }
    }
  }
}