{
  "timestamp": "2025-07-01T17:03:34.079731",
  "benchmark_results": {
    "arxiv-mcp-server-main-server": {
      "phases": {
        "1_order_generation": {
          "duration": 1.4544453620910645,
          "input_tokens": 506,
          "output_tokens": 28,
          "cost": 0.00562
        },
        "2_case_gen_list_papers": {
          "duration": 19.28043794631958,
          "input_tokens": 1027,
          "output_tokens": 647,
          "cost": 0.02321
        },
        "3_case_exec_list_papers": {
          "duration": 0.5532557964324951,
          "input_tokens": 0,
          "output_tokens": 0,
          "cost": 0
        },
        "2_case_gen_search_papers": {
          "duration": 39.23709678649902,
          "input_tokens": 6117,
          "output_tokens": 896,
          "cost": 0.07909000000000001
        },
        "3_case_exec_search_papers": {
          "duration": 0.9485635757446289,
          "input_tokens": 0,
          "output_tokens": 0,
          "cost": 0
        },
        "2_case_gen_download_paper": {
          "duration": 49.48688864707947,
          "input_tokens": 11126,
          "output_tokens": 914,
          "cost": 0.12954000000000002
        },
        "3_case_exec_download_paper": {
          "duration": 6.308030843734741,
          "input_tokens": 0,
          "output_tokens": 0,
          "cost": 0
        },
        "2_case_gen_read_paper": {
          "duration": 28.071216344833374,
          "input_tokens": 12095,
          "output_tokens": 761,
          "cost": 0.13617
        },
        "3_case_exec_read_paper": {
          "duration": 0.564727783203125,
          "input_tokens": 0,
          "output_tokens": 0,
          "cost": 0
        },
        "4_report_generation": {
          "duration": 83.29880046844482,
          "input_tokens": 13573,
          "output_tokens": 1480,
          "cost": 0.16533000000000003
        }
      },
      "suite_summary": {
        "total_duration": 328.784081697464,
        "total_llm_tokens": 49170,
        "total_cost": 0.5389600000000001
      }
    }
  }
}