{
  "timestamp": "2025-07-01T18:51:19.987297",
  "benchmark_results": {
    "tavily_search_mcp_server_refined-server": {
      "phases": {
        "1_order_generation": {
          "duration": 0.6403310298919678,
          "input_tokens": 1310,
          "output_tokens": 4,
          "cost": 0.01318
        },
        "2_case_gen_tavily_web_search": {
          "duration": 25.48555040359497,
          "input_tokens": 9057,
          "output_tokens": 746,
          "cost": 0.10549000000000001
        },
        "3_case_exec_tavily_web_search": {
          "duration": 2.93737530708313,
          "input_tokens": 0,
          "output_tokens": 0,
          "cost": 0
        },
        "2_case_gen_tavily_answer_search": {
          "duration": 26.187957048416138,
          "input_tokens": 12399,
          "output_tokens": 768,
          "cost": 0.13935000000000003
        },
        "3_case_exec_tavily_answer_search": {
          "duration": 0.02964305877685547,
          "input_tokens": 0,
          "output_tokens": 0,
          "cost": 0
        },
        "2_case_gen_tavily_news_search": {
          "duration": 33.205145835876465,
          "input_tokens": 14227,
          "output_tokens": 836,
          "cost": 0.15899000000000002
        },
        "3_case_exec_tavily_news_search": {
          "duration": 16.968512535095215,
          "input_tokens": 0,
          "output_tokens": 0,
          "cost": 0
        },
        "4_report_generation": {
          "duration": 67.90479588508606,
          "input_tokens": 10609,
          "output_tokens": 1715,
          "cost": 0.14039000000000001
        }
      },
      "suite_summary": {
        "total_duration": 307.7530584335327,
        "total_llm_tokens": 51671,
        "total_cost": 0.5574000000000001
      }
    }
  }
}