{
  "timestamp": "2025-07-01T18:51:15.541990",
  "benchmark_results": {
    "mcp_data_explorer_with_pandas__refined-server": {
      "phases": {
        "1_order_generation": {
          "duration": 1.0565409660339355,
          "input_tokens": 746,
          "output_tokens": 23,
          "cost": 0.00792
        },
        "2_case_gen_load_dataset": {
          "duration": 32.45756244659424,
          "input_tokens": 3211,
          "output_tokens": 1100,
          "cost": 0.054110000000000005
        },
        "3_case_exec_load_dataset": {
          "duration": 0.012956380844116211,
          "input_tokens": 0,
          "output_tokens": 0,
          "cost": 0
        },
        "2_case_gen_get_basic_stats": {
          "duration": 28.296395778656006,
          "input_tokens": 3353,
          "output_tokens": 825,
          "cost": 0.050030000000000005
        },
        "3_case_exec_get_basic_stats": {
          "duration": 0.0050013065338134766,
          "input_tokens": 0,
          "output_tokens": 0,
          "cost": 0
        },
        "2_case_gen_get_column_info": {
          "duration": 25.01757311820984,
          "input_tokens": 14282,
          "output_tokens": 770,
          "cost": 0.15822
        },
        "3_case_exec_get_column_info": {
          "duration": 0.007519245147705078,
          "input_tokens": 0,
          "output_tokens": 0,
          "cost": 0
        },
        "4_report_generation": {
          "duration": 43.627708196640015,
          "input_tokens": 9362,
          "output_tokens": 1296,
          "cost": 0.11954000000000001
        }
      },
      "suite_summary": {
        "total_duration": 136.5887405872345,
        "total_llm_tokens": 34968,
        "total_cost": 0.38982000000000006
      }
    }
  }
}