{
  "timestamp": "2025-07-01T17:28:35.530155",
  "benchmark_results": {
    "ssh_mcp_server_automation_refined-server": {
      "phases": {
        "1_order_generation": {
          "duration": 2.1726460456848145,
          "input_tokens": 1739,
          "output_tokens": 31,
          "cost": 0.01801
        },
        "2_case_gen_connect": {
          "duration": 47.99573540687561,
          "input_tokens": 3796,
          "output_tokens": 860,
          "cost": 0.05516
        },
        "3_case_exec_connect": {
          "duration": 0.003505229949951172,
          "input_tokens": 0,
          "output_tokens": 0,
          "cost": 0
        },
        "2_case_gen_list_sessions": {
          "duration": 23.843299627304077,
          "input_tokens": 5839,
          "output_tokens": 598,
          "cost": 0.07035000000000001
        },
        "3_case_exec_list_sessions": {
          "duration": 0.004001617431640625,
          "input_tokens": 0,
          "output_tokens": 0,
          "cost": 0
        },
        "2_case_gen_execute": {
          "duration": 38.9746196269989,
          "input_tokens": 7178,
          "output_tokens": 1001,
          "cost": 0.09180000000000002
        },
        "3_case_exec_execute": {
          "duration": 0.04199647903442383,
          "input_tokens": 0,
          "output_tokens": 0,
          "cost": 0
        },
        "2_case_gen_upload": {
          "duration": 72.58721852302551,
          "input_tokens": 10340,
          "output_tokens": 1355,
          "cost": 0.1305
        },
        "3_case_exec_upload": {
          "duration": 0.04457998275756836,
          "input_tokens": 0,
          "output_tokens": 0,
          "cost": 0
        },
        "2_case_gen_download": {
          "duration": 79.2622618675232,
          "input_tokens": 13527,
          "output_tokens": 1331,
          "cost": 0.16189
        },
        "3_case_exec_download": {
          "duration": 0.020004987716674805,
          "input_tokens": 0,
          "output_tokens": 0,
          "cost": 0
        },
        "2_case_gen_disconnect": {
          "duration": 25.237422227859497,
          "input_tokens": 16335,
          "output_tokens": 599,
          "cost": 0.17533
        },
        "3_case_exec_disconnect": {
          "duration": 0.012009859085083008,
          "input_tokens": 0,
          "output_tokens": 0,
          "cost": 0
        },
        "4_report_generation": {
          "duration": 63.84254860877991,
          "input_tokens": 17266,
          "output_tokens": 1667,
          "cost": 0.20600000000000002
        }
      },
      "suite_summary": {
        "total_duration": 400.225084066391,
        "total_llm_tokens": 83462,
        "total_cost": 0.9090400000000001
      }
    }
  }
}