{
  "timestamp": "2025-07-11T21:33:42.739164",
  "benchmark_results": {
    "gemini-2.5-pro-mcp_academic_paper_search": {
      "phases": {
        "1_order_generation": {
          "duration": 1.107874870300293,
          "input_tokens": 1122,
          "output_tokens": 19,
          "cost": 0.0009355999999999999
        },
        "2_case_gen_search_papers": {
          "duration": 31.13720440864563,
          "input_tokens": 1507,
          "output_tokens": 811,
          "cost": 0.0028276
        },
        "3_case_exec_search_papers": {
          "duration": 60.010910511016846,
          "input_tokens": 0,
          "output_tokens": 0,
          "cost": 0
        },
        "2_case_gen_search_by_topic": {
          "duration": 34.63055610656738,
          "input_tokens": 3000,
          "output_tokens": 843,
          "cost": 0.004085999999999999
        },
        "3_case_exec_search_by_topic": {
          "duration": 33.446329832077026,
          "input_tokens": 0,
          "output_tokens": 0,
          "cost": 0
        },
        "2_case_gen_fetch_paper_details": {
          "duration": 37.52718424797058,
          "input_tokens": 6201,
          "output_tokens": 999,
          "cost": 0.006958799999999999
        },
        "3_case_exec_fetch_paper_details": {
          "duration": 3.3847179412841797,
          "input_tokens": 0,
          "output_tokens": 0,
          "cost": 0
        },
        "4_report_generation": {
          "duration": 55.93946099281311,
          "input_tokens": 8585,
          "output_tokens": 1449,
          "cost": 0.009766
        }
      },
      "suite_summary": {
        "total_duration": 1177.4145369529724,
        "total_llm_tokens": 24536,
        "total_cost": 0.024574
      }
    }
  }
}