{
  "timestamp": "2025-07-01T18:34:04.160140",
  "benchmark_results": {
    "mysql_mcp_server-main-server": {
      "phases": {
        "1_order_generation": {
          "duration": 0.7782340049743652,
          "input_tokens": 168,
          "output_tokens": 8,
          "cost": 0.00184
        },
        "2_case_gen_execute_sql": {
          "duration": 39.17450475692749,
          "input_tokens": 1892,
          "output_tokens": 893,
          "cost": 0.03678000000000001
        },
        "3_case_exec_execute_sql": {
          "duration": 0.47681140899658203,
          "input_tokens": 0,
          "output_tokens": 0,
          "cost": 0
        },
        "4_report_generation": {
          "duration": 59.34468626976013,
          "input_tokens": 3155,
          "output_tokens": 1655,
          "cost": 0.06465000000000001
        }
      },
      "suite_summary": {
        "total_duration": 117.61703872680664,
        "total_llm_tokens": 7771,
        "total_cost": 0.10327000000000003
      }
    }
  }
}