{
  "timestamp": "2025-07-01T18:51:18.692674",
  "benchmark_results": {
    "mongodb_mcp_server_operations_refined-server": {
      "phases": {
        "1_order_generation": {
          "duration": 2.1699788570404053,
          "input_tokens": 1914,
          "output_tokens": 49,
          "cost": 0.020120000000000002
        },
        "2_case_gen_mcp_list_databases": {
          "duration": 44.98733830451965,
          "input_tokens": 8737,
          "output_tokens": 547,
          "cost": 0.09831000000000001
        },
        "3_case_exec_mcp_list_databases": {
          "duration": 0.006090402603149414,
          "input_tokens": 0,
          "output_tokens": 0,
          "cost": 0
        },
        "2_case_gen_mcp_list_collections": {
          "duration": 25.25592350959778,
          "input_tokens": 10478,
          "output_tokens": 791,
          "cost": 0.12060000000000001
        },
        "3_case_exec_mcp_list_collections": {
          "duration": 0.08858990669250488,
          "input_tokens": 0,
          "output_tokens": 0,
          "cost": 0
        },
        "2_case_gen_mcp_insert_document": {
          "duration": 42.035590171813965,
          "input_tokens": 12495,
          "output_tokens": 1053,
          "cost": 0.14601
        },
        "3_case_exec_mcp_insert_document": {
          "duration": 0.04386472702026367,
          "input_tokens": 0,
          "output_tokens": 0,
          "cost": 0
        },
        "2_case_gen_mcp_find_documents": {
          "duration": 33.09293985366821,
          "input_tokens": 14867,
          "output_tokens": 942,
          "cost": 0.16751000000000002
        },
        "3_case_exec_mcp_find_documents": {
          "duration": 0.0051310062408447266,
          "input_tokens": 0,
          "output_tokens": 0,
          "cost": 0
        },
        "2_case_gen_mcp_update_document": {
          "duration": 37.093727350234985,
          "input_tokens": 17397,
          "output_tokens": 1175,
          "cost": 0.19747
        },
        "3_case_exec_mcp_update_document": {
          "duration": 0.05075645446777344,
          "input_tokens": 0,
          "output_tokens": 0,
          "cost": 0
        },
        "2_case_gen_mcp_delete_document": {
          "duration": 34.67297625541687,
          "input_tokens": 19294,
          "output_tokens": 1087,
          "cost": 0.21468000000000004
        },
        "3_case_exec_mcp_delete_document": {
          "duration": 0.06709694862365723,
          "input_tokens": 0,
          "output_tokens": 0,
          "cost": 0
        },
        "4_report_generation": {
          "duration": 44.5898220539093,
          "input_tokens": 15729,
          "output_tokens": 1482,
          "cost": 0.18693
        }
      },
      "suite_summary": {
        "total_duration": 280.9381160736084,
        "total_llm_tokens": 108037,
        "total_cost": 1.1516300000000002
      }
    }
  }
}