{
  "timestamp": "2025-07-01T18:34:04.831030",
  "benchmark_results": {
    "mcp-text-editor-main-server": {
      "phases": {
        "1_order_generation": {
          "duration": 1.702099323272705,
          "input_tokens": 1969,
          "output_tokens": 47,
          "cost": 0.020630000000000003
        },
        "2_case_gen_create_text_file": {
          "duration": 35.87203621864319,
          "input_tokens": 1811,
          "output_tokens": 1214,
          "cost": 0.042390000000000004
        },
        "3_case_exec_create_text_file": {
          "duration": 0.006502866744995117,
          "input_tokens": 0,
          "output_tokens": 0,
          "cost": 0
        },
        "2_case_gen_get_text_file_contents": {
          "duration": 39.5535991191864,
          "input_tokens": 4665,
          "output_tokens": 1392,
          "cost": 0.07449
        },
        "3_case_exec_get_text_file_contents": {
          "duration": 0.015578269958496094,
          "input_tokens": 0,
          "output_tokens": 0,
          "cost": 0
        },
        "2_case_gen_append_text_file_contents": {
          "duration": 42.1452419757843,
          "input_tokens": 8751,
          "output_tokens": 1333,
          "cost": 0.11417000000000001
        },
        "3_case_exec_append_text_file_contents": {
          "duration": 0.2606685161590576,
          "input_tokens": 0,
          "output_tokens": 0,
          "cost": 0
        },
        "2_case_gen_insert_text_file_contents": {
          "duration": 59.5550422668457,
          "input_tokens": 10708,
          "output_tokens": 1714,
          "cost": 0.14136
        },
        "3_case_exec_insert_text_file_contents": {
          "duration": 0.21674060821533203,
          "input_tokens": 0,
          "output_tokens": 0,
          "cost": 0
        },
        "2_case_gen_delete_text_file_contents": {
          "duration": 56.69384813308716,
          "input_tokens": 13598,
          "output_tokens": 1926,
          "cost": 0.17450000000000002
        },
        "3_case_exec_delete_text_file_contents": {
          "duration": 0.021022796630859375,
          "input_tokens": 0,
          "output_tokens": 0,
          "cost": 0
        },
        "2_case_gen_patch_text_file_contents": {
          "duration": 64.46786236763,
          "input_tokens": 16244,
          "output_tokens": 1727,
          "cost": 0.19698
        },
        "3_case_exec_patch_text_file_contents": {
          "duration": 0.04048728942871094,
          "input_tokens": 0,
          "output_tokens": 0,
          "cost": 0
        },
        "4_report_generation": {
          "duration": 49.06965780258179,
          "input_tokens": 19809,
          "output_tokens": 1393,
          "cost": 0.22595
        }
      },
      "suite_summary": {
        "total_duration": 372.4548661708832,
        "total_llm_tokens": 88301,
        "total_cost": 0.9904700000000001
      }
    }
  }
}