{
  "timestamp": "2025-07-11T21:33:44.614495",
  "benchmark_results": {
    "gemini-2.5-pro-mcp_mysql_db_manager": {
      "phases": {
        "1_order_generation": {
          "duration": 0.8659646511077881,
          "input_tokens": 767,
          "output_tokens": 16,
          "cost": 0.0006456
        },
        "2_case_gen_list_resources": {
          "duration": 9.755403518676758,
          "input_tokens": 1646,
          "output_tokens": 597,
          "cost": 0.0025107999999999997
        },
        "3_case_exec_list_resources": {
          "duration": 0.00900125503540039,
          "input_tokens": 0,
          "output_tokens": 0,
          "cost": 0
        },
        "2_case_gen_read_resource": {
          "duration": 42.520108222961426,
          "input_tokens": 3420,
          "output_tokens": 802,
          "cost": 0.00434
        },
        "3_case_exec_read_resource": {
          "duration": 0.05002737045288086,
          "input_tokens": 0,
          "output_tokens": 0,
          "cost": 0
        },
        "2_case_gen_execute_sql": {
          "duration": 31.344460487365723,
          "input_tokens": 5826,
          "output_tokens": 840,
          "cost": 0.0063408
        },
        "3_case_exec_execute_sql": {
          "duration": 0.034078359603881836,
          "input_tokens": 0,
          "output_tokens": 0,
          "cost": 0
        },
        "4_report_generation": {
          "duration": 65.89369559288025,
          "input_tokens": 8470,
          "output_tokens": 1716,
          "cost": 0.010208
        }
      },
      "suite_summary": {
        "total_duration": 163.52580857276917,
        "total_llm_tokens": 24100,
        "total_cost": 0.024045200000000003
      }
    }
  }
}