{
  "timestamp": "2025-07-11T21:33:43.913822",
  "benchmark_results": {
    "qwen-plus-mcp_image_search_download_icon": {
      "phases": {
        "1_order_generation": {
          "duration": 0.9896371364593506,
          "input_tokens": 1262,
          "output_tokens": 16,
          "cost": 0.0010416
        },
        "2_case_gen_search_images": {
          "duration": 26.545720100402832,
          "input_tokens": 1704,
          "output_tokens": 738,
          "cost": 0.0028392
        },
        "3_case_exec_search_images": {
          "duration": 2.1807758808135986,
          "input_tokens": 0,
          "output_tokens": 0,
          "cost": 0
        },
        "2_case_gen_download_image": {
          "duration": 43.494951009750366,
          "input_tokens": 7939,
          "output_tokens": 1108,
          "cost": 0.0085672
        },
        "3_case_exec_download_image": {
          "duration": 3.4312469959259033,
          "input_tokens": 0,
          "output_tokens": 0,
          "cost": 0
        },
        "2_case_gen_generate_icon": {
          "duration": 38.27218246459961,
          "input_tokens": 10153,
          "output_tokens": 934,
          "cost": 0.0099904
        },
        "3_case_exec_generate_icon": {
          "duration": 0.0074825286865234375,
          "input_tokens": 0,
          "output_tokens": 0,
          "cost": 0
        },
        "4_report_generation": {
          "duration": 62.30790591239929,
          "input_tokens": 13189,
          "output_tokens": 1577,
          "cost": 0.0137052
        }
      },
      "suite_summary": {
        "total_duration": 221.02246260643005,
        "total_llm_tokens": 38620,
        "total_cost": 0.0361436
      }
    }
  }
}