{
  "timestamp": "2025-06-30T22:35:07.547216",
  "benchmark_results": {
    "mcp_server_word_operations_refined-server": {
      "phases": {
        "1_order_generation": {
          "duration": 1.4978017807006836,
          "input_tokens": 957,
          "output_tokens": 25,
          "cost": 0.01007
        },
        "2_case_gen_create_new_document": {
          "duration": 43.05291414260864,
          "input_tokens": 3009,
          "output_tokens": 1161,
          "cost": 0.05331
        },
        "3_case_exec_create_new_document": {
          "duration": 0.02600550651550293,
          "input_tokens": 0,
          "output_tokens": 0,
          "cost": 0
        },
        "2_case_gen_read_document_content": {
          "duration": 26.002681970596313,
          "input_tokens": 5751,
          "output_tokens": 853,
          "cost": 0.07457000000000001
        },
        "3_case_exec_read_document_content": {
          "duration": 0.015010595321655273,
          "input_tokens": 0,
          "output_tokens": 0,
          "cost": 0
        },
        "2_case_gen_insert_text_or_image": {
          "duration": 53.36460757255554,
          "input_tokens": 7649,
          "output_tokens": 1222,
          "cost": 0.10093
        },
        "3_case_exec_insert_text_or_image": {
          "duration": 0.009439945220947266,
          "input_tokens": 0,
          "output_tokens": 0,
          "cost": 0
        },
        "4_report_generation": {
          "duration": 63.00961256027222,
          "input_tokens": 9247,
          "output_tokens": 1834,
          "cost": 0.12915000000000001
        }
      },
      "suite_summary": {
        "total_duration": 189.28876376152039,
        "total_llm_tokens": 31708,
        "total_cost": 0.3680300000000001
      }
    }
  }
}