{
  "timestamp": "2025-06-30T22:35:10.569533",
  "benchmark_results": {
    "ssh_mcp_server_automation_refined-server": {
      "phases": {
        "1_order_generation": {
          "duration": 1.5130832195281982,
          "input_tokens": 1739,
          "output_tokens": 31,
          "cost": 0.01801
        },
        "2_case_gen_connect": {
          "duration": 32.44036054611206,
          "input_tokens": 3531,
          "output_tokens": 961,
          "cost": 0.05453
        },
        "3_case_exec_connect": {
          "duration": 21.072980165481567,
          "input_tokens": 0,
          "output_tokens": 0,
          "cost": 0
        },
        "2_case_gen_list_sessions": {
          "duration": 11.275065183639526,
          "input_tokens": 6391,
          "output_tokens": 309,
          "cost": 0.07009000000000001
        },
        "3_case_exec_list_sessions": {
          "duration": 0.06000185012817383,
          "input_tokens": 0,
          "output_tokens": 0,
          "cost": 0
        },
        "2_case_gen_execute": {
          "duration": 28.6823513507843,
          "input_tokens": 7335,
          "output_tokens": 833,
          "cost": 0.09001
        },
        "3_case_exec_execute": {
          "duration": 0.06524109840393066,
          "input_tokens": 0,
          "output_tokens": 0,
          "cost": 0
        },
        "2_case_gen_upload": {
          "duration": 43.50060176849365,
          "input_tokens": 9848,
          "output_tokens": 1134,
          "cost": 0.12116000000000002
        },
        "3_case_exec_upload": {
          "duration": 0.0066738128662109375,
          "input_tokens": 0,
          "output_tokens": 0,
          "cost": 0
        },
        "2_case_gen_download": {
          "duration": 34.20675754547119,
          "input_tokens": 12478,
          "output_tokens": 1112,
          "cost": 0.14702
        },
        "3_case_exec_download": {
          "duration": 0.003999948501586914,
          "input_tokens": 0,
          "output_tokens": 0,
          "cost": 0
        },
        "2_case_gen_disconnect": {
          "duration": 21.748132705688477,
          "input_tokens": 13194,
          "output_tokens": 579,
          "cost": 0.14352
        },
        "3_case_exec_disconnect": {
          "duration": 0.004001140594482422,
          "input_tokens": 0,
          "output_tokens": 0,
          "cost": 0
        },
        "4_report_generation": {
          "duration": 48.444557905197144,
          "input_tokens": 17319,
          "output_tokens": 1533,
          "cost": 0.20385
        }
      },
      "suite_summary": {
        "total_duration": 310.26027059555054,
        "total_llm_tokens": 78327,
        "total_cost": 0.84819
      }
    }
  }
}