{
  "timestamp": "2025-07-01T17:03:34.530292",
  "benchmark_results": {
    "mcp_search_images-main-server": {
      "phases": {
        "1_order_generation": {
          "duration": 0.917269229888916,
          "input_tokens": 807,
          "output_tokens": 16,
          "cost": 0.008390000000000002
        },
        "2_case_gen_search_images": {
          "duration": 40.455078125,
          "input_tokens": 3531,
          "output_tokens": 896,
          "cost": 0.05323
        },
        "3_case_exec_search_images": {
          "duration": 1.065457820892334,
          "input_tokens": 0,
          "output_tokens": 0,
          "cost": 0
        },
        "2_case_gen_download_image": {
          "duration": 60.91279196739197,
          "input_tokens": 7868,
          "output_tokens": 1656,
          "cost": 0.11180000000000001
        },
        "3_case_exec_download_image": {
          "duration": 0.7763473987579346,
          "input_tokens": 0,
          "output_tokens": 0,
          "cost": 0
        },
        "2_case_gen_generate_icon": {
          "duration": 56.7352340221405,
          "input_tokens": 11076,
          "output_tokens": 1158,
          "cost": 0.13392
        },
        "3_case_exec_generate_icon": {
          "duration": 0.4436330795288086,
          "input_tokens": 0,
          "output_tokens": 0,
          "cost": 0
        },
        "4_report_generation": {
          "duration": 42.117698669433594,
          "input_tokens": 13208,
          "output_tokens": 1350,
          "cost": 0.15908
        }
      },
      "suite_summary": {
        "total_duration": 231.76098155975342,
        "total_llm_tokens": 41566,
        "total_cost": 0.46642000000000006
      }
    }
  }
}