{
  "timestamp": "2025-06-30T22:35:06.885891",
  "benchmark_results": {
    "mcp_image_converter_refined-server": {
      "phases": {
        "1_order_generation": {
          "duration": 0.7834196090698242,
          "input_tokens": 700,
          "output_tokens": 14,
          "cost": 0.00728
        },
        "2_case_gen_convert_image": {
          "duration": 52.21411943435669,
          "input_tokens": 2732,
          "output_tokens": 1269,
          "cost": 0.052700000000000004
        },
        "3_case_exec_convert_image": {
          "duration": 0.10432314872741699,
          "input_tokens": 0,
          "output_tokens": 0,
          "cost": 0
        },
        "2_case_gen_batch_convert_images_tool": {
          "duration": 38.625174045562744,
          "input_tokens": 5355,
          "output_tokens": 1278,
          "cost": 0.07911000000000001
        },
        "3_case_exec_batch_convert_images_tool": {
          "duration": 0.04350423812866211,
          "input_tokens": 0,
          "output_tokens": 0,
          "cost": 0
        },
        "4_report_generation": {
          "duration": 49.42530632019043,
          "input_tokens": 6399,
          "output_tokens": 1421,
          "cost": 0.09241
        }
      },
      "suite_summary": {
        "total_duration": 145.29464507102966,
        "total_llm_tokens": 19168,
        "total_cost": 0.23150000000000004
      }
    }
  }
}