{
  "timestamp": "2025-06-30T22:05:19.775657",
  "benchmark_results": {
    "mongo-mcp-main-server": {
      "phases": {
        "1_order_generation": {
          "duration": 2.170220136642456,
          "input_tokens": 1548,
          "output_tokens": 49,
          "cost": 0.016460000000000002
        },
        "2_case_gen_mcp_list_databases": {
          "duration": 11.563149213790894,
          "input_tokens": 1698,
          "output_tokens": 362,
          "cost": 0.024220000000000002
        },
        "3_case_exec_mcp_list_databases": {
          "duration": 0.023001909255981445,
          "input_tokens": 0,
          "output_tokens": 0,
          "cost": 0
        },
        "2_case_gen_mcp_list_collections": {
          "duration": 20.866658449172974,
          "input_tokens": 2808,
          "output_tokens": 675,
          "cost": 0.041580000000000006
        },
        "3_case_exec_mcp_list_collections": {
          "duration": 0.027510881423950195,
          "input_tokens": 0,
          "output_tokens": 0,
          "cost": 0
        },
        "2_case_gen_mcp_insert_document": {
          "duration": 32.508357524871826,
          "input_tokens": 4060,
          "output_tokens": 1018,
          "cost": 0.06096000000000001
        },
        "3_case_exec_mcp_insert_document": {
          "duration": 0.0270693302154541,
          "input_tokens": 0,
          "output_tokens": 0,
          "cost": 0
        },
        "2_case_gen_mcp_find_documents": {
          "duration": 32.26157522201538,
          "input_tokens": 6109,
          "output_tokens": 914,
          "cost": 0.07937000000000001
        },
        "3_case_exec_mcp_find_documents": {
          "duration": 0.06300020217895508,
          "input_tokens": 0,
          "output_tokens": 0,
          "cost": 0
        },
        "2_case_gen_mcp_update_document": {
          "duration": 43.75651812553406,
          "input_tokens": 8884,
          "output_tokens": 1458,
          "cost": 0.11800000000000001
        },
        "3_case_exec_mcp_update_document": {
          "duration": 0.030058622360229492,
          "input_tokens": 0,
          "output_tokens": 0,
          "cost": 0
        },
        "2_case_gen_mcp_delete_document": {
          "duration": 28.982015371322632,
          "input_tokens": 11339,
          "output_tokens": 835,
          "cost": 0.13009
        },
        "3_case_exec_mcp_delete_document": {
          "duration": 0.006000041961669922,
          "input_tokens": 0,
          "output_tokens": 0,
          "cost": 0
        },
        "4_report_generation": {
          "duration": 44.08595681190491,
          "input_tokens": 13956,
          "output_tokens": 1391,
          "cost": 0.16738000000000003
        }
      },
      "suite_summary": {
        "total_duration": 227.73214888572693,
        "total_llm_tokens": 57104,
        "total_cost": 0.6380600000000001
      }
    }
  }
}