{
  "timestamp": "2025-06-30T22:35:06.695454",
  "benchmark_results": {
    "mcp_screenshot_refined-server": {
      "phases": {
        "1_order_generation": {
          "duration": 0.9486823081970215,
          "input_tokens": 292,
          "output_tokens": 11,
          "cost": 0.0031400000000000004
        },
        "2_case_gen_take_and_show_screenshot": {
          "duration": 21.867474794387817,
          "input_tokens": 2987,
          "output_tokens": 613,
          "cost": 0.04213
        },
        "3_case_exec_take_and_show_screenshot": {
          "duration": 1.019357442855835,
          "input_tokens": 0,
          "output_tokens": 0,
          "cost": 0
        },
        "4_report_generation": {
          "duration": 43.243253231048584,
          "input_tokens": 8279,
          "output_tokens": 1301,
          "cost": 0.10881
        }
      },
      "suite_summary": {
        "total_duration": 76.62972044944763,
        "total_llm_tokens": 13483,
        "total_cost": 0.15408
      }
    }
  }
}