{
  "timestamp": "2025-07-11T21:33:48.818246",
  "benchmark_results": {
    "gpt-4o-mcp_unsplash_photo_search": {
      "phases": {
        "1_order_generation": {
          "duration": 0.5974833965301514,
          "input_tokens": 560,
          "output_tokens": 8,
          "cost": 0.000464
        },
        "2_case_gen_search_photos": {
          "duration": 30.630338668823242,
          "input_tokens": 1879,
          "output_tokens": 751,
          "cost": 0.0030051999999999995
        },
        "3_case_exec_search_photos": {
          "duration": 2.571171998977661,
          "input_tokens": 0,
          "output_tokens": 0,
          "cost": 0
        },
        "4_report_generation": {
          "duration": 117.6287693977356,
          "input_tokens": 82908,
          "output_tokens": 1481,
          "cost": 0.0692884
        }
      },
      "suite_summary": {
        "total_duration": 186.10915732383728,
        "total_llm_tokens": 87587,
        "total_cost": 0.0727576
      }
    }
  }
}