{
  "timestamp": "2025-06-30T22:35:05.207268",
  "benchmark_results": {
    "markdown_conversion_server_refined-server": {
      "phases": {
        "1_order_generation": {
          "duration": 0.6936118602752686,
          "input_tokens": 775,
          "output_tokens": 10,
          "cost": 0.00795
        },
        "2_case_gen_convert_to_markdown": {
          "duration": 29.80771231651306,
          "input_tokens": 2052,
          "output_tokens": 935,
          "cost": 0.039220000000000005
        },
        "3_case_exec_convert_to_markdown": {
          "duration": 0.00900125503540039,
          "input_tokens": 0,
          "output_tokens": 0,
          "cost": 0
        },
        "4_report_generation": {
          "duration": 57.8441264629364,
          "input_tokens": 4528,
          "output_tokens": 1785,
          "cost": 0.08098
        }
      },
      "suite_summary": {
        "total_duration": 95.7933828830719,
        "total_llm_tokens": 10085,
        "total_cost": 0.12815
      }
    }
  }
}