{
  "timestamp": "2025-07-11T21:33:49.251038",
  "benchmark_results": {
    "gpt-4o-mcp_zotero_library_manager": {
      "phases": {
        "1_order_generation": {
          "duration": 1.4138727188110352,
          "input_tokens": 1025,
          "output_tokens": 24,
          "cost": 0.000868
        },
        "2_case_gen_search_items": {
          "duration": 24.163996696472168,
          "input_tokens": 1896,
          "output_tokens": 689,
          "cost": 0.0028948
        },
        "3_case_exec_search_items": {
          "duration": 1.0281858444213867,
          "input_tokens": 0,
          "output_tokens": 0,
          "cost": 0
        },
        "2_case_gen_get_item_metadata": {
          "duration": 32.797948360443115,
          "input_tokens": 7419,
          "output_tokens": 814,
          "cost": 0.0075632
        },
        "3_case_exec_get_item_metadata": {
          "duration": 0.006509065628051758,
          "input_tokens": 0,
          "output_tokens": 0,
          "cost": 0
        },
        "2_case_gen_get_item_fulltext": {
          "duration": 37.568734884262085,
          "input_tokens": 9107,
          "output_tokens": 772,
          "cost": 0.0088296
        },
        "3_case_exec_get_item_fulltext": {
          "duration": 0.005069255828857422,
          "input_tokens": 0,
          "output_tokens": 0,
          "cost": 0
        },
        "4_report_generation": {
          "duration": 53.55602979660034,
          "input_tokens": 11099,
          "output_tokens": 1461,
          "cost": 0.0118012
        }
      },
      "suite_summary": {
        "total_duration": 181.4828805923462,
        "total_llm_tokens": 34306,
        "total_cost": 0.0319568
      }
    }
  }
}