{
  "timestamp": "2025-06-30T22:05:17.498744",
  "benchmark_results": {
    "duckduckgo-mcp-server-main-server": {
      "phases": {
        "1_order_generation": {
          "duration": 1.110393762588501,
          "input_tokens": 365,
          "output_tokens": 11,
          "cost": 0.0038700000000000006
        },
        "2_case_gen_search": {
          "duration": 18.852954149246216,
          "input_tokens": 1015,
          "output_tokens": 544,
          "cost": 0.02103
        },
        "3_case_exec_search": {
          "duration": 1.0642940998077393,
          "input_tokens": 0,
          "output_tokens": 0,
          "cost": 0
        },
        "2_case_gen_fetch_content": {
          "duration": 24.976619720458984,
          "input_tokens": 3003,
          "output_tokens": 718,
          "cost": 0.04439
        },
        "3_case_exec_fetch_content": {
          "duration": 0.38010573387145996,
          "input_tokens": 0,
          "output_tokens": 0,
          "cost": 0
        },
        "4_report_generation": {
          "duration": 52.84949207305908,
          "input_tokens": 5435,
          "output_tokens": 1855,
          "cost": 0.09145
        }
      },
      "suite_summary": {
        "total_duration": 125.72998023033142,
        "total_llm_tokens": 12946,
        "total_cost": 0.16074
      }
    }
  }
}