{
  "timestamp": "2025-06-30T22:05:17.280647",
  "benchmark_results": {
    "image-file-converter-mcp-server-main-server": {
      "phases": {
        "1_order_generation": {
          "duration": 0.986515998840332,
          "input_tokens": 376,
          "output_tokens": 13,
          "cost": 0.00402
        },
        "2_case_gen_Image File Converter": {
          "duration": 27.446277618408203,
          "input_tokens": 988,
          "output_tokens": 962,
          "cost": 0.02912
        },
        "3_case_exec_Image File Converter": {
          "duration": 0.012510061264038086,
          "input_tokens": 0,
          "output_tokens": 0,
          "cost": 0
        },
        "2_case_gen_convert_image": {
          "duration": 28.65092945098877,
          "input_tokens": 3517,
          "output_tokens": 962,
          "cost": 0.05441
        },
        "3_case_exec_convert_image": {
          "duration": 0.004387378692626953,
          "input_tokens": 0,
          "output_tokens": 0,
          "cost": 0
        },
        "4_report_generation": {
          "duration": 55.233025550842285,
          "input_tokens": 5656,
          "output_tokens": 1751,
          "cost": 0.09158000000000001
        }
      },
      "suite_summary": {
        "total_duration": 117.65719199180603,
        "total_llm_tokens": 14225,
        "total_cost": 0.17913
      }
    }
  }
}