{
  "timestamp": "2025-07-11T21:33:46.443320",
  "benchmark_results": {
    "gpt-4o-mcp_outlook_email_manager": {
      "phases": {
        "1_order_generation": {
          "duration": 1.7698578834533691,
          "input_tokens": 1450,
          "output_tokens": 42,
          "cost": 0.001244
        },
        "2_case_gen_list_folders": {
          "duration": 21.345065593719482,
          "input_tokens": 1493,
          "output_tokens": 632,
          "cost": 0.0024584
        },
        "3_case_exec_list_folders": {
          "duration": 0.014052629470825195,
          "input_tokens": 0,
          "output_tokens": 0,
          "cost": 0
        },
        "2_case_gen_list_recent_emails": {
          "duration": 27.69229483604431,
          "input_tokens": 3150,
          "output_tokens": 831,
          "cost": 0.004182
        },
        "3_case_exec_list_recent_emails": {
          "duration": 0.014948368072509766,
          "input_tokens": 0,
          "output_tokens": 0,
          "cost": 0
        },
        "2_case_gen_search_emails": {
          "duration": 47.86714434623718,
          "input_tokens": 4967,
          "output_tokens": 1301,
          "cost": 0.006575599999999999
        },
        "3_case_exec_search_emails": {
          "duration": 0.013907909393310547,
          "input_tokens": 0,
          "output_tokens": 0,
          "cost": 0
        },
        "2_case_gen_get_email_by_number": {
          "duration": 29.728686809539795,
          "input_tokens": 5015,
          "output_tokens": 787,
          "cost": 0.005586
        },
        "3_case_exec_get_email_by_number": {
          "duration": 0.007029294967651367,
          "input_tokens": 0,
          "output_tokens": 0,
          "cost": 0
        },
        "2_case_gen_reply_to_email_by_number": {
          "duration": 30.806226015090942,
          "input_tokens": 4993,
          "output_tokens": 941,
          "cost": 0.0058763999999999995
        },
        "3_case_exec_reply_to_email_by_number": {
          "duration": 0.01501154899597168,
          "input_tokens": 0,
          "output_tokens": 0,
          "cost": 0
        },
        "2_case_gen_compose_email": {
          "duration": 41.09127879142761,
          "input_tokens": 4798,
          "output_tokens": 1190,
          "cost": 0.006218399999999999
        },
        "3_case_exec_compose_email": {
          "duration": 0.17367792129516602,
          "input_tokens": 0,
          "output_tokens": 0,
          "cost": 0
        },
        "4_report_generation": {
          "duration": 38.150717973709106,
          "input_tokens": 13272,
          "output_tokens": 1602,
          "cost": 0.0138216
        }
      },
      "suite_summary": {
        "total_duration": 273.1674244403839,
        "total_llm_tokens": 46464,
        "total_cost": 0.0459624
      }
    }
  }
}