{
  "timestamp": "2025-07-01T17:28:34.125702",
  "benchmark_results": {
    "huggingface_mcp_server_refined-server": {
      "phases": {
        "1_order_generation": {
          "duration": 2.5652143955230713,
          "input_tokens": 2172,
          "output_tokens": 63,
          "cost": 0.022980000000000004
        },
        "2_case_gen_search_models": {
          "duration": 34.2432324886322,
          "input_tokens": 1337,
          "output_tokens": 800,
          "cost": 0.02937
        },
        "3_case_exec_search_models": {
          "duration": 0.627450704574585,
          "input_tokens": 0,
          "output_tokens": 0,
          "cost": 0
        },
        "2_case_gen_get_model_info": {
          "duration": 26.31835412979126,
          "input_tokens": 6575,
          "output_tokens": 732,
          "cost": 0.08039
        },
        "3_case_exec_get_model_info": {
          "duration": 0.35584378242492676,
          "input_tokens": 0,
          "output_tokens": 0,
          "cost": 0
        },
        "2_case_gen_search_datasets": {
          "duration": 61.631542444229126,
          "input_tokens": 9771,
          "output_tokens": 898,
          "cost": 0.11567000000000001
        },
        "3_case_exec_search_datasets": {
          "duration": 0.0055043697357177734,
          "input_tokens": 0,
          "output_tokens": 0,
          "cost": 0
        },
        "2_case_gen_get_dataset_info": {
          "duration": 25.366685390472412,
          "input_tokens": 15260,
          "output_tokens": 582,
          "cost": 0.16424000000000002
        },
        "3_case_exec_get_dataset_info": {
          "duration": 0.37349939346313477,
          "input_tokens": 0,
          "output_tokens": 0,
          "cost": 0
        },
        "2_case_gen_search_spaces": {
          "duration": 33.04534888267517,
          "input_tokens": 17630,
          "output_tokens": 790,
          "cost": 0.19210000000000002
        },
        "3_case_exec_search_spaces": {
          "duration": 0.003998517990112305,
          "input_tokens": 0,
          "output_tokens": 0,
          "cost": 0
        },
        "2_case_gen_get_space_info": {
          "duration": 41.924302101135254,
          "input_tokens": 22376,
          "output_tokens": 586,
          "cost": 0.23548000000000002
        },
        "3_case_exec_get_space_info": {
          "duration": 0.38193178176879883,
          "input_tokens": 0,
          "output_tokens": 0,
          "cost": 0
        },
        "2_case_gen_get_daily_papers": {
          "duration": 12.142627954483032,
          "input_tokens": 23773,
          "output_tokens": 223,
          "cost": 0.24219000000000002
        },
        "3_case_exec_get_daily_papers": {
          "duration": 0.38012266159057617,
          "input_tokens": 0,
          "output_tokens": 0,
          "cost": 0
        },
        "2_case_gen_get_paper_info": {
          "duration": 27.971991062164307,
          "input_tokens": 24276,
          "output_tokens": 601,
          "cost": 0.25478
        },
        "3_case_exec_get_paper_info": {
          "duration": 0.40862083435058594,
          "input_tokens": 0,
          "output_tokens": 0,
          "cost": 0
        },
        "2_case_gen_search_collections": {
          "duration": 29.626461505889893,
          "input_tokens": 27143,
          "output_tokens": 639,
          "cost": 0.28421
        },
        "3_case_exec_search_collections": {
          "duration": 0.35186052322387695,
          "input_tokens": 0,
          "output_tokens": 0,
          "cost": 0
        },
        "2_case_gen_get_collection_info": {
          "duration": 112.79089736938477,
          "input_tokens": 30424,
          "output_tokens": 754,
          "cost": 0.31932
        },
        "3_case_exec_get_collection_info": {
          "duration": 0.38991641998291016,
          "input_tokens": 0,
          "output_tokens": 0,
          "cost": 0
        },
        "4_report_generation": {
          "duration": 46.394832372665405,
          "input_tokens": 32440,
          "output_tokens": 1956,
          "cost": 0.36352
        }
      },
      "suite_summary": {
        "total_duration": 519.7653250694275,
        "total_llm_tokens": 221801,
        "total_cost": 2.30425
      }
    }
  }
}