{
  "timestamp": "2025-07-01T18:34:02.919112",
  "benchmark_results": {
    "flights-mcp-main-server": {
      "phases": {
        "1_order_generation": {
          "duration": 1.3795037269592285,
          "input_tokens": 1986,
          "output_tokens": 24,
          "cost": 0.020340000000000004
        },
        "2_case_gen_search_flights": {
          "duration": 38.579116106033325,
          "input_tokens": 1713,
          "output_tokens": 1385,
          "cost": 0.04483000000000001
        },
        "3_case_exec_search_flights": {
          "duration": 1.2742629051208496,
          "input_tokens": 0,
          "output_tokens": 0,
          "cost": 0
        },
        "2_case_gen_get_offer_details": {
          "duration": 29.618825435638428,
          "input_tokens": 8941,
          "output_tokens": 884,
          "cost": 0.10709
        },
        "3_case_exec_get_offer_details": {
          "duration": 0.05617046356201172,
          "input_tokens": 0,
          "output_tokens": 0,
          "cost": 0
        },
        "2_case_gen_search_multi_city": {
          "duration": 58.58107614517212,
          "input_tokens": 11626,
          "output_tokens": 1927,
          "cost": 0.15480000000000002
        },
        "3_case_exec_search_multi_city": {
          "duration": 1.432082176208496,
          "input_tokens": 0,
          "output_tokens": 0,
          "cost": 0
        },
        "4_report_generation": {
          "duration": 65.91831016540527,
          "input_tokens": 12444,
          "output_tokens": 1712,
          "cost": 0.15868000000000002
        }
      },
      "suite_summary": {
        "total_duration": 288.7235429286957,
        "total_llm_tokens": 42642,
        "total_cost": 0.48574000000000006
      }
    }
  }
}