{
  "timestamp": "2025-07-01T18:51:16.763835",
  "benchmark_results": {
    "mcp_screenshot_refined-server": {
      "phases": {
        "1_order_generation": {
          "duration": 0.7441530227661133,
          "input_tokens": 292,
          "output_tokens": 11,
          "cost": 0.0031400000000000004
        },
        "2_case_gen_take_and_show_screenshot": {
          "duration": 30.37353253364563,
          "input_tokens": 8208,
          "output_tokens": 864,
          "cost": 0.09936
        },
        "3_case_exec_take_and_show_screenshot": {
          "duration": 0.8547101020812988,
          "input_tokens": 0,
          "output_tokens": 0,
          "cost": 0
        },
        "4_report_generation": {
          "duration": 54.609639167785645,
          "input_tokens": 9560,
          "output_tokens": 1742,
          "cost": 0.13044
        }
      },
      "suite_summary": {
        "total_duration": 96.63072228431702,
        "total_llm_tokens": 20677,
        "total_cost": 0.23294
      }
    }
  }
}