{
  "timestamp": "2025-07-11T21:33:38.393962",
  "benchmark_results": {
    "gpt-4o-mcp_arxiv_paper_manager": {
      "phases": {
        "1_order_generation": {
          "duration": 1.6115601062774658,
          "input_tokens": 1006,
          "output_tokens": 28,
          "cost": 0.0008607999999999999
        },
        "2_case_gen_search_papers": {
          "duration": 29.391380071640015,
          "input_tokens": 1492,
          "output_tokens": 750,
          "cost": 0.0026936
        },
        "3_case_exec_search_papers": {
          "duration": 35.05825138092041,
          "input_tokens": 0,
          "output_tokens": 0,
          "cost": 0
        },
        "2_case_gen_download_paper": {
          "duration": 34.044416427612305,
          "input_tokens": 15863,
          "output_tokens": 825,
          "cost": 0.0143404
        },
        "3_case_exec_download_paper": {
          "duration": 12.347724437713623,
          "input_tokens": 0,
          "output_tokens": 0,
          "cost": 0
        },
        "2_case_gen_list_papers": {
          "duration": 18.01841902732849,
          "input_tokens": 17725,
          "output_tokens": 648,
          "cost": 0.015476
        },
        "3_case_exec_list_papers": {
          "duration": 0.004476070404052734,
          "input_tokens": 0,
          "output_tokens": 0,
          "cost": 0
        },
        "2_case_gen_read_paper": {
          "duration": 33.154746294021606,
          "input_tokens": 17584,
          "output_tokens": 810,
          "cost": 0.0156872
        },
        "3_case_exec_read_paper": {
          "duration": 0.009507417678833008,
          "input_tokens": 0,
          "output_tokens": 0,
          "cost": 0
        },
        "4_report_generation": {
          "duration": 97.52857184410095,
          "input_tokens": 30011,
          "output_tokens": 1531,
          "cost": 0.0270708
        }
      },
      "suite_summary": {
        "total_duration": 464.1406624317169,
        "total_llm_tokens": 88273,
        "total_cost": 0.0761288
      }
    }
  }
}