{
  "timestamp": "2025-07-01T17:28:35.328668",
  "benchmark_results": {
    "tavily_search_mcp_server_refined-server": {
      "phases": {
        "1_order_generation": {
          "duration": 1.8328790664672852,
          "input_tokens": 1310,
          "output_tokens": 25,
          "cost": 0.013600000000000001
        },
        "2_case_gen_tavily_web_search": {
          "duration": 31.9044988155365,
          "input_tokens": 3284,
          "output_tokens": 795,
          "cost": 0.048740000000000006
        },
        "3_case_exec_tavily_web_search": {
          "duration": 7.177862167358398,
          "input_tokens": 0,
          "output_tokens": 0,
          "cost": 0
        },
        "2_case_gen_tavily_answer_search": {
          "duration": 45.703847885131836,
          "input_tokens": 7360,
          "output_tokens": 753,
          "cost": 0.08866000000000002
        },
        "3_case_exec_tavily_answer_search": {
          "duration": 0.01588153839111328,
          "input_tokens": 0,
          "output_tokens": 0,
          "cost": 0
        },
        "2_case_gen_tavily_news_search": {
          "duration": 29.44771456718445,
          "input_tokens": 9767,
          "output_tokens": 818,
          "cost": 0.11403
        },
        "3_case_exec_tavily_news_search": {
          "duration": 15.064754724502563,
          "input_tokens": 0,
          "output_tokens": 0,
          "cost": 0
        },
        "4_report_generation": {
          "duration": 101.69660186767578,
          "input_tokens": 10814,
          "output_tokens": 1494,
          "cost": 0.13802000000000003
        }
      },
      "suite_summary": {
        "total_duration": 354.6607937812805,
        "total_llm_tokens": 36420,
        "total_cost": 0.4030500000000001
      }
    }
  }
}