{
  "timestamp": "2025-07-01T18:51:19.268690",
  "benchmark_results": {
    "mcp_word_processor_refined-server": {
      "phases": {
        "1_order_generation": {
          "duration": 1.6890952587127686,
          "input_tokens": 1778,
          "output_tokens": 45,
          "cost": 0.018680000000000002
        },
        "2_case_gen_create_document": {
          "duration": 28.292765378952026,
          "input_tokens": 8818,
          "output_tokens": 924,
          "cost": 0.10666
        },
        "3_case_exec_create_document": {
          "duration": 0.024047136306762695,
          "input_tokens": 0,
          "output_tokens": 0,
          "cost": 0
        },
        "2_case_gen_add_paragraph": {
          "duration": 52.80519390106201,
          "input_tokens": 10819,
          "output_tokens": 1250,
          "cost": 0.13319
        },
        "3_case_exec_add_paragraph": {
          "duration": 0.06359505653381348,
          "input_tokens": 0,
          "output_tokens": 0,
          "cost": 0
        },
        "2_case_gen_add_heading": {
          "duration": 42.89168453216553,
          "input_tokens": 13069,
          "output_tokens": 1214,
          "cost": 0.15497
        },
        "3_case_exec_add_heading": {
          "duration": 0.00507044792175293,
          "input_tokens": 0,
          "output_tokens": 0,
          "cost": 0
        },
        "2_case_gen_create_custom_style": {
          "duration": 44.89989948272705,
          "input_tokens": 15474,
          "output_tokens": 1358,
          "cost": 0.1819
        },
        "3_case_exec_create_custom_style": {
          "duration": 0.040158987045288086,
          "input_tokens": 0,
          "output_tokens": 0,
          "cost": 0
        },
        "2_case_gen_format_text": {
          "duration": 4.623416185379028,
          "input_tokens": 17682,
          "output_tokens": 20,
          "cost": 0.17722000000000002
        },
        "3_case_exec_format_text": {
          "duration": 4.688884258270264,
          "input_tokens": 0,
          "output_tokens": 0,
          "cost": 0
        },
        "2_case_gen_add_footnote_to_document": {
          "duration": 37.9587037563324,
          "input_tokens": 17597,
          "output_tokens": 1138,
          "cost": 0.19873000000000002
        },
        "3_case_exec_add_footnote_to_document": {
          "duration": 0.04871201515197754,
          "input_tokens": 0,
          "output_tokens": 0,
          "cost": 0
        },
        "2_case_gen_protect_document": {
          "duration": 43.65735340118408,
          "input_tokens": 19712,
          "output_tokens": 1084,
          "cost": 0.21880000000000002
        },
        "3_case_exec_protect_document": {
          "duration": 0.16373372077941895,
          "input_tokens": 0,
          "output_tokens": 0,
          "cost": 0
        },
        "4_report_generation": {
          "duration": 71.35064673423767,
          "input_tokens": 16136,
          "output_tokens": 2134,
          "cost": 0.20404
        }
      },
      "suite_summary": {
        "total_duration": 344.97149562835693,
        "total_llm_tokens": 130252,
        "total_cost": 1.3941900000000003
      }
    }
  }
}