{
  "timestamp": "2025-07-11T21:33:36.067582",
  "benchmark_results": {
    "gemini-2.5-pro-mcp_duckduckgo_search_fetcher": {
      "phases": {
        "1_order_generation": {
          "duration": 0.9143457412719727,
          "input_tokens": 641,
          "output_tokens": 16,
          "cost": 0.0005448
        },
        "2_case_gen_DuckDuckGo_search": {
          "duration": 28.846088886260986,
          "input_tokens": 1467,
          "output_tokens": 762,
          "cost": 0.0026975999999999997
        },
        "3_case_exec_DuckDuckGo_search": {
          "duration": 0.34810781478881836,
          "input_tokens": 0,
          "output_tokens": 0,
          "cost": 0
        },
        "2_case_gen_fetch_content": {
          "duration": 31.721653699874878,
          "input_tokens": 3881,
          "output_tokens": 813,
          "cost": 0.0047308
        },
        "3_case_exec_fetch_content": {
          "duration": 0.18307900428771973,
          "input_tokens": 0,
          "output_tokens": 0,
          "cost": 0
        },
        "4_report_generation": {
          "duration": 66.90791463851929,
          "input_tokens": 8039,
          "output_tokens": 1648,
          "cost": 0.0097272
        }
      },
      "suite_summary": {
        "total_duration": 155.2316427230835,
        "total_llm_tokens": 17267,
        "total_cost": 0.017700399999999998
      }
    }
  }
}