{
  "timestamp": "2025-07-01T18:34:05.732043",
  "benchmark_results": {
    "zotero-mcp-main-server": {
      "phases": {
        "1_order_generation": {
          "duration": 1.2164204120635986,
          "input_tokens": 607,
          "output_tokens": 31,
          "cost": 0.006690000000000001
        },
        "2_case_gen_zotero_search_items": {
          "duration": 22.853436946868896,
          "input_tokens": 2587,
          "output_tokens": 746,
          "cost": 0.04079
        },
        "3_case_exec_zotero_search_items": {
          "duration": 1.9942958354949951,
          "input_tokens": 0,
          "output_tokens": 0,
          "cost": 0
        },
        "2_case_gen_zotero_item_metadata": {
          "duration": 24.103938817977905,
          "input_tokens": 4200,
          "output_tokens": 663,
          "cost": 0.055260000000000004
        },
        "3_case_exec_zotero_item_metadata": {
          "duration": 1.6674175262451172,
          "input_tokens": 0,
          "output_tokens": 0,
          "cost": 0
        },
        "2_case_gen_zotero_item_fulltext": {
          "duration": 30.024752140045166,
          "input_tokens": 6395,
          "output_tokens": 687,
          "cost": 0.07769000000000001
        },
        "3_case_exec_zotero_item_fulltext": {
          "duration": 1.6400914192199707,
          "input_tokens": 0,
          "output_tokens": 0,
          "cost": 0
        },
        "4_report_generation": {
          "duration": 48.04129219055176,
          "input_tokens": 7859,
          "output_tokens": 1532,
          "cost": 0.10923000000000001
        }
      },
      "suite_summary": {
        "total_duration": 218.20127153396606,
        "total_llm_tokens": 25307,
        "total_cost": 0.28966000000000003
      }
    }
  }
}