{
  "timestamp": "2025-06-30T22:05:20.013693",
  "benchmark_results": {
    "mcp-official-git-server": {
      "phases": {
        "1_order_generation": {
          "duration": 2.660911798477173,
          "input_tokens": 1419,
          "output_tokens": 72,
          "cost": 0.01563
        },
        "2_case_gen_git_init": {
          "duration": 15.532150745391846,
          "input_tokens": 953,
          "output_tokens": 460,
          "cost": 0.018730000000000004
        },
        "3_case_exec_git_init": {
          "duration": 0.11551022529602051,
          "input_tokens": 0,
          "output_tokens": 0,
          "cost": 0
        },
        "2_case_gen_git_status": {
          "duration": 24.49280309677124,
          "input_tokens": 2272,
          "output_tokens": 803,
          "cost": 0.03878
        },
        "3_case_exec_git_status": {
          "duration": 0.00501251220703125,
          "input_tokens": 0,
          "output_tokens": 0,
          "cost": 0
        },
        "2_case_gen_git_diff_unstaged": {
          "duration": 24.79732584953308,
          "input_tokens": 5838,
          "output_tokens": 865,
          "cost": 0.07568
        },
        "3_case_exec_git_diff_unstaged": {
          "duration": 0.006089448928833008,
          "input_tokens": 0,
          "output_tokens": 0,
          "cost": 0
        },
        "2_case_gen_git_add": {
          "duration": 41.49957489967346,
          "input_tokens": 7471,
          "output_tokens": 1230,
          "cost": 0.09931000000000001
        },
        "3_case_exec_git_add": {
          "duration": 0.003008604049682617,
          "input_tokens": 0,
          "output_tokens": 0,
          "cost": 0
        },
        "2_case_gen_git_diff_staged": {
          "duration": 27.625290155410767,
          "input_tokens": 9763,
          "output_tokens": 846,
          "cost": 0.11455000000000001
        },
        "3_case_exec_git_diff_staged": {
          "duration": 0.007676839828491211,
          "input_tokens": 0,
          "output_tokens": 0,
          "cost": 0
        },
        "2_case_gen_git_commit": {
          "duration": 28.28323006629944,
          "input_tokens": 11342,
          "output_tokens": 988,
          "cost": 0.13318000000000002
        },
        "3_case_exec_git_commit": {
          "duration": 0.006998777389526367,
          "input_tokens": 0,
          "output_tokens": 0,
          "cost": 0
        },
        "2_case_gen_git_log": {
          "duration": 20.66421127319336,
          "input_tokens": 12902,
          "output_tokens": 695,
          "cost": 0.14292000000000002
        },
        "3_case_exec_git_log": {
          "duration": 0.0049970149993896484,
          "input_tokens": 0,
          "output_tokens": 0,
          "cost": 0
        },
        "2_case_gen_git_diff": {
          "duration": 31.39058566093445,
          "input_tokens": 14151,
          "output_tokens": 939,
          "cost": 0.16029000000000002
        },
        "3_case_exec_git_diff": {
          "duration": 0.012997865676879883,
          "input_tokens": 0,
          "output_tokens": 0,
          "cost": 0
        },
        "2_case_gen_git_create_branch": {
          "duration": 22.311434507369995,
          "input_tokens": 15771,
          "output_tokens": 658,
          "cost": 0.17087000000000002
        },
        "3_case_exec_git_create_branch": {
          "duration": 0.0019979476928710938,
          "input_tokens": 0,
          "output_tokens": 0,
          "cost": 0
        },
        "2_case_gen_git_checkout": {
          "duration": 27.158713817596436,
          "input_tokens": 16820,
          "output_tokens": 693,
          "cost": 0.18206000000000003
        },
        "3_case_exec_git_checkout": {
          "duration": 0.013778924942016602,
          "input_tokens": 0,
          "output_tokens": 0,
          "cost": 0
        },
        "2_case_gen_git_show": {
          "duration": 26.04241681098938,
          "input_tokens": 17992,
          "output_tokens": 738,
          "cost": 0.19468000000000002
        },
        "3_case_exec_git_show": {
          "duration": 0.0029981136322021484,
          "input_tokens": 0,
          "output_tokens": 0,
          "cost": 0
        },
        "2_case_gen_git_reset": {
          "duration": 19.620927095413208,
          "input_tokens": 19249,
          "output_tokens": 547,
          "cost": 0.20343000000000003
        },
        "3_case_exec_git_reset": {
          "duration": 0.08053374290466309,
          "input_tokens": 0,
          "output_tokens": 0,
          "cost": 0
        },
        "4_report_generation": {
          "duration": 54.889028549194336,
          "input_tokens": 21226,
          "output_tokens": 1680,
          "cost": 0.24586000000000002
        }
      },
      "suite_summary": {
        "total_duration": 436.6915121078491,
        "total_llm_tokens": 168383,
        "total_cost": 1.79597
      }
    }
  }
}