{
  "timestamp": "2025-07-01T17:03:33.463852",
  "benchmark_results": {
    "flights-mcp-main-server": {
      "phases": {
        "1_order_generation": {
          "duration": 1.3597900867462158,
          "input_tokens": 1986,
          "output_tokens": 24,
          "cost": 0.020340000000000004
        },
        "2_case_gen_search_flights": {
          "duration": 54.204575538635254,
          "input_tokens": 1662,
          "output_tokens": 1546,
          "cost": 0.047540000000000006
        },
        "3_case_exec_search_flights": {
          "duration": 0.017742633819580078,
          "input_tokens": 0,
          "output_tokens": 0,
          "cost": 0
        },
        "2_case_gen_search_multi_city": {
          "duration": 66.48916244506836,
          "input_tokens": 7360,
          "output_tokens": 1812,
          "cost": 0.10984000000000002
        },
        "3_case_exec_search_multi_city": {
          "duration": 0.01651930809020996,
          "input_tokens": 0,
          "output_tokens": 0,
          "cost": 0
        },
        "2_case_gen_get_offer_details": {
          "duration": 14.574552774429321,
          "input_tokens": 10147,
          "output_tokens": 429,
          "cost": 0.11005000000000001
        },
        "3_case_exec_get_offer_details": {
          "duration": 0.0029997825622558594,
          "input_tokens": 0,
          "output_tokens": 0,
          "cost": 0
        },
        "4_report_generation": {
          "duration": 59.58804798126221,
          "input_tokens": 10938,
          "output_tokens": 1635,
          "cost": 0.14208
        }
      },
      "suite_summary": {
        "total_duration": 205.92217755317688,
        "total_llm_tokens": 37539,
        "total_cost": 0.42985000000000007
      }
    }
  }
}