{
  "timestamp": "2025-07-01T18:34:03.127127",
  "benchmark_results": {
    "arxiv-mcp-server-main-server": {
      "phases": {
        "1_order_generation": {
          "duration": 3.1681065559387207,
          "input_tokens": 506,
          "output_tokens": 28,
          "cost": 0.00562
        },
        "2_case_gen_list_papers": {
          "duration": 16.682238817214966,
          "input_tokens": 1078,
          "output_tokens": 559,
          "cost": 0.02196
        },
        "3_case_exec_list_papers": {
          "duration": 0.5924372673034668,
          "input_tokens": 0,
          "output_tokens": 0,
          "cost": 0
        },
        "2_case_gen_search_papers": {
          "duration": 24.438582181930542,
          "input_tokens": 5349,
          "output_tokens": 805,
          "cost": 0.06959
        },
        "3_case_exec_search_papers": {
          "duration": 1.3274765014648438,
          "input_tokens": 0,
          "output_tokens": 0,
          "cost": 0
        },
        "2_case_gen_download_paper": {
          "duration": 30.672199964523315,
          "input_tokens": 13167,
          "output_tokens": 724,
          "cost": 0.14615
        },
        "3_case_exec_download_paper": {
          "duration": 2.2376086711883545,
          "input_tokens": 0,
          "output_tokens": 0,
          "cost": 0
        },
        "2_case_gen_read_paper": {
          "duration": 20.189544200897217,
          "input_tokens": 10517,
          "output_tokens": 542,
          "cost": 0.11601000000000002
        },
        "3_case_exec_read_paper": {
          "duration": 0.010516643524169922,
          "input_tokens": 0,
          "output_tokens": 0,
          "cost": 0
        },
        "4_report_generation": {
          "duration": 69.22212791442871,
          "input_tokens": 12214,
          "output_tokens": 1765,
          "cost": 0.15744000000000002
        }
      },
      "suite_summary": {
        "total_duration": 288.86123752593994,
        "total_llm_tokens": 47254,
        "total_cost": 0.5167700000000001
      }
    }
  }
}