{
  "timestamp": "2025-07-01T18:51:15.950998",
  "benchmark_results": {
    "image_search_download_generate_refined-server": {
      "phases": {
        "1_order_generation": {
          "duration": 0.9356906414031982,
          "input_tokens": 909,
          "output_tokens": 16,
          "cost": 0.009410000000000002
        },
        "2_case_gen_search_images": {
          "duration": 21.835092544555664,
          "input_tokens": 3222,
          "output_tokens": 763,
          "cost": 0.04748000000000001
        },
        "3_case_exec_search_images": {
          "duration": 1.6423890590667725,
          "input_tokens": 0,
          "output_tokens": 0,
          "cost": 0
        },
        "2_case_gen_download_image": {
          "duration": 69.46739268302917,
          "input_tokens": 6655,
          "output_tokens": 1911,
          "cost": 0.10477000000000002
        },
        "3_case_exec_download_image": {
          "duration": 1.234323501586914,
          "input_tokens": 0,
          "output_tokens": 0,
          "cost": 0
        },
        "2_case_gen_generate_icon": {
          "duration": 29.479896545410156,
          "input_tokens": 16309,
          "output_tokens": 818,
          "cost": 0.17945000000000003
        },
        "3_case_exec_generate_icon": {
          "duration": 0.008526802062988281,
          "input_tokens": 0,
          "output_tokens": 0,
          "cost": 0
        },
        "4_report_generation": {
          "duration": 51.399513959884644,
          "input_tokens": 11967,
          "output_tokens": 1575,
          "cost": 0.15117000000000003
        }
      },
      "suite_summary": {
        "total_duration": 204.0509741306305,
        "total_llm_tokens": 44145,
        "total_cost": 0.49228000000000005
      }
    }
  }
}