{
  "timestamp": "2025-07-11T21:33:51.077573",
  "benchmark_results": {
    "qwen-plus-mcp_zotero": {
      "phases": {
        "1_order_generation": {
          "duration": 1.261263132095337,
          "input_tokens": 753,
          "output_tokens": 24,
          "cost": 0.0006504
        },
        "2_case_gen_search_items": {
          "duration": 25.28951144218445,
          "input_tokens": 2304,
          "output_tokens": 738,
          "cost": 0.0033191999999999996
        },
        "3_case_exec_search_items": {
          "duration": 0.45071959495544434,
          "input_tokens": 0,
          "output_tokens": 0,
          "cost": 0
        },
        "2_case_gen_get_item_metadata": {
          "duration": 41.62801957130432,
          "input_tokens": 5203,
          "output_tokens": 810,
          "cost": 0.0057824
        },
        "3_case_exec_get_item_metadata": {
          "duration": 0.6848576068878174,
          "input_tokens": 0,
          "output_tokens": 0,
          "cost": 0
        },
        "2_case_gen_get_item_fulltext": {
          "duration": 33.88921666145325,
          "input_tokens": 12011,
          "output_tokens": 808,
          "cost": 0.011224799999999998
        },
        "3_case_exec_get_item_fulltext": {
          "duration": 0.43140697479248047,
          "input_tokens": 0,
          "output_tokens": 0,
          "cost": 0
        },
        "4_report_generation": {
          "duration": 68.33718156814575,
          "input_tokens": 9932,
          "output_tokens": 1637,
          "cost": 0.0112196
        }
      },
      "suite_summary": {
        "total_duration": 201.01764917373657,
        "total_llm_tokens": 34220,
        "total_cost": 0.0321964
      }
    }
  }
}