{
  "timestamp": "2025-07-11T21:33:37.025281",
  "benchmark_results": {
    "gpt-4o-mcp_word_document_automation": {
      "phases": {
        "1_order_generation": {
          "duration": 2.534660577774048,
          "input_tokens": 1295,
          "output_tokens": 54,
          "cost": 0.001144
        },
        "2_case_gen_create_document": {
          "duration": 2.4690399169921875,
          "input_tokens": 1281,
          "output_tokens": 54,
          "cost": 0.0011328
        },
        "3_case_exec_create_document": {
          "duration": 0.02152562141418457,
          "input_tokens": 0,
          "output_tokens": 0,
          "cost": 0
        },
        "2_case_gen_add_paragraph": {
          "duration": 34.15589761734009,
          "input_tokens": 1430,
          "output_tokens": 940,
          "cost": 0.0030239999999999998
        },
        "3_case_exec_add_paragraph": {
          "duration": 0.007508277893066406,
          "input_tokens": 0,
          "output_tokens": 0,
          "cost": 0
        },
        "2_case_gen_add_heading": {
          "duration": 39.734604835510254,
          "input_tokens": 2999,
          "output_tokens": 1018,
          "cost": 0.0044352
        },
        "3_case_exec_add_heading": {
          "duration": 0.00441741943359375,
          "input_tokens": 0,
          "output_tokens": 0,
          "cost": 0
        },
        "2_case_gen_add_table": {
          "duration": 28.678130865097046,
          "input_tokens": 3032,
          "output_tokens": 819,
          "cost": 0.0040636
        },
        "3_case_exec_add_table": {
          "duration": 0.00501251220703125,
          "input_tokens": 0,
          "output_tokens": 0,
          "cost": 0
        },
        "2_case_gen_add_page_break": {
          "duration": 27.512993097305298,
          "input_tokens": 2965,
          "output_tokens": 696,
          "cost": 0.003764
        },
        "3_case_exec_add_page_break": {
          "duration": 0.005007743835449219,
          "input_tokens": 0,
          "output_tokens": 0,
          "cost": 0
        },
        "2_case_gen_save_document": {
          "duration": 21.810059309005737,
          "input_tokens": 2961,
          "output_tokens": 626,
          "cost": 0.0036207999999999995
        },
        "3_case_exec_save_document": {
          "duration": 0.022305727005004883,
          "input_tokens": 0,
          "output_tokens": 0,
          "cost": 0
        },
        "2_case_gen_save_as_document": {
          "duration": 38.11363363265991,
          "input_tokens": 3019,
          "output_tokens": 1027,
          "cost": 0.0044691999999999996
        },
        "3_case_exec_save_as_document": {
          "duration": 0.029680967330932617,
          "input_tokens": 0,
          "output_tokens": 0,
          "cost": 0
        },
        "2_case_gen_create_document_copy": {
          "duration": 34.818413734436035,
          "input_tokens": 3133,
          "output_tokens": 976,
          "cost": 0.0044583999999999995
        },
        "3_case_exec_create_document_copy": {
          "duration": 0.005396842956542969,
          "input_tokens": 0,
          "output_tokens": 0,
          "cost": 0
        },
        "2_case_gen_open_document": {
          "duration": 44.23173642158508,
          "input_tokens": 3275,
          "output_tokens": 986,
          "cost": 0.004592
        },
        "3_case_exec_open_document": {
          "duration": 0.02002692222595215,
          "input_tokens": 0,
          "output_tokens": 0,
          "cost": 0
        },
        "4_report_generation": {
          "duration": 49.48252582550049,
          "input_tokens": 15984,
          "output_tokens": 1450,
          "cost": 0.0156872
        }
      },
      "suite_summary": {
        "total_duration": 329.4102303981781,
        "total_llm_tokens": 50020,
        "total_cost": 0.0503912
      }
    }
  }
}