{
  "timestamp": "2025-07-01T18:51:15.744617",
  "benchmark_results": {
    "mcp_flight_query_server_refined-server": {
      "phases": {
        "1_order_generation": {
          "duration": 1.155149221420288,
          "input_tokens": 1437,
          "output_tokens": 19,
          "cost": 0.014750000000000001
        },
        "2_case_gen_search_flights": {
          "duration": 34.98881411552429,
          "input_tokens": 3513,
          "output_tokens": 1126,
          "cost": 0.05765000000000001
        },
        "3_case_exec_search_flights": {
          "duration": 0.4189608097076416,
          "input_tokens": 0,
          "output_tokens": 0,
          "cost": 0
        },
        "2_case_gen_get_offer_details": {
          "duration": 14.513074398040771,
          "input_tokens": 3491,
          "output_tokens": 522,
          "cost": 0.04535
        },
        "3_case_exec_get_offer_details": {
          "duration": 0.41139912605285645,
          "input_tokens": 0,
          "output_tokens": 0,
          "cost": 0
        },
        "2_case_gen_search_multi_city": {
          "duration": 48.764206647872925,
          "input_tokens": 12449,
          "output_tokens": 1530,
          "cost": 0.15509
        },
        "3_case_exec_search_multi_city": {
          "duration": 0.0040013790130615234,
          "input_tokens": 0,
          "output_tokens": 0,
          "cost": 0
        },
        "4_report_generation": {
          "duration": 49.740660667419434,
          "input_tokens": 8783,
          "output_tokens": 1322,
          "cost": 0.11427000000000001
        }
      },
      "suite_summary": {
        "total_duration": 164.38508081436157,
        "total_llm_tokens": 34192,
        "total_cost": 0.38711000000000007
      }
    }
  }
}