{
  "timestamp": "2025-07-11T21:33:43.482477",
  "benchmark_results": {
    "gemini-2.5-pro-mcp_tavily_web_search": {
      "phases": {
        "1_order_generation": {
          "duration": 2.4912564754486084,
          "input_tokens": 1550,
          "output_tokens": 30,
          "cost": 0.0013
        },
        "2_case_gen_tavily_web_search": {
          "duration": 29.913900136947632,
          "input_tokens": 1669,
          "output_tokens": 768,
          "cost": 0.0028712
        },
        "3_case_exec_tavily_web_search": {
          "duration": 3.118128538131714,
          "input_tokens": 0,
          "output_tokens": 0,
          "cost": 0
        },
        "2_case_gen_tavily_news_search": {
          "duration": 31.475319862365723,
          "input_tokens": 12021,
          "output_tokens": 793,
          "cost": 0.0112028
        },
        "3_case_exec_tavily_news_search": {
          "duration": 5.21214747428894,
          "input_tokens": 0,
          "output_tokens": 0,
          "cost": 0
        },
        "2_case_gen_tavily_answer_search": {
          "duration": 35.89546275138855,
          "input_tokens": 27375,
          "output_tokens": 785,
          "cost": 0.023469999999999998
        },
        "3_case_exec_tavily_answer_search": {
          "duration": 6.143605470657349,
          "input_tokens": 0,
          "output_tokens": 0,
          "cost": 0
        },
        "4_report_generation": {
          "duration": 127.73365449905396,
          "input_tokens": 44162,
          "output_tokens": 1956,
          "cost": 0.039241599999999995
        }
      },
      "suite_summary": {
        "total_duration": 396.60812544822693,
        "total_llm_tokens": 91109,
        "total_cost": 0.07808559999999999
      }
    }
  }
}