{
  "timestamp": "2025-07-01T18:34:03.364291",
  "benchmark_results": {
    "academic-search-mcp-server-master-server": {
      "phases": {
        "1_order_generation": {
          "duration": 1.8998284339904785,
          "input_tokens": 704,
          "output_tokens": 24,
          "cost": 0.007520000000000001
        },
        "2_case_gen_search_by_topic": {
          "duration": 41.63959789276123,
          "input_tokens": 1274,
          "output_tokens": 872,
          "cost": 0.030180000000000002
        },
        "3_case_exec_search_by_topic": {
          "duration": 6.335574150085449,
          "input_tokens": 0,
          "output_tokens": 0,
          "cost": 0
        },
        "2_case_gen_search_papers": {
          "duration": 21.089090585708618,
          "input_tokens": 6636,
          "output_tokens": 604,
          "cost": 0.07844000000000001
        },
        "3_case_exec_search_papers": {
          "duration": 9.348106145858765,
          "input_tokens": 0,
          "output_tokens": 0,
          "cost": 0
        },
        "2_case_gen_fetch_paper_details": {
          "duration": 22.293827533721924,
          "input_tokens": 10317,
          "output_tokens": 638,
          "cost": 0.11593
        },
        "3_case_exec_fetch_paper_details": {
          "duration": 1.6606111526489258,
          "input_tokens": 0,
          "output_tokens": 0,
          "cost": 0
        },
        "4_report_generation": {
          "duration": 60.41852641105652,
          "input_tokens": 11224,
          "output_tokens": 1581,
          "cost": 0.14386000000000002
        }
      },
      "suite_summary": {
        "total_duration": 352.0305347442627,
        "total_llm_tokens": 33874,
        "total_cost": 0.37593000000000004
      }
    }
  }
}