{
  "timestamp": "2025-07-01T17:28:31.883810",
  "benchmark_results": {
    "mcp_data_explorer_with_pandas__refined-server": {
      "phases": {
        "1_order_generation": {
          "duration": 1.351747751235962,
          "input_tokens": 746,
          "output_tokens": 23,
          "cost": 0.00792
        },
        "2_case_gen_load_dataset": {
          "duration": 62.03530406951904,
          "input_tokens": 1333,
          "output_tokens": 1066,
          "cost": 0.03465
        },
        "3_case_exec_load_dataset": {
          "duration": 0.0055065155029296875,
          "input_tokens": 0,
          "output_tokens": 0,
          "cost": 0
        },
        "2_case_gen_get_basic_stats": {
          "duration": 24.87621569633484,
          "input_tokens": 4531,
          "output_tokens": 737,
          "cost": 0.060050000000000006
        },
        "3_case_exec_get_basic_stats": {
          "duration": 0.00950932502746582,
          "input_tokens": 0,
          "output_tokens": 0,
          "cost": 0
        },
        "2_case_gen_get_column_info": {
          "duration": 38.56353974342346,
          "input_tokens": 7104,
          "output_tokens": 763,
          "cost": 0.0863
        },
        "3_case_exec_get_column_info": {
          "duration": 0.011043548583984375,
          "input_tokens": 0,
          "output_tokens": 0,
          "cost": 0
        },
        "4_report_generation": {
          "duration": 54.31070637702942,
          "input_tokens": 7491,
          "output_tokens": 1556,
          "cost": 0.10603000000000001
        }
      },
      "suite_summary": {
        "total_duration": 188.25799012184143,
        "total_llm_tokens": 25350,
        "total_cost": 0.29495000000000005
      }
    }
  }
}