{
  "timestamp": "2025-07-01T18:34:05.480263",
  "benchmark_results": {
    "my-mcp-ssh-master-server": {
      "phases": {
        "1_order_generation": {
          "duration": 1.5593998432159424,
          "input_tokens": 1430,
          "output_tokens": 31,
          "cost": 0.014920000000000003
        },
        "2_case_gen_connect": {
          "duration": 35.21701431274414,
          "input_tokens": 2235,
          "output_tokens": 1030,
          "cost": 0.04295
        },
        "3_case_exec_connect": {
          "duration": 0.28838562965393066,
          "input_tokens": 0,
          "output_tokens": 0,
          "cost": 0
        },
        "2_case_gen_list_sessions": {
          "duration": 23.14267873764038,
          "input_tokens": 3585,
          "output_tokens": 560,
          "cost": 0.04705
        },
        "3_case_exec_list_sessions": {
          "duration": 0.02903008460998535,
          "input_tokens": 0,
          "output_tokens": 0,
          "cost": 0
        },
        "2_case_gen_execute": {
          "duration": 28.352218627929688,
          "input_tokens": 6387,
          "output_tokens": 916,
          "cost": 0.08219000000000001
        },
        "3_case_exec_execute": {
          "duration": 0.06439733505249023,
          "input_tokens": 0,
          "output_tokens": 0,
          "cost": 0
        },
        "2_case_gen_upload": {
          "duration": 38.38963603973389,
          "input_tokens": 8749,
          "output_tokens": 1268,
          "cost": 0.11285
        },
        "3_case_exec_upload": {
          "duration": 0.35979294776916504,
          "input_tokens": 0,
          "output_tokens": 0,
          "cost": 0
        },
        "2_case_gen_download": {
          "duration": 39.2631356716156,
          "input_tokens": 11031,
          "output_tokens": 1048,
          "cost": 0.13127
        },
        "3_case_exec_download": {
          "duration": 0.011664867401123047,
          "input_tokens": 0,
          "output_tokens": 0,
          "cost": 0
        },
        "2_case_gen_disconnect": {
          "duration": 17.933507204055786,
          "input_tokens": 13041,
          "output_tokens": 538,
          "cost": 0.14117
        },
        "3_case_exec_disconnect": {
          "duration": 0.0715172290802002,
          "input_tokens": 0,
          "output_tokens": 0,
          "cost": 0
        },
        "4_report_generation": {
          "duration": 62.13374853134155,
          "input_tokens": 14432,
          "output_tokens": 1832,
          "cost": 0.18096
        }
      },
      "suite_summary": {
        "total_duration": 300.366929769516,
        "total_llm_tokens": 68113,
        "total_cost": 0.75336
      }
    }
  }
}