{
  "timestamp": "2025-07-11T21:33:51.996137",
  "benchmark_results": {
    "qwen-plus-mcp_git_repo_manager": {
      "phases": {
        "1_order_generation": {
          "duration": 2.2695446014404297,
          "input_tokens": 3309,
          "output_tokens": 79,
          "cost": 0.0028052
        },
        "2_case_gen_write_to_temp_file": {
          "duration": 48.25979709625244,
          "input_tokens": 4074,
          "output_tokens": 1168,
          "cost": 0.0055952
        },
        "3_case_exec_write_to_temp_file": {
          "duration": 0.004508495330810547,
          "input_tokens": 0,
          "output_tokens": 0,
          "cost": 0
        },
        "2_case_gen_git_init": {
          "duration": 32.72526478767395,
          "input_tokens": 5662,
          "output_tokens": 896,
          "cost": 0.0063216
        },
        "3_case_exec_git_init": {
          "duration": 0.23683738708496094,
          "input_tokens": 0,
          "output_tokens": 0,
          "cost": 0
        },
        "2_case_gen_git_status": {
          "duration": 31.35093593597412,
          "input_tokens": 12046,
          "output_tokens": 985,
          "cost": 0.011606799999999999
        },
        "3_case_exec_git_status": {
          "duration": 0.004506826400756836,
          "input_tokens": 0,
          "output_tokens": 0,
          "cost": 0
        },
        "2_case_gen_git_add": {
          "duration": 62.59914493560791,
          "input_tokens": 11278,
          "output_tokens": 1375,
          "cost": 0.011772399999999999
        },
        "3_case_exec_git_add": {
          "duration": 0.003999948501586914,
          "input_tokens": 0,
          "output_tokens": 0,
          "cost": 0
        },
        "2_case_gen_git_diff_unstaged": {
          "duration": 38.33974003791809,
          "input_tokens": 9273,
          "output_tokens": 1046,
          "cost": 0.009510399999999999
        },
        "3_case_exec_git_diff_unstaged": {
          "duration": 0.0075168609619140625,
          "input_tokens": 0,
          "output_tokens": 0,
          "cost": 0
        },
        "2_case_gen_git_diff_staged": {
          "duration": 34.96524906158447,
          "input_tokens": 9247,
          "output_tokens": 1036,
          "cost": 0.0094696
        },
        "3_case_exec_git_diff_staged": {
          "duration": 0.003998994827270508,
          "input_tokens": 0,
          "output_tokens": 0,
          "cost": 0
        },
        "2_case_gen_git_commit": {
          "duration": 43.33002972602844,
          "input_tokens": 9276,
          "output_tokens": 1173,
          "cost": 0.009766799999999999
        },
        "3_case_exec_git_commit": {
          "duration": 0.008433341979980469,
          "input_tokens": 0,
          "output_tokens": 0,
          "cost": 0
        },
        "2_case_gen_git_log": {
          "duration": 35.3396999835968,
          "input_tokens": 9251,
          "output_tokens": 930,
          "cost": 0.0092608
        },
        "3_case_exec_git_log": {
          "duration": 0.0045468807220458984,
          "input_tokens": 0,
          "output_tokens": 0,
          "cost": 0
        },
        "2_case_gen_git_diff": {
          "duration": 40.10505414009094,
          "input_tokens": 9353,
          "output_tokens": 1201,
          "cost": 0.0098844
        },
        "3_case_exec_git_diff": {
          "duration": 0.007511138916015625,
          "input_tokens": 0,
          "output_tokens": 0,
          "cost": 0
        },
        "2_case_gen_git_reset": {
          "duration": 35.396077156066895,
          "input_tokens": 9574,
          "output_tokens": 971,
          "cost": 0.009601199999999999
        },
        "3_case_exec_git_reset": {
          "duration": 0.0045070648193359375,
          "input_tokens": 0,
          "output_tokens": 0,
          "cost": 0
        },
        "2_case_gen_git_create_branch": {
          "duration": 26.529398918151855,
          "input_tokens": 9567,
          "output_tokens": 764,
          "cost": 0.0091816
        },
        "3_case_exec_git_create_branch": {
          "duration": 0.007519245147705078,
          "input_tokens": 0,
          "output_tokens": 0,
          "cost": 0
        },
        "2_case_gen_git_checkout": {
          "duration": 25.359405279159546,
          "input_tokens": 8355,
          "output_tokens": 717,
          "cost": 0.008118
        },
        "3_case_exec_git_checkout": {
          "duration": 0.0040013790130615234,
          "input_tokens": 0,
          "output_tokens": 0,
          "cost": 0
        },
        "2_case_gen_git_show": {
          "duration": 30.787002086639404,
          "input_tokens": 8357,
          "output_tokens": 775,
          "cost": 0.0082356
        },
        "3_case_exec_git_show": {
          "duration": 0.006056308746337891,
          "input_tokens": 0,
          "output_tokens": 0,
          "cost": 0
        },
        "4_report_generation": {
          "duration": 92.22547888755798,
          "input_tokens": 34533,
          "output_tokens": 1631,
          "cost": 0.0308884
        }
      },
      "suite_summary": {
        "total_duration": 588.5493245124817,
        "total_llm_tokens": 167902,
        "total_cost": 0.15201800000000001
      }
    }
  }
}