{
  "timestamp": "2025-07-01T18:34:05.078845",
  "benchmark_results": {
    "unsplash-mcp-server-main-server": {
      "phases": {
        "1_order_generation": {
          "duration": 0.8727848529815674,
          "input_tokens": 577,
          "output_tokens": 8,
          "cost": 0.005930000000000001
        },
        "2_case_gen_search_photos": {
          "duration": 19.865600109100342,
          "input_tokens": 2571,
          "output_tokens": 737,
          "cost": 0.04045000000000001
        },
        "3_case_exec_search_photos": {
          "duration": 1.5607492923736572,
          "input_tokens": 0,
          "output_tokens": 0,
          "cost": 0
        },
        "4_report_generation": {
          "duration": 51.173088788986206,
          "input_tokens": 8705,
          "output_tokens": 1310,
          "cost": 0.11325
        }
      },
      "suite_summary": {
        "total_duration": 93.83867597579956,
        "total_llm_tokens": 13908,
        "total_cost": 0.15963
      }
    }
  }
}