{
  "timestamp": "2025-06-30T22:05:19.143429",
  "benchmark_results": {
    "mysql_mcp_server-main-server": {
      "phases": {
        "1_order_generation": {
          "duration": 0.6609623432159424,
          "input_tokens": 168,
          "output_tokens": 8,
          "cost": 0.00184
        },
        "2_case_gen_execute_sql": {
          "duration": 18.235807418823242,
          "input_tokens": 1685,
          "output_tokens": 579,
          "cost": 0.028430000000000004
        },
        "3_case_exec_execute_sql": {
          "duration": 0.15676403045654297,
          "input_tokens": 0,
          "output_tokens": 0,
          "cost": 0
        },
        "4_report_generation": {
          "duration": 47.24713373184204,
          "input_tokens": 2881,
          "output_tokens": 1521,
          "cost": 0.059230000000000005
        }
      },
      "suite_summary": {
        "total_duration": 82.8831295967102,
        "total_llm_tokens": 6842,
        "total_cost": 0.08950000000000001
      }
    }
  }
}