Category,Server Count,Avg Improvement,Improved Percentage,Functionality Improvement,Robustness Improvement,Security Improvement,Performance Improvement,Transparency Improvement
Data/Content Retrieval,14,3.0061224489795926,57.14285714285714,0.1448979591836661,1.5183673469387813,0.5816326530612201,-0.204081632653061,0.8632653061224511
File/Format Processing,5,0.5904761904761902,60.0,0.2952380952380942,-0.8666666666666671,0.6190476190476168,0.5333333333333314,0.2952380952380942
Application/System Integration,6,0.34126984126984183,66.66666666666666,-0.9722222222222214,0.75,0.37698412698412653,-0.0833333333333357,0.2698412698412689
