模型,Functionality,Robustness,Security,Performance,Transparency
Public Baseline,24.663600000000002,17.17,17.7408,17.4248,7.7688000000000015
MCPybarra-gemini,23.436000000000003,17.574,18.189999999999998,17.294,8.256
MCPybarra-gpt4o,20.986,15.81,16.778,17.086000000000002,7.646
MCPybarra-qwen-max,24.497200000000003,17.8472,18.2948,17.392,8.383199999999999
MCPybarra-qwen-max-latest,22.676000000000002,16.412000000000003,17.058,16.523999999999997,7.94
MCPybarra-qwen-plus,21.722,16.3952,17.317999999999998,16.5952,7.9232000000000005
MetaGPT,18.606190476190474,16.142857142857142,17.12238095238095,16.38190476190476,7.734761904761905
