模型,Functionality,Robustness,Security,Performance,Transparency
MCPybarra-gemini,-1.227599999999999,0.4039999999999999,0.4491999999999976,-0.1308000000000007,0.48719999999999875
MCPybarra-gpt4o,-3.6776000000000018,-1.3600000000000012,-0.9628000000000014,-0.3387999999999991,-0.12280000000000157
MCPybarra-qwen-max,-0.16639999999999944,0.6771999999999991,0.5539999999999985,-0.03280000000000172,0.6143999999999972
MCPybarra-qwen-max-latest,-1.9876000000000005,-0.7579999999999991,-0.6828000000000003,-0.9008000000000038,0.1711999999999989
MCPybarra-qwen-plus,-2.941600000000001,-0.7748000000000026,-0.4228000000000023,-0.8296000000000028,0.15439999999999898
MetaGPT,-6.057409523809529,-1.0271428571428594,-0.6184190476190494,-1.042895238095241,-0.03403809523809631
