{
  "timestamp": "2025-06-30T22:35:05.404788",
  "benchmark_results": {
    "duckduckgo_search_and_fetch_co_refined-server": {
      "phases": {
        "1_order_generation": {
          "duration": 1.073148488998413,
          "input_tokens": 407,
          "output_tokens": 18,
          "cost": 0.004430000000000001
        },
        "2_case_gen_perform_duckduckgo_search": {
          "duration": 19.959692239761353,
          "input_tokens": 1620,
          "output_tokens": 606,
          "cost": 0.028320000000000005
        },
        "3_case_exec_perform_duckduckgo_search": {
          "duration": 1.5393779277801514,
          "input_tokens": 0,
          "output_tokens": 0,
          "cost": 0
        },
        "2_case_gen_fetch_webpage_content": {
          "duration": 23.804703950881958,
          "input_tokens": 9305,
          "output_tokens": 719,
          "cost": 0.10743000000000001
        },
        "3_case_exec_fetch_webpage_content": {
          "duration": 0.0050051212310791016,
          "input_tokens": 0,
          "output_tokens": 0,
          "cost": 0
        },
        "4_report_generation": {
          "duration": 56.59324598312378,
          "input_tokens": 7260,
          "output_tokens": 1749,
          "cost": 0.10758000000000001
        }
      },
      "suite_summary": {
        "total_duration": 135.30447030067444,
        "total_llm_tokens": 21684,
        "total_cost": 0.24776000000000004
      }
    }
  }
}