{
  "timestamp": "2025-07-01T17:28:31.219056",
  "benchmark_results": {
    "duckduckgo_search_and_fetch_co_refined-server": {
      "phases": {
        "1_order_generation": {
          "duration": 1.1685960292816162,
          "input_tokens": 407,
          "output_tokens": 22,
          "cost": 0.004510000000000001
        },
        "2_case_gen_perform_duckduckgo_search": {
          "duration": 33.35323643684387,
          "input_tokens": 1250,
          "output_tokens": 754,
          "cost": 0.02758
        },
        "3_case_exec_perform_duckduckgo_search": {
          "duration": 1.6075174808502197,
          "input_tokens": 0,
          "output_tokens": 0,
          "cost": 0
        },
        "2_case_gen_fetch_webpage_content": {
          "duration": 23.789950609207153,
          "input_tokens": 6051,
          "output_tokens": 776,
          "cost": 0.07603000000000001
        },
        "3_case_exec_fetch_webpage_content": {
          "duration": 1.5245003700256348,
          "input_tokens": 0,
          "output_tokens": 0,
          "cost": 0
        },
        "4_report_generation": {
          "duration": 53.24376463890076,
          "input_tokens": 7246,
          "output_tokens": 1570,
          "cost": 0.10386000000000001
        }
      },
      "suite_summary": {
        "total_duration": 140.50810956954956,
        "total_llm_tokens": 18076,
        "total_cost": 0.21198000000000003
      }
    }
  }
}