{
  "timestamp": "2025-06-30T22:35:08.720950",
  "benchmark_results": {
    "mysql_mcp_server_refined-server": {
      "phases": {
        "1_order_generation": {
          "duration": 1.0408287048339844,
          "input_tokens": 977,
          "output_tokens": 16,
          "cost": 0.010090000000000002
        },
        "2_case_gen_list_resources": {
          "duration": 13.117149829864502,
          "input_tokens": 3120,
          "output_tokens": 296,
          "cost": 0.03712
        },
        "3_case_exec_list_resources": {
          "duration": 0.14888834953308105,
          "input_tokens": 0,
          "output_tokens": 0,
          "cost": 0
        },
        "2_case_gen_read_resource": {
          "duration": 24.72518038749695,
          "input_tokens": 3992,
          "output_tokens": 757,
          "cost": 0.055060000000000005
        },
        "3_case_exec_read_resource": {
          "duration": 0.14852571487426758,
          "input_tokens": 0,
          "output_tokens": 0,
          "cost": 0
        },
        "2_case_gen_execute_sql": {
          "duration": 27.33737325668335,
          "input_tokens": 7405,
          "output_tokens": 783,
          "cost": 0.08971000000000001
        },
        "3_case_exec_execute_sql": {
          "duration": 0.20609593391418457,
          "input_tokens": 0,
          "output_tokens": 0,
          "cost": 0
        },
        "4_report_generation": {
          "duration": 50.12707877159119,
          "input_tokens": 8886,
          "output_tokens": 1676,
          "cost": 0.12238000000000002
        }
      },
      "suite_summary": {
        "total_duration": 136.38904356956482,
        "total_llm_tokens": 27908,
        "total_cost": 0.31436000000000003
      }
    }
  }
}