{
  "timestamp": "2025-07-01T17:03:36.588809",
  "benchmark_results": {
    "zotero-mcp-main-server": {
      "phases": {
        "1_order_generation": {
          "duration": 1.9587163925170898,
          "input_tokens": 607,
          "output_tokens": 31,
          "cost": 0.006690000000000001
        },
        "2_case_gen_zotero_search_items": {
          "duration": 25.62028956413269,
          "input_tokens": 2545,
          "output_tokens": 721,
          "cost": 0.03987
        },
        "3_case_exec_zotero_search_items": {
          "duration": 1.7677090167999268,
          "input_tokens": 0,
          "output_tokens": 0,
          "cost": 0
        },
        "2_case_gen_zotero_item_metadata": {
          "duration": 22.48996901512146,
          "input_tokens": 4385,
          "output_tokens": 498,
          "cost": 0.05381000000000001
        },
        "3_case_exec_zotero_item_metadata": {
          "duration": 2.188595771789551,
          "input_tokens": 0,
          "output_tokens": 0,
          "cost": 0
        },
        "2_case_gen_zotero_item_fulltext": {
          "duration": 17.508094787597656,
          "input_tokens": 5965,
          "output_tokens": 601,
          "cost": 0.07167
        },
        "3_case_exec_zotero_item_fulltext": {
          "duration": 1.6903033256530762,
          "input_tokens": 0,
          "output_tokens": 0,
          "cost": 0
        },
        "4_report_generation": {
          "duration": 49.24925875663757,
          "input_tokens": 6768,
          "output_tokens": 1442,
          "cost": 0.09652000000000001
        }
      },
      "suite_summary": {
        "total_duration": 189.30228543281555,
        "total_llm_tokens": 23563,
        "total_cost": 0.26856
      }
    }
  }
}