{
  "timestamp": "2025-07-01T17:28:34.829447",
  "benchmark_results": {
    "mongodb_mcp_server_operations_refined-server": {
      "phases": {
        "1_order_generation": {
          "duration": 1.8365614414215088,
          "input_tokens": 1914,
          "output_tokens": 49,
          "cost": 0.020120000000000002
        },
        "2_case_gen_mcp_list_databases": {
          "duration": 27.383928537368774,
          "input_tokens": 3319,
          "output_tokens": 496,
          "cost": 0.04311
        },
        "3_case_exec_mcp_list_databases": {
          "duration": 0.011001110076904297,
          "input_tokens": 0,
          "output_tokens": 0,
          "cost": 0
        },
        "2_case_gen_mcp_list_collections": {
          "duration": 18.819066762924194,
          "input_tokens": 4758,
          "output_tokens": 571,
          "cost": 0.059000000000000004
        },
        "3_case_exec_mcp_list_collections": {
          "duration": 0.016005754470825195,
          "input_tokens": 0,
          "output_tokens": 0,
          "cost": 0
        },
        "2_case_gen_mcp_insert_document": {
          "duration": 36.94113779067993,
          "input_tokens": 5981,
          "output_tokens": 1151,
          "cost": 0.08283
        },
        "3_case_exec_mcp_insert_document": {
          "duration": 0.01999974250793457,
          "input_tokens": 0,
          "output_tokens": 0,
          "cost": 0
        },
        "2_case_gen_mcp_find_documents": {
          "duration": 33.805793046951294,
          "input_tokens": 8301,
          "output_tokens": 1006,
          "cost": 0.10313
        },
        "3_case_exec_mcp_find_documents": {
          "duration": 0.016520023345947266,
          "input_tokens": 0,
          "output_tokens": 0,
          "cost": 0
        },
        "2_case_gen_mcp_update_document": {
          "duration": 74.84241366386414,
          "input_tokens": 10880,
          "output_tokens": 1352,
          "cost": 0.13584000000000002
        },
        "3_case_exec_mcp_update_document": {
          "duration": 0.04862356185913086,
          "input_tokens": 0,
          "output_tokens": 0,
          "cost": 0
        },
        "2_case_gen_mcp_delete_document": {
          "duration": 65.8396806716919,
          "input_tokens": 13732,
          "output_tokens": 1085,
          "cost": 0.15902
        },
        "3_case_exec_mcp_delete_document": {
          "duration": 0.05099892616271973,
          "input_tokens": 0,
          "output_tokens": 0,
          "cost": 0
        },
        "4_report_generation": {
          "duration": 90.34956502914429,
          "input_tokens": 15046,
          "output_tokens": 1716,
          "cost": 0.18478
        }
      },
      "suite_summary": {
        "total_duration": 360.773264169693,
        "total_llm_tokens": 71357,
        "total_cost": 0.78783
      }
    }
  }
}