{
  "timestamp": "2025-06-30T22:05:20.302535",
  "benchmark_results": {
    "my-mcp-ssh-master-server": {
      "phases": {
        "1_order_generation": {
          "duration": 1.6749284267425537,
          "input_tokens": 1430,
          "output_tokens": 31,
          "cost": 0.014920000000000003
        },
        "2_case_gen_connect": {
          "duration": 22.904297590255737,
          "input_tokens": 2004,
          "output_tokens": 639,
          "cost": 0.03282
        },
        "3_case_exec_connect": {
          "duration": 0.32689762115478516,
          "input_tokens": 0,
          "output_tokens": 0,
          "cost": 0
        },
        "2_case_gen_list_sessions": {
          "duration": 10.77656102180481,
          "input_tokens": 3210,
          "output_tokens": 372,
          "cost": 0.039540000000000006
        },
        "3_case_exec_list_sessions": {
          "duration": 0.019794702529907227,
          "input_tokens": 0,
          "output_tokens": 0,
          "cost": 0
        },
        "2_case_gen_execute": {
          "duration": 26.678955078125,
          "input_tokens": 5843,
          "output_tokens": 962,
          "cost": 0.07767
        },
        "3_case_exec_execute": {
          "duration": 0.04142260551452637,
          "input_tokens": 0,
          "output_tokens": 0,
          "cost": 0
        },
        "2_case_gen_upload": {
          "duration": 35.54816484451294,
          "input_tokens": 7863,
          "output_tokens": 998,
          "cost": 0.09859000000000001
        },
        "3_case_exec_upload": {
          "duration": 0.30264854431152344,
          "input_tokens": 0,
          "output_tokens": 0,
          "cost": 0
        },
        "2_case_gen_download": {
          "duration": 32.663909912109375,
          "input_tokens": 9867,
          "output_tokens": 1008,
          "cost": 0.11883
        },
        "3_case_exec_download": {
          "duration": 0.05200529098510742,
          "input_tokens": 0,
          "output_tokens": 0,
          "cost": 0
        },
        "2_case_gen_disconnect": {
          "duration": 15.735103845596313,
          "input_tokens": 12004,
          "output_tokens": 423,
          "cost": 0.1285
        },
        "3_case_exec_disconnect": {
          "duration": 0.056398868560791016,
          "input_tokens": 0,
          "output_tokens": 0,
          "cost": 0
        },
        "4_report_generation": {
          "duration": 52.938220739364624,
          "input_tokens": 13862,
          "output_tokens": 1660,
          "cost": 0.17182000000000003
        }
      },
      "suite_summary": {
        "total_duration": 226.8681616783142,
        "total_llm_tokens": 62176,
        "total_cost": 0.68269
      }
    }
  }
}