{
  "timestamp": "2025-07-11T21:33:44.413526",
  "benchmark_results": {
    "gpt-4o-mcp_mysql_db_manager": {
      "phases": {
        "1_order_generation": {
          "duration": 1.2022764682769775,
          "input_tokens": 690,
          "output_tokens": 16,
          "cost": 0.000584
        },
        "2_case_gen_list_resources": {
          "duration": 18.94818091392517,
          "input_tokens": 1620,
          "output_tokens": 563,
          "cost": 0.0024219999999999997
        },
        "3_case_exec_list_resources": {
          "duration": 0.15351629257202148,
          "input_tokens": 0,
          "output_tokens": 0,
          "cost": 0
        },
        "2_case_gen_read_resource": {
          "duration": 25.49584674835205,
          "input_tokens": 3021,
          "output_tokens": 751,
          "cost": 0.0039188
        },
        "3_case_exec_read_resource": {
          "duration": 0.1880338191986084,
          "input_tokens": 0,
          "output_tokens": 0,
          "cost": 0
        },
        "2_case_gen_execute_sql": {
          "duration": 29.624112367630005,
          "input_tokens": 6152,
          "output_tokens": 791,
          "cost": 0.0065036
        },
        "3_case_exec_execute_sql": {
          "duration": 0.18836307525634766,
          "input_tokens": 0,
          "output_tokens": 0,
          "cost": 0
        },
        "4_report_generation": {
          "duration": 50.77542281150818,
          "input_tokens": 8604,
          "output_tokens": 1377,
          "cost": 0.0096372
        }
      },
      "suite_summary": {
        "total_duration": 156.86434030532837,
        "total_llm_tokens": 23585,
        "total_cost": 0.0230656
      }
    }
  }
}