{
  "timestamp": "2025-07-01T18:51:17.959050",
  "benchmark_results": {
    "mcp_text_file_processor_refined-server": {
      "phases": {
        "1_order_generation": {
          "duration": 1.361274242401123,
          "input_tokens": 1379,
          "output_tokens": 34,
          "cost": 0.014470000000000002
        },
        "2_case_gen_get_text_file_contents": {
          "duration": 46.33199763298035,
          "input_tokens": 8341,
          "output_tokens": 1212,
          "cost": 0.10765000000000001
        },
        "3_case_exec_get_text_file_contents": {
          "duration": 0.003999471664428711,
          "input_tokens": 0,
          "output_tokens": 0,
          "cost": 0
        },
        "2_case_gen_append_text_file_contents": {
          "duration": 33.018550634384155,
          "input_tokens": 11746,
          "output_tokens": 1114,
          "cost": 0.13974
        },
        "3_case_exec_append_text_file_contents": {
          "duration": 0.004003763198852539,
          "input_tokens": 0,
          "output_tokens": 0,
          "cost": 0
        },
        "2_case_gen_insert_text_file_contents": {
          "duration": 39.65694451332092,
          "input_tokens": 13794,
          "output_tokens": 1205,
          "cost": 0.16204000000000002
        },
        "3_case_exec_insert_text_file_contents": {
          "duration": 0.006384611129760742,
          "input_tokens": 0,
          "output_tokens": 0,
          "cost": 0
        },
        "2_case_gen_delete_text_file_contents": {
          "duration": 38.315190076828,
          "input_tokens": 15799,
          "output_tokens": 1171,
          "cost": 0.18141000000000002
        },
        "3_case_exec_delete_text_file_contents": {
          "duration": 0.0061757564544677734,
          "input_tokens": 0,
          "output_tokens": 0,
          "cost": 0
        },
        "4_report_generation": {
          "duration": 45.045212745666504,
          "input_tokens": 11637,
          "output_tokens": 1274,
          "cost": 0.14185000000000003
        }
      },
      "suite_summary": {
        "total_duration": 215.79238653182983,
        "total_llm_tokens": 68706,
        "total_cost": 0.74716
      }
    }
  }
}