{
  "timestamp": "2025-07-01T17:03:32.821100",
  "benchmark_results": {
    "duckduckgo-mcp-server-main-server": {
      "phases": {
        "1_order_generation": {
          "duration": 1.1645162105560303,
          "input_tokens": 365,
          "output_tokens": 11,
          "cost": 0.0038700000000000006
        },
        "2_case_gen_search": {
          "duration": 27.876280784606934,
          "input_tokens": 1112,
          "output_tokens": 756,
          "cost": 0.026240000000000003
        },
        "3_case_exec_search": {
          "duration": 1.0364747047424316,
          "input_tokens": 0,
          "output_tokens": 0,
          "cost": 0
        },
        "2_case_gen_fetch_content": {
          "duration": 29.569796323776245,
          "input_tokens": 5447,
          "output_tokens": 815,
          "cost": 0.07077
        },
        "3_case_exec_fetch_content": {
          "duration": 2.0945470333099365,
          "input_tokens": 0,
          "output_tokens": 0,
          "cost": 0
        },
        "4_report_generation": {
          "duration": 57.745086908340454,
          "input_tokens": 6117,
          "output_tokens": 1469,
          "cost": 0.09055
        }
      },
      "suite_summary": {
        "total_duration": 156.0798978805542,
        "total_llm_tokens": 16092,
        "total_cost": 0.19143
      }
    }
  }
}