{
  "timestamp": "2025-07-01T18:34:06.608234",
  "benchmark_results": {
    "mcp-official-git-server": {
      "phases": {
        "1_order_generation": {
          "duration": 3.100358009338379,
          "input_tokens": 1419,
          "output_tokens": 72,
          "cost": 0.01563
        },
        "2_case_gen_git_init": {
          "duration": 31.59184503555298,
          "input_tokens": 1101,
          "output_tokens": 971,
          "cost": 0.030430000000000006
        },
        "3_case_exec_git_init": {
          "duration": 0.22459077835083008,
          "input_tokens": 0,
          "output_tokens": 0,
          "cost": 0
        },
        "2_case_gen_git_status": {
          "duration": 38.44184708595276,
          "input_tokens": 7617,
          "output_tokens": 1067,
          "cost": 0.09751
        },
        "3_case_exec_git_status": {
          "duration": 7.291576623916626,
          "input_tokens": 0,
          "output_tokens": 0,
          "cost": 0
        },
        "2_case_gen_git_diff_unstaged": {
          "duration": 31.10478639602661,
          "input_tokens": 9959,
          "output_tokens": 1055,
          "cost": 0.12069000000000002
        },
        "3_case_exec_git_diff_unstaged": {
          "duration": 0.003102540969848633,
          "input_tokens": 0,
          "output_tokens": 0,
          "cost": 0
        },
        "2_case_gen_git_add": {
          "duration": 39.76700043678284,
          "input_tokens": 7667,
          "output_tokens": 1311,
          "cost": 0.10289000000000001
        },
        "3_case_exec_git_add": {
          "duration": 0.0029985904693603516,
          "input_tokens": 0,
          "output_tokens": 0,
          "cost": 0
        },
        "2_case_gen_git_diff_staged": {
          "duration": 35.61670470237732,
          "input_tokens": 10123,
          "output_tokens": 991,
          "cost": 0.12105000000000002
        },
        "3_case_exec_git_diff_staged": {
          "duration": 0.010508060455322266,
          "input_tokens": 0,
          "output_tokens": 0,
          "cost": 0
        },
        "2_case_gen_git_commit": {
          "duration": 35.17790412902832,
          "input_tokens": 11569,
          "output_tokens": 1077,
          "cost": 0.13723000000000002
        },
        "3_case_exec_git_commit": {
          "duration": 0.01902627944946289,
          "input_tokens": 0,
          "output_tokens": 0,
          "cost": 0
        },
        "2_case_gen_git_log": {
          "duration": 30.337520599365234,
          "input_tokens": 13927,
          "output_tokens": 966,
          "cost": 0.15859
        },
        "3_case_exec_git_log": {
          "duration": 0.4330897331237793,
          "input_tokens": 0,
          "output_tokens": 0,
          "cost": 0
        },
        "2_case_gen_git_diff": {
          "duration": 51.41545605659485,
          "input_tokens": 17695,
          "output_tokens": 1066,
          "cost": 0.19827000000000003
        },
        "3_case_exec_git_diff": {
          "duration": 0.1873173713684082,
          "input_tokens": 0,
          "output_tokens": 0,
          "cost": 0
        },
        "2_case_gen_git_show": {
          "duration": 48.04650616645813,
          "input_tokens": 19367,
          "output_tokens": 1421,
          "cost": 0.22209
        },
        "3_case_exec_git_show": {
          "duration": 0.06237006187438965,
          "input_tokens": 0,
          "output_tokens": 0,
          "cost": 0
        },
        "2_case_gen_git_create_branch": {
          "duration": 36.4857919216156,
          "input_tokens": 21785,
          "output_tokens": 1170,
          "cost": 0.24125000000000002
        },
        "3_case_exec_git_create_branch": {
          "duration": 0.35263609886169434,
          "input_tokens": 0,
          "output_tokens": 0,
          "cost": 0
        },
        "2_case_gen_git_checkout": {
          "duration": 28.49906897544861,
          "input_tokens": 24378,
          "output_tokens": 867,
          "cost": 0.26112
        },
        "3_case_exec_git_checkout": {
          "duration": 0.03254270553588867,
          "input_tokens": 0,
          "output_tokens": 0,
          "cost": 0
        },
        "2_case_gen_git_reset": {
          "duration": 27.53628158569336,
          "input_tokens": 25680,
          "output_tokens": 828,
          "cost": 0.27336000000000005
        },
        "3_case_exec_git_reset": {
          "duration": 0.04858136177062988,
          "input_tokens": 0,
          "output_tokens": 0,
          "cost": 0
        },
        "4_report_generation": {
          "duration": 83.54286432266235,
          "input_tokens": 27076,
          "output_tokens": 2337,
          "cost": 0.3175
        }
      },
      "suite_summary": {
        "total_duration": 779.3250517845154,
        "total_llm_tokens": 214562,
        "total_cost": 2.29761
      }
    }
  }
}