{
  "timestamp": "2025-07-01T18:51:15.335527",
  "benchmark_results": {
    "duckduckgo_search_and_fetch_co_refined-server": {
      "phases": {
        "1_order_generation": {
          "duration": 0.9556660652160645,
          "input_tokens": 407,
          "output_tokens": 18,
          "cost": 0.004430000000000001
        },
        "2_case_gen_perform_duckduckgo_search": {
          "duration": 22.592878818511963,
          "input_tokens": 3128,
          "output_tokens": 774,
          "cost": 0.04676
        },
        "3_case_exec_perform_duckduckgo_search": {
          "duration": 1.8139169216156006,
          "input_tokens": 0,
          "output_tokens": 0,
          "cost": 0
        },
        "2_case_gen_fetch_webpage_content": {
          "duration": 27.631957530975342,
          "input_tokens": 4195,
          "output_tokens": 824,
          "cost": 0.05843
        },
        "3_case_exec_fetch_webpage_content": {
          "duration": 0.9882023334503174,
          "input_tokens": 0,
          "output_tokens": 0,
          "cost": 0
        },
        "4_report_generation": {
          "duration": 50.85355758666992,
          "input_tokens": 6506,
          "output_tokens": 1707,
          "cost": 0.09920000000000001
        }
      },
      "suite_summary": {
        "total_duration": 130.77825736999512,
        "total_llm_tokens": 17559,
        "total_cost": 0.20882
      }
    }
  }
}