{
  "timestamp": "2025-07-11T21:33:35.810065",
  "benchmark_results": {
    "gpt-4o-mcp_duckduckgo_search_scraper": {
      "phases": {
        "1_order_generation": {
          "duration": 0.7923786640167236,
          "input_tokens": 390,
          "output_tokens": 11,
          "cost": 0.000334
        },
        "2_case_gen_fetch_content": {
          "duration": 29.152637243270874,
          "input_tokens": 1374,
          "output_tokens": 810,
          "cost": 0.0027191999999999997
        },
        "3_case_exec_fetch_content": {
          "duration": 0.008349895477294922,
          "input_tokens": 0,
          "output_tokens": 0,
          "cost": 0
        },
        "2_case_gen_wrapper": {
          "duration": 32.26661825180054,
          "input_tokens": 1526,
          "output_tokens": 926,
          "cost": 0.0030727999999999997
        },
        "3_case_exec_wrapper": {
          "duration": 0.00500035285949707,
          "input_tokens": 0,
          "output_tokens": 0,
          "cost": 0
        },
        "4_report_generation": {
          "duration": 45.58711338043213,
          "input_tokens": 3310,
          "output_tokens": 1312,
          "cost": 0.005272
        }
      },
      "suite_summary": {
        "total_duration": 112.96616697311401,
        "total_llm_tokens": 9659,
        "total_cost": 0.011397999999999998
      }
    }
  }
}