{
  "timestamp": "2025-07-11T21:33:39.501358",
  "benchmark_results": {
    "gpt-4o-mcp_markdown_converter": {
      "phases": {
        "1_order_generation": {
          "duration": 0.9940009117126465,
          "input_tokens": 463,
          "output_tokens": 10,
          "cost": 0.0003904
        },
        "2_case_gen_convert_to_markdown": {
          "duration": 35.1002402305603,
          "input_tokens": 1579,
          "output_tokens": 989,
          "cost": 0.0032411999999999996
        },
        "3_case_exec_convert_to_markdown": {
          "duration": 0.059204816818237305,
          "input_tokens": 0,
          "output_tokens": 0,
          "cost": 0
        },
        "4_report_generation": {
          "duration": 185.98309874534607,
          "input_tokens": 41138,
          "output_tokens": 2245,
          "cost": 0.0374004
        }
      },
      "suite_summary": {
        "total_duration": 233.82283735275269,
        "total_llm_tokens": 46424,
        "total_cost": 0.041032
      }
    }
  }
}