{
  "timestamp": "2025-07-01T18:51:20.428516",
  "benchmark_results": {
    "mcp_opencv_image_processing_refined-server": {
      "phases": {
        "1_order_generation": {
          "duration": 2.407827615737915,
          "input_tokens": 2418,
          "output_tokens": 62,
          "cost": 0.025420000000000005
        },
        "2_case_gen_get_image_stats_tool": {
          "duration": 35.49058127403259,
          "input_tokens": 8002,
          "output_tokens": 976,
          "cost": 0.09954000000000002
        },
        "3_case_exec_get_image_stats_tool": {
          "duration": 0.009180545806884766,
          "input_tokens": 0,
          "output_tokens": 0,
          "cost": 0
        },
        "2_case_gen_save_image_tool": {
          "duration": 49.570773124694824,
          "input_tokens": 10762,
          "output_tokens": 1495,
          "cost": 0.13752
        },
        "3_case_exec_save_image_tool": {
          "duration": 0.01302480697631836,
          "input_tokens": 0,
          "output_tokens": 0,
          "cost": 0
        },
        "2_case_gen_resize_image_tool": {
          "duration": 73.24418830871582,
          "input_tokens": 14198,
          "output_tokens": 2232,
          "cost": 0.18662000000000004
        },
        "3_case_exec_resize_image_tool": {
          "duration": 0.01751112937927246,
          "input_tokens": 0,
          "output_tokens": 0,
          "cost": 0
        },
        "2_case_gen_crop_image_tool": {
          "duration": 68.19934844970703,
          "input_tokens": 18815,
          "output_tokens": 2369,
          "cost": 0.23553000000000002
        },
        "3_case_exec_crop_image_tool": {
          "duration": 0.011512279510498047,
          "input_tokens": 0,
          "output_tokens": 0,
          "cost": 0
        },
        "2_case_gen_apply_filter_tool": {
          "duration": 53.28937578201294,
          "input_tokens": 23123,
          "output_tokens": 1445,
          "cost": 0.26013000000000003
        },
        "3_case_exec_apply_filter_tool": {
          "duration": 0.011017322540283203,
          "input_tokens": 0,
          "output_tokens": 0,
          "cost": 0
        },
        "2_case_gen_detect_edges_tool": {
          "duration": 58.13684010505676,
          "input_tokens": 25995,
          "output_tokens": 1709,
          "cost": 0.29413
        },
        "3_case_exec_detect_edges_tool": {
          "duration": 0.031851768493652344,
          "input_tokens": 0,
          "output_tokens": 0,
          "cost": 0
        },
        "2_case_gen_apply_threshold_tool": {
          "duration": 59.14271306991577,
          "input_tokens": 29090,
          "output_tokens": 1688,
          "cost": 0.32466000000000006
        },
        "3_case_exec_apply_threshold_tool": {
          "duration": 0.06083035469055176,
          "input_tokens": 0,
          "output_tokens": 0,
          "cost": 0
        },
        "2_case_gen_detect_contours_tool": {
          "duration": 232.7529833316803,
          "input_tokens": 32226,
          "output_tokens": 1224,
          "cost": 0.34674000000000005
        },
        "3_case_exec_detect_contours_tool": {
          "duration": 0.009219646453857422,
          "input_tokens": 0,
          "output_tokens": 0,
          "cost": 0
        },
        "2_case_gen_find_shapes_tool": {
          "duration": 32.512930154800415,
          "input_tokens": 27385,
          "output_tokens": 860,
          "cost": 0.29105000000000003
        },
        "3_case_exec_find_shapes_tool": {
          "duration": 0.008542776107788086,
          "input_tokens": 0,
          "output_tokens": 0,
          "cost": 0
        },
        "4_report_generation": {
          "duration": 37.1048219203949,
          "input_tokens": 31515,
          "output_tokens": 1536,
          "cost": 0.34587000000000007
        }
      },
      "suite_summary": {
        "total_duration": 705.8926808834076,
        "total_llm_tokens": 239125,
        "total_cost": 2.54721
      }
    }
  }
}