{
  "timestamp": "2025-07-01T17:28:31.027420",
  "benchmark_results": {
    "everything_mcp_server_refined-server": {
      "phases": {
        "1_order_generation": {
          "duration": 0.83197021484375,
          "input_tokens": 609,
          "output_tokens": 11,
          "cost": 0.0063100000000000005
        },
        "2_case_gen_search_files_with_everything": {
          "duration": 29.46521234512329,
          "input_tokens": 1562,
          "output_tokens": 717,
          "cost": 0.02996
        },
        "3_case_exec_search_files_with_everything": {
          "duration": 0.04324173927307129,
          "input_tokens": 0,
          "output_tokens": 0,
          "cost": 0
        },
        "4_report_generation": {
          "duration": 47.10145616531372,
          "input_tokens": 4672,
          "output_tokens": 1466,
          "cost": 0.07604000000000001
        }
      },
      "suite_summary": {
        "total_duration": 84.26550507545471,
        "total_llm_tokens": 9037,
        "total_cost": 0.11231000000000002
      }
    }
  }
}