{
  "timestamp": "2025-06-30T22:05:18.374845",
  "benchmark_results": {
    "academic-search-mcp-server-master-server": {
      "phases": {
        "1_order_generation": {
          "duration": 1.2002153396606445,
          "input_tokens": 704,
          "output_tokens": 24,
          "cost": 0.007520000000000001
        },
        "2_case_gen_search_by_topic": {
          "duration": 20.111896276474,
          "input_tokens": 1126,
          "output_tokens": 691,
          "cost": 0.02508
        },
        "3_case_exec_search_by_topic": {
          "duration": 6.13134765625,
          "input_tokens": 0,
          "output_tokens": 0,
          "cost": 0
        },
        "2_case_gen_search_papers": {
          "duration": 21.046764373779297,
          "input_tokens": 4646,
          "output_tokens": 658,
          "cost": 0.059620000000000006
        },
        "3_case_exec_search_papers": {
          "duration": 10.390412330627441,
          "input_tokens": 0,
          "output_tokens": 0,
          "cost": 0
        },
        "2_case_gen_fetch_paper_details": {
          "duration": 22.952861309051514,
          "input_tokens": 8699,
          "output_tokens": 739,
          "cost": 0.10177000000000001
        },
        "3_case_exec_fetch_paper_details": {
          "duration": 1.9967234134674072,
          "input_tokens": 0,
          "output_tokens": 0,
          "cost": 0
        },
        "4_report_generation": {
          "duration": 44.87234115600586,
          "input_tokens": 10231,
          "output_tokens": 1529,
          "cost": 0.13289
        }
      },
      "suite_summary": {
        "total_duration": 250.92726182937622,
        "total_llm_tokens": 29047,
        "total_cost": 0.32688000000000006
      }
    }
  }
}