{
  "timestamp": "2025-07-01T17:03:36.093991",
  "benchmark_results": {
    "screenshot-server-main-server": {
      "phases": {
        "1_order_generation": {
          "duration": 2.1422135829925537,
          "input_tokens": 389,
          "output_tokens": 21,
          "cost": 0.0043100000000000005
        },
        "2_case_gen_take_screenshot": {
          "duration": 23.137362003326416,
          "input_tokens": 2313,
          "output_tokens": 579,
          "cost": 0.034710000000000005
        },
        "3_case_exec_take_screenshot": {
          "duration": 0.13942193984985352,
          "input_tokens": 0,
          "output_tokens": 0,
          "cost": 0
        },
        "2_case_gen_take_screenshot_image": {
          "duration": 18.275721788406372,
          "input_tokens": 3392,
          "output_tokens": 579,
          "cost": 0.045500000000000006
        },
        "3_case_exec_take_screenshot_image": {
          "duration": 0.20443224906921387,
          "input_tokens": 0,
          "output_tokens": 0,
          "cost": 0
        },
        "2_case_gen_take_screenshot_path": {
          "duration": 37.75763392448425,
          "input_tokens": 4787,
          "output_tokens": 825,
          "cost": 0.06437000000000001
        },
        "3_case_exec_take_screenshot_path": {
          "duration": 0.09627819061279297,
          "input_tokens": 0,
          "output_tokens": 0,
          "cost": 0
        },
        "4_report_generation": {
          "duration": 58.249704122543335,
          "input_tokens": 4999,
          "output_tokens": 1674,
          "cost": 0.08347000000000002
        }
      },
      "suite_summary": {
        "total_duration": 151.84339547157288,
        "total_llm_tokens": 19558,
        "total_cost": 0.23236000000000004
      }
    }
  }
}