{
  "timestamp": "2025-07-01T18:34:02.440559",
  "benchmark_results": {
    "image-file-converter-mcp-server-main-server": {
      "phases": {
        "1_order_generation": {
          "duration": 1.2847683429718018,
          "input_tokens": 376,
          "output_tokens": 13,
          "cost": 0.00402
        },
        "2_case_gen_Image File Converter": {
          "duration": 28.87094497680664,
          "input_tokens": 1136,
          "output_tokens": 1038,
          "cost": 0.03212
        },
        "3_case_exec_Image File Converter": {
          "duration": 0.007522106170654297,
          "input_tokens": 0,
          "output_tokens": 0,
          "cost": 0
        },
        "2_case_gen_convert_image": {
          "duration": 56.34920072555542,
          "input_tokens": 3222,
          "output_tokens": 1378,
          "cost": 0.05978000000000001
        },
        "3_case_exec_convert_image": {
          "duration": 0.012141704559326172,
          "input_tokens": 0,
          "output_tokens": 0,
          "cost": 0
        },
        "4_report_generation": {
          "duration": 55.93189811706543,
          "input_tokens": 6434,
          "output_tokens": 1548,
          "cost": 0.09530000000000001
        }
      },
      "suite_summary": {
        "total_duration": 153.00626826286316,
        "total_llm_tokens": 15145,
        "total_cost": 0.19122
      }
    }
  }
}