{
  "timestamp": "2025-07-11T21:33:41.566744",
  "benchmark_results": {
    "gemini-2.5-pro-mcp_arxiv_paper_manager": {
      "phases": {
        "1_order_generation": {
          "duration": 1.8226094245910645,
          "input_tokens": 1040,
          "output_tokens": 28,
          "cost": 0.0008879999999999999
        },
        "2_case_gen_search_papers": {
          "duration": 27.13578748703003,
          "input_tokens": 1450,
          "output_tokens": 756,
          "cost": 0.002672
        },
        "3_case_exec_search_papers": {
          "duration": 39.11876320838928,
          "input_tokens": 0,
          "output_tokens": 0,
          "cost": 0
        },
        "2_case_gen_download_paper": {
          "duration": 32.02201247215271,
          "input_tokens": 11293,
          "output_tokens": 797,
          "cost": 0.0106284
        },
        "3_case_exec_download_paper": {
          "duration": 60.01185345649719,
          "input_tokens": 0,
          "output_tokens": 0,
          "cost": 0
        },
        "2_case_gen_list_papers": {
          "duration": 22.772111654281616,
          "input_tokens": 13157,
          "output_tokens": 605,
          "cost": 0.011735599999999999
        },
        "3_case_exec_list_papers": {
          "duration": 0.004513263702392578,
          "input_tokens": 0,
          "output_tokens": 0,
          "cost": 0
        },
        "2_case_gen_read_paper": {
          "duration": 35.70065379142761,
          "input_tokens": 12868,
          "output_tokens": 775,
          "cost": 0.011844399999999998
        },
        "3_case_exec_read_paper": {
          "duration": 0.01157236099243164,
          "input_tokens": 0,
          "output_tokens": 0,
          "cost": 0
        },
        "4_report_generation": {
          "duration": 70.20966839790344,
          "input_tokens": 16407,
          "output_tokens": 1836,
          "cost": 0.0167976
        }
      },
      "suite_summary": {
        "total_duration": 1029.2731416225433,
        "total_llm_tokens": 61012,
        "total_cost": 0.05456599999999999
      }
    }
  }
}