{
  "timestamp": "2025-07-11T21:33:51.715172",
  "benchmark_results": {
    "gpt-4o-mcp_git_repo_manager": {
      "phases": {
        "1_order_generation": {
          "duration": 2.8328235149383545,
          "input_tokens": 2532,
          "output_tokens": 72,
          "cost": 0.0021696
        },
        "2_case_gen_git_init": {
          "duration": 32.54847860336304,
          "input_tokens": 2162,
          "output_tokens": 895,
          "cost": 0.0035196
        },
        "3_case_exec_git_init": {
          "duration": 0.21537208557128906,
          "input_tokens": 0,
          "output_tokens": 0,
          "cost": 0
        },
        "2_case_gen_git_status": {
          "duration": 30.622904777526855,
          "input_tokens": 5408,
          "output_tokens": 836,
          "cost": 0.0059984
        },
        "3_case_exec_git_status": {
          "duration": 0.0075016021728515625,
          "input_tokens": 0,
          "output_tokens": 0,
          "cost": 0
        },
        "2_case_gen_git_add": {
          "duration": 51.26794171333313,
          "input_tokens": 6458,
          "output_tokens": 1328,
          "cost": 0.0078224
        },
        "3_case_exec_git_add": {
          "duration": 0.007529497146606445,
          "input_tokens": 0,
          "output_tokens": 0,
          "cost": 0
        },
        "2_case_gen_git_diff_unstaged": {
          "duration": 34.999571084976196,
          "input_tokens": 7110,
          "output_tokens": 991,
          "cost": 0.00767
        },
        "3_case_exec_git_diff_unstaged": {
          "duration": 0.2134864330291748,
          "input_tokens": 0,
          "output_tokens": 0,
          "cost": 0
        },
        "2_case_gen_git_diff_staged": {
          "duration": 34.62367844581604,
          "input_tokens": 10641,
          "output_tokens": 948,
          "cost": 0.0104088
        },
        "3_case_exec_git_diff_staged": {
          "duration": 0.005510568618774414,
          "input_tokens": 0,
          "output_tokens": 0,
          "cost": 0
        },
        "2_case_gen_git_commit": {
          "duration": 34.75913977622986,
          "input_tokens": 7126,
          "output_tokens": 1026,
          "cost": 0.0077528
        },
        "3_case_exec_git_commit": {
          "duration": 0.2952747344970703,
          "input_tokens": 0,
          "output_tokens": 0,
          "cost": 0
        },
        "2_case_gen_git_log": {
          "duration": 34.248854875564575,
          "input_tokens": 7870,
          "output_tokens": 922,
          "cost": 0.00814
        },
        "3_case_exec_git_log": {
          "duration": 0.4745140075683594,
          "input_tokens": 0,
          "output_tokens": 0,
          "cost": 0
        },
        "2_case_gen_git_diff": {
          "duration": 44.991846561431885,
          "input_tokens": 7932,
          "output_tokens": 1118,
          "cost": 0.0085816
        },
        "3_case_exec_git_diff": {
          "duration": 0.008120536804199219,
          "input_tokens": 0,
          "output_tokens": 0,
          "cost": 0
        },
        "2_case_gen_git_reset": {
          "duration": 41.39184522628784,
          "input_tokens": 7890,
          "output_tokens": 1160,
          "cost": 0.008632
        },
        "3_case_exec_git_reset": {
          "duration": 0.17145514488220215,
          "input_tokens": 0,
          "output_tokens": 0,
          "cost": 0
        },
        "2_case_gen_git_create_branch": {
          "duration": 40.192580699920654,
          "input_tokens": 7906,
          "output_tokens": 1008,
          "cost": 0.008340799999999999
        },
        "3_case_exec_git_create_branch": {
          "duration": 0.007527351379394531,
          "input_tokens": 0,
          "output_tokens": 0,
          "cost": 0
        },
        "2_case_gen_git_checkout": {
          "duration": 37.643059730529785,
          "input_tokens": 8080,
          "output_tokens": 988,
          "cost": 0.00844
        },
        "3_case_exec_git_checkout": {
          "duration": 0.004101276397705078,
          "input_tokens": 0,
          "output_tokens": 0,
          "cost": 0
        },
        "2_case_gen_git_show": {
          "duration": 28.00540828704834,
          "input_tokens": 8187,
          "output_tokens": 689,
          "cost": 0.0079276
        },
        "3_case_exec_git_show": {
          "duration": 0.008687734603881836,
          "input_tokens": 0,
          "output_tokens": 0,
          "cost": 0
        },
        "4_report_generation": {
          "duration": 67.66673183441162,
          "input_tokens": 30737,
          "output_tokens": 1450,
          "cost": 0.0274896
        }
      },
      "suite_summary": {
        "total_duration": 530.3637454509735,
        "total_llm_tokens": 133470,
        "total_cost": 0.12289320000000001
      }
    }
  }
}