{
  "timestamp": "2025-07-01T18:34:07.521117",
  "benchmark_results": {
    "outlook-mcp-server-main-server": {
      "phases": {
        "1_order_generation": {
          "duration": 1.7964789867401123,
          "input_tokens": 1195,
          "output_tokens": 42,
          "cost": 0.012790000000000001
        },
        "2_case_gen_list_folders": {
          "duration": 26.80907392501831,
          "input_tokens": 1730,
          "output_tokens": 621,
          "cost": 0.029720000000000003
        },
        "3_case_exec_list_folders": {
          "duration": 1.5205779075622559,
          "input_tokens": 0,
          "output_tokens": 0,
          "cost": 0
        },
        "2_case_gen_list_recent_emails": {
          "duration": 29.617138147354126,
          "input_tokens": 8234,
          "output_tokens": 824,
          "cost": 0.09882000000000002
        },
        "3_case_exec_list_recent_emails": {
          "duration": 0.2820279598236084,
          "input_tokens": 0,
          "output_tokens": 0,
          "cost": 0
        },
        "2_case_gen_search_emails": {
          "duration": 41.00059533119202,
          "input_tokens": 11079,
          "output_tokens": 958,
          "cost": 0.12995
        },
        "3_case_exec_search_emails": {
          "duration": 0.2643699645996094,
          "input_tokens": 0,
          "output_tokens": 0,
          "cost": 0
        },
        "2_case_gen_get_email_by_number": {
          "duration": 23.30282235145569,
          "input_tokens": 14053,
          "output_tokens": 511,
          "cost": 0.15075000000000002
        },
        "3_case_exec_get_email_by_number": {
          "duration": 0.046186208724975586,
          "input_tokens": 0,
          "output_tokens": 0,
          "cost": 0
        },
        "2_case_gen_reply_to_email_by_number": {
          "duration": 29.134862899780273,
          "input_tokens": 16183,
          "output_tokens": 883,
          "cost": 0.17949
        },
        "3_case_exec_reply_to_email_by_number": {
          "duration": 7.362278461456299,
          "input_tokens": 0,
          "output_tokens": 0,
          "cost": 0
        },
        "2_case_gen_compose_email": {
          "duration": 32.089958906173706,
          "input_tokens": 17546,
          "output_tokens": 960,
          "cost": 0.19466
        },
        "3_case_exec_compose_email": {
          "duration": 60.00359606742859,
          "input_tokens": 0,
          "output_tokens": 0,
          "cost": 0
        },
        "4_report_generation": {
          "duration": 61.00272607803345,
          "input_tokens": 19109,
          "output_tokens": 1544,
          "cost": 0.22197
        }
      },
      "suite_summary": {
        "total_duration": 525.2676792144775,
        "total_llm_tokens": 95472,
        "total_cost": 1.01815
      }
    }
  }
}