{
  "timestamp": "2025-07-11T21:33:48.263576",
  "benchmark_results": {
    "gemini-2.5-pro-mcp_huggingface_hub_manager": {
      "phases": {
        "1_order_generation": {
          "duration": 2.8087449073791504,
          "input_tokens": 2716,
          "output_tokens": 63,
          "cost": 0.0022987999999999997
        },
        "2_case_gen_search_models": {
          "duration": 34.072410106658936,
          "input_tokens": 1686,
          "output_tokens": 776,
          "cost": 0.0029008000000000003
        },
        "3_case_exec_search_models": {
          "duration": 0.008519172668457031,
          "input_tokens": 0,
          "output_tokens": 0,
          "cost": 0
        },
        "2_case_gen_get_model_info": {
          "duration": 29.818953037261963,
          "input_tokens": 3122,
          "output_tokens": 795,
          "cost": 0.0040876
        },
        "3_case_exec_get_model_info": {
          "duration": 0.0075075626373291016,
          "input_tokens": 0,
          "output_tokens": 0,
          "cost": 0
        },
        "2_case_gen_search_datasets": {
          "duration": 27.858524560928345,
          "input_tokens": 9576,
          "output_tokens": 778,
          "cost": 0.009216799999999999
        },
        "3_case_exec_search_datasets": {
          "duration": 0.3939507007598877,
          "input_tokens": 0,
          "output_tokens": 0,
          "cost": 0
        },
        "2_case_gen_get_dataset_info": {
          "duration": 28.516976356506348,
          "input_tokens": 9046,
          "output_tokens": 795,
          "cost": 0.0088268
        },
        "3_case_exec_get_dataset_info": {
          "duration": 0.005516767501831055,
          "input_tokens": 0,
          "output_tokens": 0,
          "cost": 0
        },
        "2_case_gen_search_spaces": {
          "duration": 27.092413187026978,
          "input_tokens": 9253,
          "output_tokens": 989,
          "cost": 0.0093804
        },
        "3_case_exec_search_spaces": {
          "duration": 0.4007892608642578,
          "input_tokens": 0,
          "output_tokens": 0,
          "cost": 0
        },
        "2_case_gen_get_space_info": {
          "duration": 30.09367275238037,
          "input_tokens": 9144,
          "output_tokens": 788,
          "cost": 0.0088912
        },
        "3_case_exec_get_space_info": {
          "duration": 0.37441587448120117,
          "input_tokens": 0,
          "output_tokens": 0,
          "cost": 0
        },
        "2_case_gen_get_daily_papers": {
          "duration": 30.26241970062256,
          "input_tokens": 9142,
          "output_tokens": 782,
          "cost": 0.0088776
        },
        "3_case_exec_get_daily_papers": {
          "duration": 0.39760518074035645,
          "input_tokens": 0,
          "output_tokens": 0,
          "cost": 0
        },
        "2_case_gen_get_paper_info": {
          "duration": 25.81252908706665,
          "input_tokens": 9153,
          "output_tokens": 748,
          "cost": 0.0088184
        },
        "3_case_exec_get_paper_info": {
          "duration": 0.3852508068084717,
          "input_tokens": 0,
          "output_tokens": 0,
          "cost": 0
        },
        "2_case_gen_search_collections": {
          "duration": 30.52126145362854,
          "input_tokens": 9239,
          "output_tokens": 745,
          "cost": 0.008881199999999999
        },
        "3_case_exec_search_collections": {
          "duration": 60.01423501968384,
          "input_tokens": 0,
          "output_tokens": 0,
          "cost": 0
        },
        "2_case_gen_get_collection_info": {
          "duration": 31.65885305404663,
          "input_tokens": 9400,
          "output_tokens": 780,
          "cost": 0.00908
        },
        "3_case_exec_get_collection_info": {
          "duration": 60.00484585762024,
          "input_tokens": 0,
          "output_tokens": 0,
          "cost": 0
        },
        "4_report_generation": {
          "duration": 67.13250851631165,
          "input_tokens": 29957,
          "output_tokens": 1529,
          "cost": 0.027023600000000002
        }
      },
      "suite_summary": {
        "total_duration": 1847.067308664322,
        "total_llm_tokens": 121002,
        "total_cost": 0.10828320000000002
      }
    }
  }
}