{
  "timestamp": "2025-07-01T18:34:02.240996",
  "benchmark_results": {
    "mcp-server-data-exploration-main-server": {
      "phases": {
        "1_order_generation": {
          "duration": 1.0349650382995605,
          "input_tokens": 540,
          "output_tokens": 12,
          "cost": 0.00564
        },
        "2_case_gen_load_csv": {
          "duration": 27.27314043045044,
          "input_tokens": 1179,
          "output_tokens": 924,
          "cost": 0.03027
        },
        "3_case_exec_load_csv": {
          "duration": 0.006005525588989258,
          "input_tokens": 0,
          "output_tokens": 0,
          "cost": 0
        },
        "2_case_gen_run_script": {
          "duration": 28.903516054153442,
          "input_tokens": 2769,
          "output_tokens": 842,
          "cost": 0.04453
        },
        "3_case_exec_run_script": {
          "duration": 0.0034024715423583984,
          "input_tokens": 0,
          "output_tokens": 0,
          "cost": 0
        },
        "4_report_generation": {
          "duration": 52.60709547996521,
          "input_tokens": 4805,
          "output_tokens": 1660,
          "cost": 0.08125
        }
      },
      "suite_summary": {
        "total_duration": 125.6719560623169,
        "total_llm_tokens": 12731,
        "total_cost": 0.16169
      }
    }
  }
}