{
  "timestamp": "2025-07-11T21:33:40.452330",
  "benchmark_results": {
    "qwen-plus-mcp_data_exploration_analyzer": {
      "phases": {
        "1_order_generation": {
          "duration": 1.019880771636963,
          "input_tokens": 886,
          "output_tokens": 30,
          "cost": 0.0007688
        },
        "2_case_gen_load_csv": {
          "duration": 39.375290632247925,
          "input_tokens": 1727,
          "output_tokens": 1036,
          "cost": 0.0034536000000000002
        },
        "3_case_exec_load_csv": {
          "duration": 0.0065152645111083984,
          "input_tokens": 0,
          "output_tokens": 0,
          "cost": 0
        },
        "2_case_gen_run_script": {
          "duration": 32.2271671295166,
          "input_tokens": 4705,
          "output_tokens": 987,
          "cost": 0.005738
        },
        "3_case_exec_run_script": {
          "duration": 0.0010035037994384766,
          "input_tokens": 0,
          "output_tokens": 0,
          "cost": 0
        },
        "2_case_gen_generate_exploration_plan": {
          "duration": 26.259000301361084,
          "input_tokens": 7392,
          "output_tokens": 775,
          "cost": 0.0074636
        },
        "3_case_exec_generate_exploration_plan": {
          "duration": 0.0010006427764892578,
          "input_tokens": 0,
          "output_tokens": 0,
          "cost": 0
        },
        "2_case_gen_execute_visualization": {
          "duration": 30.64237380027771,
          "input_tokens": 7384,
          "output_tokens": 848,
          "cost": 0.007603199999999999
        },
        "3_case_exec_execute_visualization": {
          "duration": 0.0009996891021728516,
          "input_tokens": 0,
          "output_tokens": 0,
          "cost": 0
        },
        "4_report_generation": {
          "duration": 52.15066409111023,
          "input_tokens": 11025,
          "output_tokens": 1379,
          "cost": 0.011578
        }
      },
      "suite_summary": {
        "total_duration": 185.4543821811676,
        "total_llm_tokens": 38174,
        "total_cost": 0.0366052
      }
    }
  }
}