{
  "timestamp": "2025-06-30T22:35:08.256881",
  "benchmark_results": {
    "mcp_pdf_processor_refined-server": {
      "phases": {
        "1_order_generation": {
          "duration": 1.6799719333648682,
          "input_tokens": 1646,
          "output_tokens": 37,
          "cost": 0.017200000000000003
        },
        "2_case_gen_search_pdfs": {
          "duration": 28.553685426712036,
          "input_tokens": 2707,
          "output_tokens": 929,
          "cost": 0.04565000000000001
        },
        "3_case_exec_search_pdfs": {
          "duration": 0.01700139045715332,
          "input_tokens": 0,
          "output_tokens": 0,
          "cost": 0
        },
        "2_case_gen_merge_pdfs": {
          "duration": 51.40366220474243,
          "input_tokens": 5260,
          "output_tokens": 1260,
          "cost": 0.07780000000000001
        },
        "3_case_exec_merge_pdfs": {
          "duration": 0.009014606475830078,
          "input_tokens": 0,
          "output_tokens": 0,
          "cost": 0
        },
        "2_case_gen_extract_pages": {
          "duration": 52.357701539993286,
          "input_tokens": 7451,
          "output_tokens": 1447,
          "cost": 0.10345000000000001
        },
        "3_case_exec_extract_pages": {
          "duration": 0.04974627494812012,
          "input_tokens": 0,
          "output_tokens": 0,
          "cost": 0
        },
        "2_case_gen_find_related_pdfs": {
          "duration": 37.16652822494507,
          "input_tokens": 10204,
          "output_tokens": 1159,
          "cost": 0.12522
        },
        "3_case_exec_find_related_pdfs": {
          "duration": 0.004998445510864258,
          "input_tokens": 0,
          "output_tokens": 0,
          "cost": 0
        },
        "2_case_gen_merge_pdfs_ordered": {
          "duration": 71.59088635444641,
          "input_tokens": 12163,
          "output_tokens": 1478,
          "cost": 0.15119000000000002
        },
        "3_case_exec_merge_pdfs_ordered": {
          "duration": 0.011002540588378906,
          "input_tokens": 0,
          "output_tokens": 0,
          "cost": 0
        },
        "4_report_generation": {
          "duration": 44.81211566925049,
          "input_tokens": 14199,
          "output_tokens": 1466,
          "cost": 0.17131000000000002
        }
      },
      "suite_summary": {
        "total_duration": 296.6203873157501,
        "total_llm_tokens": 61406,
        "total_cost": 0.6918200000000001
      }
    }
  }
}