{
  "timestamp": "2025-07-01T17:28:32.296796",
  "benchmark_results": {
    "markdown_conversion_server_refined-server": {
      "phases": {
        "1_order_generation": {
          "duration": 0.8369793891906738,
          "input_tokens": 775,
          "output_tokens": 10,
          "cost": 0.00795
        },
        "2_case_gen_convert_to_markdown": {
          "duration": 48.30979681015015,
          "input_tokens": 1682,
          "output_tokens": 1010,
          "cost": 0.037020000000000004
        },
        "3_case_exec_convert_to_markdown": {
          "duration": 0.007542610168457031,
          "input_tokens": 0,
          "output_tokens": 0,
          "cost": 0
        },
        "4_report_generation": {
          "duration": 56.01288890838623,
          "input_tokens": 4488,
          "output_tokens": 1545,
          "cost": 0.07578000000000001
        }
      },
      "suite_summary": {
        "total_duration": 221.829523563385,
        "total_llm_tokens": 9510,
        "total_cost": 0.12075000000000002
      }
    }
  }
}