{
  "timestamp": "2025-07-01T17:03:34.926982",
  "benchmark_results": {
    "huggingface-mcp-server-main-server": {
      "phases": {
        "1_order_generation": {
          "duration": 2.337026596069336,
          "input_tokens": 1330,
          "output_tokens": 69,
          "cost": 0.014680000000000002
        },
        "2_case_gen_search-models": {
          "duration": 25.20100426673889,
          "input_tokens": 1130,
          "output_tokens": 613,
          "cost": 0.023560000000000005
        },
        "3_case_exec_search-models": {
          "duration": 1.0129170417785645,
          "input_tokens": 0,
          "output_tokens": 0,
          "cost": 0
        },
        "2_case_gen_get-model-info": {
          "duration": 28.32291579246521,
          "input_tokens": 6740,
          "output_tokens": 630,
          "cost": 0.08
        },
        "3_case_exec_get-model-info": {
          "duration": 0.12431001663208008,
          "input_tokens": 0,
          "output_tokens": 0,
          "cost": 0
        },
        "2_case_gen_search-datasets": {
          "duration": 22.2906756401062,
          "input_tokens": 8513,
          "output_tokens": 757,
          "cost": 0.10027000000000001
        },
        "3_case_exec_search-datasets": {
          "duration": 0.3504321575164795,
          "input_tokens": 0,
          "output_tokens": 0,
          "cost": 0
        },
        "2_case_gen_get-dataset-info": {
          "duration": 27.349348545074463,
          "input_tokens": 11690,
          "output_tokens": 564,
          "cost": 0.12818000000000002
        },
        "3_case_exec_get-dataset-info": {
          "duration": 0.11488676071166992,
          "input_tokens": 0,
          "output_tokens": 0,
          "cost": 0
        },
        "2_case_gen_search-spaces": {
          "duration": 30.023168087005615,
          "input_tokens": 13249,
          "output_tokens": 832,
          "cost": 0.14913000000000004
        },
        "3_case_exec_search-spaces": {
          "duration": 0.35865354537963867,
          "input_tokens": 0,
          "output_tokens": 0,
          "cost": 0
        },
        "2_case_gen_get-space-info": {
          "duration": 22.421704530715942,
          "input_tokens": 16757,
          "output_tokens": 566,
          "cost": 0.17889000000000002
        },
        "3_case_exec_get-space-info": {
          "duration": 0.10851287841796875,
          "input_tokens": 0,
          "output_tokens": 0,
          "cost": 0
        },
        "2_case_gen_search-collections": {
          "duration": 25.11591672897339,
          "input_tokens": 17177,
          "output_tokens": 761,
          "cost": 0.18699000000000002
        },
        "3_case_exec_search-collections": {
          "duration": 0.3694484233856201,
          "input_tokens": 0,
          "output_tokens": 0,
          "cost": 0
        },
        "2_case_gen_get-collection-info": {
          "duration": 35.233115673065186,
          "input_tokens": 20772,
          "output_tokens": 706,
          "cost": 0.22184
        },
        "3_case_exec_get-collection-info": {
          "duration": 0.3444199562072754,
          "input_tokens": 0,
          "output_tokens": 0,
          "cost": 0
        },
        "2_case_gen_get-daily-papers": {
          "duration": 15.101301670074463,
          "input_tokens": 22432,
          "output_tokens": 254,
          "cost": 0.22940000000000002
        },
        "3_case_exec_get-daily-papers": {
          "duration": 0.43930792808532715,
          "input_tokens": 0,
          "output_tokens": 0,
          "cost": 0
        },
        "2_case_gen_get-paper-info": {
          "duration": 19.645320653915405,
          "input_tokens": 24602,
          "output_tokens": 441,
          "cost": 0.25484
        },
        "3_case_exec_get-paper-info": {
          "duration": 0.3943214416503906,
          "input_tokens": 0,
          "output_tokens": 0,
          "cost": 0
        },
        "4_report_generation": {
          "duration": 81.99533033370972,
          "input_tokens": 25980,
          "output_tokens": 1805,
          "cost": 0.29590000000000005
        }
      },
      "suite_summary": {
        "total_duration": 401.14914202690125,
        "total_llm_tokens": 178370,
        "total_cost": 1.8636800000000002
      }
    }
  }
}