{
  "timestamp": "2025-07-01T17:03:33.039681",
  "benchmark_results": {
    "mcp-server-data-exploration-main-server": {
      "phases": {
        "1_order_generation": {
          "duration": 3.1438634395599365,
          "input_tokens": 540,
          "output_tokens": 12,
          "cost": 0.00564
        },
        "2_case_gen_load_csv": {
          "duration": 40.76585626602173,
          "input_tokens": 1128,
          "output_tokens": 1014,
          "cost": 0.031560000000000005
        },
        "3_case_exec_load_csv": {
          "duration": 0.005522727966308594,
          "input_tokens": 0,
          "output_tokens": 0,
          "cost": 0
        },
        "2_case_gen_run_script": {
          "duration": 43.063498973846436,
          "input_tokens": 5173,
          "output_tokens": 1032,
          "cost": 0.07237
        },
        "3_case_exec_run_script": {
          "duration": 0.004000663757324219,
          "input_tokens": 0,
          "output_tokens": 0,
          "cost": 0
        },
        "4_report_generation": {
          "duration": 52.17553162574768,
          "input_tokens": 5588,
          "output_tokens": 1334,
          "cost": 0.08256000000000001
        }
      },
      "suite_summary": {
        "total_duration": 160.0338146686554,
        "total_llm_tokens": 15821,
        "total_cost": 0.19213000000000002
      }
    }
  }
}