{
  "timestamp": "2025-07-01T17:28:31.656229",
  "benchmark_results": {
    "mcp_image_converter_refined-server": {
      "phases": {
        "1_order_generation": {
          "duration": 1.1416840553283691,
          "input_tokens": 700,
          "output_tokens": 14,
          "cost": 0.00728
        },
        "2_case_gen_convert_image": {
          "duration": 53.952876329422,
          "input_tokens": 1363,
          "output_tokens": 1372,
          "cost": 0.04107
        },
        "3_case_exec_convert_image": {
          "duration": 0.032959938049316406,
          "input_tokens": 0,
          "output_tokens": 0,
          "cost": 0
        },
        "2_case_gen_batch_convert_images_tool": {
          "duration": 47.315579414367676,
          "input_tokens": 4848,
          "output_tokens": 1370,
          "cost": 0.07588
        },
        "3_case_exec_batch_convert_images_tool": {
          "duration": 0.013517379760742188,
          "input_tokens": 0,
          "output_tokens": 0,
          "cost": 0
        },
        "4_report_generation": {
          "duration": 62.71767973899841,
          "input_tokens": 6387,
          "output_tokens": 1677,
          "cost": 0.09741000000000001
        }
      },
      "suite_summary": {
        "total_duration": 174.1722331047058,
        "total_llm_tokens": 17731,
        "total_cost": 0.22164
      }
    }
  }
}