{
  "timestamp": "2025-07-01T18:51:14.961063",
  "benchmark_results": {
    "everything_mcp_server_refined-server": {
      "phases": {
        "1_order_generation": {
          "duration": 0.9253838062286377,
          "input_tokens": 609,
          "output_tokens": 11,
          "cost": 0.0063100000000000005
        },
        "2_case_gen_search_files_with_everything": {
          "duration": 30.65343713760376,
          "input_tokens": 3440,
          "output_tokens": 873,
          "cost": 0.05186
        },
        "3_case_exec_search_files_with_everything": {
          "duration": 0.003999233245849609,
          "input_tokens": 0,
          "output_tokens": 0,
          "cost": 0
        },
        "4_report_generation": {
          "duration": 40.054402112960815,
          "input_tokens": 3433,
          "output_tokens": 1260,
          "cost": 0.05953
        }
      },
      "suite_summary": {
        "total_duration": 78.16921663284302,
        "total_llm_tokens": 9626,
        "total_cost": 0.1177
      }
    }
  }
}