{
  "timestamp": "2025-07-01T18:34:06.996778",
  "benchmark_results": {
    "Office-Word-MCP-Server-main-server": {
      "phases": {
        "1_order_generation": {
          "duration": 2.8864586353302,
          "input_tokens": 2698,
          "output_tokens": 66,
          "cost": 0.028300000000000002
        },
        "2_case_gen_create_document": {
          "duration": 46.866549253463745,
          "input_tokens": 2000,
          "output_tokens": 1272,
          "cost": 0.04544
        },
        "3_case_exec_create_document": {
          "duration": 0.4549875259399414,
          "input_tokens": 0,
          "output_tokens": 0,
          "cost": 0
        },
        "2_case_gen_get_document_text": {
          "duration": 26.111035108566284,
          "input_tokens": 4107,
          "output_tokens": 859,
          "cost": 0.05825
        },
        "3_case_exec_get_document_text": {
          "duration": 0.030263423919677734,
          "input_tokens": 0,
          "output_tokens": 0,
          "cost": 0
        },
        "2_case_gen_add_paragraph": {
          "duration": 31.111741065979004,
          "input_tokens": 6414,
          "output_tokens": 1070,
          "cost": 0.08554
        },
        "3_case_exec_add_paragraph": {
          "duration": 0.1027529239654541,
          "input_tokens": 0,
          "output_tokens": 0,
          "cost": 0
        },
        "2_case_gen_add_heading": {
          "duration": 34.05694580078125,
          "input_tokens": 8066,
          "output_tokens": 751,
          "cost": 0.09568000000000002
        },
        "3_case_exec_add_heading": {
          "duration": 0.0352323055267334,
          "input_tokens": 0,
          "output_tokens": 0,
          "cost": 0
        },
        "2_case_gen_create_custom_style": {
          "duration": 35.038989543914795,
          "input_tokens": 9391,
          "output_tokens": 1179,
          "cost": 0.11749000000000001
        },
        "3_case_exec_create_custom_style": {
          "duration": 0.02657008171081543,
          "input_tokens": 0,
          "output_tokens": 0,
          "cost": 0
        },
        "2_case_gen_format_text": {
          "duration": 36.93533205986023,
          "input_tokens": 11449,
          "output_tokens": 1380,
          "cost": 0.14209000000000002
        },
        "3_case_exec_format_text": {
          "duration": 0.07258033752441406,
          "input_tokens": 0,
          "output_tokens": 0,
          "cost": 0
        },
        "2_case_gen_protect_document": {
          "duration": 38.763041496276855,
          "input_tokens": 13602,
          "output_tokens": 901,
          "cost": 0.15404
        },
        "3_case_exec_protect_document": {
          "duration": 0.03453826904296875,
          "input_tokens": 0,
          "output_tokens": 0,
          "cost": 0
        },
        "2_case_gen_add_footnote_to_document": {
          "duration": 38.76165437698364,
          "input_tokens": 15321,
          "output_tokens": 980,
          "cost": 0.17281000000000002
        },
        "3_case_exec_add_footnote_to_document": {
          "duration": 0.07937407493591309,
          "input_tokens": 0,
          "output_tokens": 0,
          "cost": 0
        },
        "2_case_gen_get_paragraph_text_from_document": {
          "duration": 23.43609929084778,
          "input_tokens": 16877,
          "output_tokens": 699,
          "cost": 0.18275
        },
        "3_case_exec_get_paragraph_text_from_document": {
          "duration": 0.059526920318603516,
          "input_tokens": 0,
          "output_tokens": 0,
          "cost": 0
        },
        "2_case_gen_find_text_in_document": {
          "duration": 29.102922439575195,
          "input_tokens": 18017,
          "output_tokens": 951,
          "cost": 0.19919000000000003
        },
        "3_case_exec_find_text_in_document": {
          "duration": 0.022402524948120117,
          "input_tokens": 0,
          "output_tokens": 0,
          "cost": 0
        },
        "4_report_generation": {
          "duration": 55.03837037086487,
          "input_tokens": 20807,
          "output_tokens": 1548,
          "cost": 0.23903000000000002
        }
      },
      "suite_summary": {
        "total_duration": 537.0478870868683,
        "total_llm_tokens": 140405,
        "total_cost": 1.5206100000000002
      }
    }
  }
}