{
  "timestamp": "2025-07-01T18:51:20.204168",
  "benchmark_results": {
    "ssh_mcp_server_automation_refined-server": {
      "phases": {
        "1_order_generation": {
          "duration": 1.8539578914642334,
          "input_tokens": 1713,
          "output_tokens": 31,
          "cost": 0.017750000000000002
        },
        "2_case_gen_connect": {
          "duration": 33.48993134498596,
          "input_tokens": 8950,
          "output_tokens": 1049,
          "cost": 0.11048000000000001
        },
        "3_case_exec_connect": {
          "duration": 21.125449895858765,
          "input_tokens": 0,
          "output_tokens": 0,
          "cost": 0
        },
        "2_case_gen_list_sessions": {
          "duration": 23.276691198349,
          "input_tokens": 11901,
          "output_tokens": 571,
          "cost": 0.13043000000000002
        },
        "3_case_exec_list_sessions": {
          "duration": 0.031151533126831055,
          "input_tokens": 0,
          "output_tokens": 0,
          "cost": 0
        },
        "2_case_gen_execute": {
          "duration": 38.14750289916992,
          "input_tokens": 13757,
          "output_tokens": 935,
          "cost": 0.15627
        },
        "3_case_exec_execute": {
          "duration": 0.15034151077270508,
          "input_tokens": 0,
          "output_tokens": 0,
          "cost": 0
        },
        "2_case_gen_upload": {
          "duration": 36.68531942367554,
          "input_tokens": 8515,
          "output_tokens": 1079,
          "cost": 0.10673
        },
        "3_case_exec_upload": {
          "duration": 0.10221362113952637,
          "input_tokens": 0,
          "output_tokens": 0,
          "cost": 0
        },
        "2_case_gen_download": {
          "duration": 36.90738296508789,
          "input_tokens": 10817,
          "output_tokens": 1054,
          "cost": 0.12925
        },
        "3_case_exec_download": {
          "duration": 0.08100628852844238,
          "input_tokens": 0,
          "output_tokens": 0,
          "cost": 0
        },
        "2_case_gen_disconnect": {
          "duration": 27.04223132133484,
          "input_tokens": 13100,
          "output_tokens": 684,
          "cost": 0.14468
        },
        "3_case_exec_disconnect": {
          "duration": 0.008525371551513672,
          "input_tokens": 0,
          "output_tokens": 0,
          "cost": 0
        },
        "4_report_generation": {
          "duration": 56.88382172584534,
          "input_tokens": 16735,
          "output_tokens": 1444,
          "cost": 0.19623000000000002
        }
      },
      "suite_summary": {
        "total_duration": 376.43482303619385,
        "total_llm_tokens": 92335,
        "total_cost": 0.99182
      }
    }
  }
}