{
  "timestamp": "2025-06-30T22:35:09.465971",
  "benchmark_results": {
    "zotero_mcp_server_refined-server": {
      "phases": {
        "1_order_generation": {
          "duration": 1.0250911712646484,
          "input_tokens": 723,
          "output_tokens": 19,
          "cost": 0.0076100000000000004
        },
        "2_case_gen_search_items": {
          "duration": 21.89339017868042,
          "input_tokens": 3100,
          "output_tokens": 767,
          "cost": 0.046340000000000006
        },
        "3_case_exec_search_items": {
          "duration": 2.1620190143585205,
          "input_tokens": 0,
          "output_tokens": 0,
          "cost": 0
        },
        "2_case_gen_get_item_metadata": {
          "duration": 21.280370712280273,
          "input_tokens": 7188,
          "output_tokens": 605,
          "cost": 0.08398
        },
        "3_case_exec_get_item_metadata": {
          "duration": 0.6516208648681641,
          "input_tokens": 0,
          "output_tokens": 0,
          "cost": 0
        },
        "2_case_gen_get_item_fulltext": {
          "duration": 18.22839856147766,
          "input_tokens": 9965,
          "output_tokens": 611,
          "cost": 0.11187
        },
        "3_case_exec_get_item_fulltext": {
          "duration": 2.1890668869018555,
          "input_tokens": 0,
          "output_tokens": 0,
          "cost": 0
        },
        "4_report_generation": {
          "duration": 49.91729259490967,
          "input_tokens": 11399,
          "output_tokens": 1532,
          "cost": 0.14463
        }
      },
      "suite_summary": {
        "total_duration": 171.28719663619995,
        "total_llm_tokens": 35909,
        "total_cost": 0.39443
      }
    }
  }
}