{
  "timestamp": "2025-07-01T18:51:16.551596",
  "benchmark_results": {
    "arxiv_paper_manager_refined-server": {
      "phases": {
        "1_order_generation": {
          "duration": 2.295931100845337,
          "input_tokens": 740,
          "output_tokens": 28,
          "cost": 0.00796
        },
        "2_case_gen_search_papers": {
          "duration": 20.45351552963257,
          "input_tokens": 3167,
          "output_tokens": 738,
          "cost": 0.046430000000000006
        },
        "3_case_exec_search_papers": {
          "duration": 7.304607152938843,
          "input_tokens": 0,
          "output_tokens": 0,
          "cost": 0
        },
        "2_case_gen_download_paper": {
          "duration": 25.838711977005005,
          "input_tokens": 4002,
          "output_tokens": 857,
          "cost": 0.05716
        },
        "3_case_exec_download_paper": {
          "duration": 1.6259698867797852,
          "input_tokens": 0,
          "output_tokens": 0,
          "cost": 0
        },
        "2_case_gen_list_papers": {
          "duration": 16.226085424423218,
          "input_tokens": 12889,
          "output_tokens": 426,
          "cost": 0.13741
        },
        "3_case_exec_list_papers": {
          "duration": 0.005121946334838867,
          "input_tokens": 0,
          "output_tokens": 0,
          "cost": 0
        },
        "2_case_gen_read_paper": {
          "duration": 24.073465824127197,
          "input_tokens": 16228,
          "output_tokens": 797,
          "cost": 0.17822000000000002
        },
        "3_case_exec_read_paper": {
          "duration": 0.004508495330810547,
          "input_tokens": 0,
          "output_tokens": 0,
          "cost": 0
        },
        "4_report_generation": {
          "duration": 38.066779136657715,
          "input_tokens": 14377,
          "output_tokens": 1263,
          "cost": 0.16903
        }
      },
      "suite_summary": {
        "total_duration": 229.07618808746338,
        "total_llm_tokens": 55512,
        "total_cost": 0.59621
      }
    }
  }
}