{
  "timestamp": "2025-07-11T21:33:36.770361",
  "benchmark_results": {
    "gemini-2.5-pro-mcp_duffeld_flight_search": {
      "phases": {
        "1_order_generation": {
          "duration": 1.2647430896759033,
          "input_tokens": 1156,
          "output_tokens": 24,
          "cost": 0.0009727999999999999
        },
        "2_case_gen_search_flights": {
          "duration": 39.04452681541443,
          "input_tokens": 1684,
          "output_tokens": 1051,
          "cost": 0.0034491999999999995
        },
        "3_case_exec_search_flights": {
          "duration": 0.007004499435424805,
          "input_tokens": 0,
          "output_tokens": 0,
          "cost": 0
        },
        "2_case_gen_get_offer_details": {
          "duration": 34.0721378326416,
          "input_tokens": 3277,
          "output_tokens": 885,
          "cost": 0.0043916
        },
        "3_case_exec_get_offer_details": {
          "duration": 0.4488046169281006,
          "input_tokens": 0,
          "output_tokens": 0,
          "cost": 0
        },
        "2_case_gen_search_multi_city": {
          "duration": 68.08055591583252,
          "input_tokens": 5452,
          "output_tokens": 1663,
          "cost": 0.0076876
        },
        "3_case_exec_search_multi_city": {
          "duration": 0.007004261016845703,
          "input_tokens": 0,
          "output_tokens": 0,
          "cost": 0
        },
        "4_report_generation": {
          "duration": 55.116137742996216,
          "input_tokens": 8840,
          "output_tokens": 1497,
          "cost": 0.010065999999999999
        }
      },
      "suite_summary": {
        "total_duration": 206.39687824249268,
        "total_llm_tokens": 25529,
        "total_cost": 0.0265672
      }
    }
  }
}