{
  "timestamp": "2025-07-01T18:51:18.384684",
  "benchmark_results": {
    "financial_data_mcp_server_refined-server": {
      "phases": {
        "1_order_generation": {
          "duration": 3.190168857574463,
          "input_tokens": 2930,
          "output_tokens": 90,
          "cost": 0.031100000000000003
        },
        "2_case_gen_get_company_profile": {
          "duration": 33.70713233947754,
          "input_tokens": 3136,
          "output_tokens": 876,
          "cost": 0.04888000000000001
        },
        "3_case_exec_get_company_profile": {
          "duration": 0.37736964225769043,
          "input_tokens": 0,
          "output_tokens": 0,
          "cost": 0
        },
        "2_case_gen_get_stock_prices": {
          "duration": 32.8808057308197,
          "input_tokens": 3750,
          "output_tokens": 964,
          "cost": 0.05678000000000001
        },
        "3_case_exec_get_stock_prices": {
          "duration": 0.7819027900695801,
          "input_tokens": 0,
          "output_tokens": 0,
          "cost": 0
        },
        "2_case_gen_get_income_statements": {
          "duration": 31.236401081085205,
          "input_tokens": 12178,
          "output_tokens": 1065,
          "cost": 0.14308
        },
        "3_case_exec_get_income_statements": {
          "duration": 0.3540079593658447,
          "input_tokens": 0,
          "output_tokens": 0,
          "cost": 0
        },
        "2_case_gen_get_balance_sheets": {
          "duration": 34.11202383041382,
          "input_tokens": 15516,
          "output_tokens": 1066,
          "cost": 0.17648000000000003
        },
        "3_case_exec_get_balance_sheets": {
          "duration": 0.35470056533813477,
          "input_tokens": 0,
          "output_tokens": 0,
          "cost": 0
        },
        "2_case_gen_get_cash_flows": {
          "duration": 30.84060025215149,
          "input_tokens": 18300,
          "output_tokens": 1074,
          "cost": 0.20448000000000002
        },
        "3_case_exec_get_cash_flows": {
          "duration": 0.3576350212097168,
          "input_tokens": 0,
          "output_tokens": 0,
          "cost": 0
        },
        "2_case_gen_get_financial_ratios": {
          "duration": 23.651307106018066,
          "input_tokens": 20917,
          "output_tokens": 633,
          "cost": 0.22183000000000003
        },
        "3_case_exec_get_financial_ratios": {
          "duration": 0.8014812469482422,
          "input_tokens": 0,
          "output_tokens": 0,
          "cost": 0
        },
        "2_case_gen_get_earnings_history": {
          "duration": 30.31005358695984,
          "input_tokens": 23104,
          "output_tokens": 873,
          "cost": 0.24850000000000003
        },
        "3_case_exec_get_earnings_history": {
          "duration": 0.8596184253692627,
          "input_tokens": 0,
          "output_tokens": 0,
          "cost": 0
        },
        "2_case_gen_get_analyst_estimates": {
          "duration": 28.6307532787323,
          "input_tokens": 25401,
          "output_tokens": 723,
          "cost": 0.26847
        },
        "3_case_exec_get_analyst_estimates": {
          "duration": 0.3811829090118408,
          "input_tokens": 0,
          "output_tokens": 0,
          "cost": 0
        },
        "2_case_gen_get_dividend_history": {
          "duration": 32.54746913909912,
          "input_tokens": 27500,
          "output_tokens": 727,
          "cost": 0.28954
        },
        "3_case_exec_get_dividend_history": {
          "duration": 0.817638635635376,
          "input_tokens": 0,
          "output_tokens": 0,
          "cost": 0
        },
        "2_case_gen_get_splits_history": {
          "duration": 25.79206609725952,
          "input_tokens": 29255,
          "output_tokens": 578,
          "cost": 0.30411000000000005
        },
        "3_case_exec_get_splits_history": {
          "duration": 0.3589656352996826,
          "input_tokens": 0,
          "output_tokens": 0,
          "cost": 0
        },
        "2_case_gen_get_ownership_data": {
          "duration": 20.256808042526245,
          "input_tokens": 30753,
          "output_tokens": 723,
          "cost": 0.32199
        },
        "3_case_exec_get_ownership_data": {
          "duration": 0.3576040267944336,
          "input_tokens": 0,
          "output_tokens": 0,
          "cost": 0
        },
        "2_case_gen_get_market_news": {
          "duration": 20.161208629608154,
          "input_tokens": 32732,
          "output_tokens": 630,
          "cost": 0.33992
        },
        "3_case_exec_get_market_news": {
          "duration": 0.4532949924468994,
          "input_tokens": 0,
          "output_tokens": 0,
          "cost": 0
        },
        "4_report_generation": {
          "duration": 60.92937874794006,
          "input_tokens": 29176,
          "output_tokens": 1462,
          "cost": 0.321
        }
      },
      "suite_summary": {
        "total_duration": 496.37924218177795,
        "total_llm_tokens": 286132,
        "total_cost": 2.9761600000000006
      }
    }
  }
}