{
  "timestamp": "2025-07-11T21:33:41.310939",
  "benchmark_results": {
    "qwen-plus-mcp_pdf_file_processor": {
      "phases": {
        "1_order_generation": {
          "duration": 1.6692695617675781,
          "input_tokens": 1319,
          "output_tokens": 37,
          "cost": 0.0011292
        },
        "2_case_gen_merge_pdfs": {
          "duration": 56.456432819366455,
          "input_tokens": 1436,
          "output_tokens": 1540,
          "cost": 0.0042288
        },
        "3_case_exec_merge_pdfs": {
          "duration": 0.019527196884155273,
          "input_tokens": 0,
          "output_tokens": 0,
          "cost": 0
        },
        "2_case_gen_extract_pages": {
          "duration": 52.19555354118347,
          "input_tokens": 3847,
          "output_tokens": 1539,
          "cost": 0.0061556
        },
        "3_case_exec_extract_pages": {
          "duration": 0.027478933334350586,
          "input_tokens": 0,
          "output_tokens": 0,
          "cost": 0
        },
        "2_case_gen_search_pdfs": {
          "duration": 45.067748069763184,
          "input_tokens": 6777,
          "output_tokens": 1120,
          "cost": 0.007661599999999999
        },
        "3_case_exec_search_pdfs": {
          "duration": 0.030817508697509766,
          "input_tokens": 0,
          "output_tokens": 0,
          "cost": 0
        },
        "2_case_gen_merge_pdfs_ordered": {
          "duration": 55.88714027404785,
          "input_tokens": 7027,
          "output_tokens": 1521,
          "cost": 0.0086636
        },
        "3_case_exec_merge_pdfs_ordered": {
          "duration": 0.0329132080078125,
          "input_tokens": 0,
          "output_tokens": 0,
          "cost": 0
        },
        "2_case_gen_find_related_pdfs": {
          "duration": 50.828287839889526,
          "input_tokens": 6340,
          "output_tokens": 1341,
          "cost": 0.0077540000000000005
        },
        "3_case_exec_find_related_pdfs": {
          "duration": 0.03504776954650879,
          "input_tokens": 0,
          "output_tokens": 0,
          "cost": 0
        },
        "4_report_generation": {
          "duration": 68.82000041007996,
          "input_tokens": 15750,
          "output_tokens": 1747,
          "cost": 0.016094
        }
      },
      "suite_summary": {
        "total_duration": 336.8670709133148,
        "total_llm_tokens": 51341,
        "total_cost": 0.05168679999999999
      }
    }
  }
}