{
  "timestamp": "2025-07-01T18:51:18.960254",
  "benchmark_results": {
    "git_repo_management_server_refined-server": {
      "phases": {
        "1_order_generation": {
          "duration": 2.5429677963256836,
          "input_tokens": 2327,
          "output_tokens": 72,
          "cost": 0.024710000000000003
        },
        "2_case_gen_git_init": {
          "duration": 45.909035444259644,
          "input_tokens": 3123,
          "output_tokens": 1118,
          "cost": 0.053590000000000006
        },
        "3_case_exec_git_init": {
          "duration": 0.14016389846801758,
          "input_tokens": 0,
          "output_tokens": 0,
          "cost": 0
        },
        "2_case_gen_git_status": {
          "duration": 36.60023212432861,
          "input_tokens": 10806,
          "output_tokens": 835,
          "cost": 0.12476000000000001
        },
        "3_case_exec_git_status": {
          "duration": 0.1835038661956787,
          "input_tokens": 0,
          "output_tokens": 0,
          "cost": 0
        },
        "2_case_gen_git_add": {
          "duration": 54.362563610076904,
          "input_tokens": 11985,
          "output_tokens": 1346,
          "cost": 0.14677
        },
        "3_case_exec_git_add": {
          "duration": 0.004511356353759766,
          "input_tokens": 0,
          "output_tokens": 0,
          "cost": 0
        },
        "2_case_gen_git_diff_unstaged": {
          "duration": 24.183566331863403,
          "input_tokens": 15117,
          "output_tokens": 797,
          "cost": 0.16711
        },
        "3_case_exec_git_diff_unstaged": {
          "duration": 0.3907356262207031,
          "input_tokens": 0,
          "output_tokens": 0,
          "cost": 0
        },
        "2_case_gen_git_commit": {
          "duration": 36.31850004196167,
          "input_tokens": 16687,
          "output_tokens": 938,
          "cost": 0.18563000000000002
        },
        "3_case_exec_git_commit": {
          "duration": 0.2861452102661133,
          "input_tokens": 0,
          "output_tokens": 0,
          "cost": 0
        },
        "2_case_gen_git_diff_staged": {
          "duration": 33.46811127662659,
          "input_tokens": 18679,
          "output_tokens": 788,
          "cost": 0.20255
        },
        "3_case_exec_git_diff_staged": {
          "duration": 0.17777085304260254,
          "input_tokens": 0,
          "output_tokens": 0,
          "cost": 0
        },
        "2_case_gen_git_log": {
          "duration": 36.11257767677307,
          "input_tokens": 20056,
          "output_tokens": 758,
          "cost": 0.21572000000000002
        },
        "3_case_exec_git_log": {
          "duration": 0.1668558120727539,
          "input_tokens": 0,
          "output_tokens": 0,
          "cost": 0
        },
        "2_case_gen_git_create_branch": {
          "duration": 34.795788526535034,
          "input_tokens": 21835,
          "output_tokens": 955,
          "cost": 0.23745000000000002
        },
        "3_case_exec_git_create_branch": {
          "duration": 0.1620471477508545,
          "input_tokens": 0,
          "output_tokens": 0,
          "cost": 0
        },
        "2_case_gen_git_checkout": {
          "duration": 37.17668032646179,
          "input_tokens": 23542,
          "output_tokens": 948,
          "cost": 0.25438
        },
        "3_case_exec_git_checkout": {
          "duration": 0.0060062408447265625,
          "input_tokens": 0,
          "output_tokens": 0,
          "cost": 0
        },
        "2_case_gen_git_diff": {
          "duration": 32.04445195198059,
          "input_tokens": 25275,
          "output_tokens": 812,
          "cost": 0.26899
        },
        "3_case_exec_git_diff": {
          "duration": 0.1910567283630371,
          "input_tokens": 0,
          "output_tokens": 0,
          "cost": 0
        },
        "2_case_gen_git_show": {
          "duration": 28.108699321746826,
          "input_tokens": 27016,
          "output_tokens": 726,
          "cost": 0.28468
        },
        "3_case_exec_git_show": {
          "duration": 0.1706233024597168,
          "input_tokens": 0,
          "output_tokens": 0,
          "cost": 0
        },
        "2_case_gen_git_reset": {
          "duration": 46.28740859031677,
          "input_tokens": 28524,
          "output_tokens": 1093,
          "cost": 0.30710000000000004
        },
        "3_case_exec_git_reset": {
          "duration": 0.20588922500610352,
          "input_tokens": 0,
          "output_tokens": 0,
          "cost": 0
        },
        "4_report_generation": {
          "duration": 71.79748749732971,
          "input_tokens": 25589,
          "output_tokens": 1602,
          "cost": 0.28793
        }
      },
      "suite_summary": {
        "total_duration": 556.1313095092773,
        "total_llm_tokens": 263349,
        "total_cost": 2.7613700000000003
      }
    }
  }
}