{
  "timestamp": "2025-07-11T21:33:44.847682",
  "benchmark_results": {
    "gpt-4o-mcp_mongodb_manager": {
      "phases": {
        "1_order_generation": {
          "duration": 2.7393991947174072,
          "input_tokens": 1794,
          "output_tokens": 49,
          "cost": 0.0015332
        },
        "2_case_gen_mcp_list_databases": {
          "duration": 10.900115013122559,
          "input_tokens": 1474,
          "output_tokens": 649,
          "cost": 0.0024771999999999997
        },
        "3_case_exec_mcp_list_databases": {
          "duration": 0.006695270538330078,
          "input_tokens": 0,
          "output_tokens": 0,
          "cost": 0
        },
        "2_case_gen_mcp_list_collections": {
          "duration": 31.46167278289795,
          "input_tokens": 3228,
          "output_tokens": 770,
          "cost": 0.0041224
        },
        "3_case_exec_mcp_list_collections": {
          "duration": 0.0065114498138427734,
          "input_tokens": 0,
          "output_tokens": 0,
          "cost": 0
        },
        "2_case_gen_mcp_insert_document": {
          "duration": 73.22756624221802,
          "input_tokens": 5189,
          "output_tokens": 1482,
          "cost": 0.0071152
        },
        "3_case_exec_mcp_insert_document": {
          "duration": 0.061881065368652344,
          "input_tokens": 0,
          "output_tokens": 0,
          "cost": 0
        },
        "2_case_gen_mcp_find_documents": {
          "duration": 37.97474026679993,
          "input_tokens": 5282,
          "output_tokens": 994,
          "cost": 0.0062136
        },
        "3_case_exec_mcp_find_documents": {
          "duration": 0.02969670295715332,
          "input_tokens": 0,
          "output_tokens": 0,
          "cost": 0
        },
        "2_case_gen_mcp_update_document": {
          "duration": 52.109487771987915,
          "input_tokens": 5259,
          "output_tokens": 1316,
          "cost": 0.006839199999999999
        },
        "3_case_exec_mcp_update_document": {
          "duration": 0.029332637786865234,
          "input_tokens": 0,
          "output_tokens": 0,
          "cost": 0
        },
        "2_case_gen_mcp_delete_document": {
          "duration": 40.02240347862244,
          "input_tokens": 5225,
          "output_tokens": 1034,
          "cost": 0.006248
        },
        "3_case_exec_mcp_delete_document": {
          "duration": 0.04855704307556152,
          "input_tokens": 0,
          "output_tokens": 0,
          "cost": 0
        },
        "4_report_generation": {
          "duration": 52.86969304084778,
          "input_tokens": 14010,
          "output_tokens": 1374,
          "cost": 0.013956
        }
      },
      "suite_summary": {
        "total_duration": 305.65837717056274,
        "total_llm_tokens": 49129,
        "total_cost": 0.0485048
      }
    }
  }
}