{
  "timestamp": "2025-07-11T21:33:43.699147",
  "benchmark_results": {
    "gpt-4o-mcp_image_search_download_icon": {
      "phases": {
        "1_order_generation": {
          "duration": 1.0125136375427246,
          "input_tokens": 1046,
          "output_tokens": 16,
          "cost": 0.0008688
        },
        "2_case_gen_search_images": {
          "duration": 27.564276695251465,
          "input_tokens": 1606,
          "output_tokens": 764,
          "cost": 0.0028128
        },
        "3_case_exec_search_images": {
          "duration": 2.004434823989868,
          "input_tokens": 0,
          "output_tokens": 0,
          "cost": 0
        },
        "2_case_gen_download_image": {
          "duration": 43.73530697822571,
          "input_tokens": 3504,
          "output_tokens": 1114,
          "cost": 0.0050311999999999996
        },
        "3_case_exec_download_image": {
          "duration": 0.003998756408691406,
          "input_tokens": 0,
          "output_tokens": 0,
          "cost": 0
        },
        "2_case_gen_generate_icon": {
          "duration": 37.529376745224,
          "input_tokens": 3862,
          "output_tokens": 1138,
          "cost": 0.0053656
        },
        "3_case_exec_generate_icon": {
          "duration": 0.005389213562011719,
          "input_tokens": 0,
          "output_tokens": 0,
          "cost": 0
        },
        "4_report_generation": {
          "duration": 65.36118292808533,
          "input_tokens": 6739,
          "output_tokens": 1614,
          "cost": 0.0086192
        }
      },
      "suite_summary": {
        "total_duration": 194.05386805534363,
        "total_llm_tokens": 21403,
        "total_cost": 0.0226976
      }
    }
  }
}