{
  "timestamp": "2025-07-01T18:51:19.744482",
  "benchmark_results": {
    "outlook_mcp_server_refined-server": {
      "phases": {
        "1_order_generation": {
          "duration": 1.8997318744659424,
          "input_tokens": 1688,
          "output_tokens": 42,
          "cost": 0.017720000000000003
        },
        "2_case_gen_list_folders": {
          "duration": 22.762300729751587,
          "input_tokens": 8739,
          "output_tokens": 670,
          "cost": 0.10079
        },
        "3_case_exec_list_folders": {
          "duration": 0.7294158935546875,
          "input_tokens": 0,
          "output_tokens": 0,
          "cost": 0
        },
        "2_case_gen_list_recent_emails": {
          "duration": 28.23263168334961,
          "input_tokens": 12853,
          "output_tokens": 856,
          "cost": 0.14565
        },
        "3_case_exec_list_recent_emails": {
          "duration": 0.023650169372558594,
          "input_tokens": 0,
          "output_tokens": 0,
          "cost": 0
        },
        "2_case_gen_search_emails": {
          "duration": 30.516128540039062,
          "input_tokens": 14783,
          "output_tokens": 883,
          "cost": 0.16549000000000003
        },
        "3_case_exec_search_emails": {
          "duration": 0.7444624900817871,
          "input_tokens": 0,
          "output_tokens": 0,
          "cost": 0
        },
        "2_case_gen_get_email_by_number": {
          "duration": 29.491843461990356,
          "input_tokens": 16473,
          "output_tokens": 767,
          "cost": 0.18007
        },
        "3_case_exec_get_email_by_number": {
          "duration": 0.003998756408691406,
          "input_tokens": 0,
          "output_tokens": 0,
          "cost": 0
        },
        "2_case_gen_reply_to_email_by_number": {
          "duration": 35.40331768989563,
          "input_tokens": 18107,
          "output_tokens": 933,
          "cost": 0.19973000000000002
        },
        "3_case_exec_reply_to_email_by_number": {
          "duration": 0.030095815658569336,
          "input_tokens": 0,
          "output_tokens": 0,
          "cost": 0
        },
        "2_case_gen_compose_email": {
          "duration": 48.610047340393066,
          "input_tokens": 19671,
          "output_tokens": 1130,
          "cost": 0.21931000000000003
        },
        "3_case_exec_compose_email": {
          "duration": 9.178889751434326,
          "input_tokens": 0,
          "output_tokens": 0,
          "cost": 0
        },
        "4_report_generation": {
          "duration": 49.404051542282104,
          "input_tokens": 15570,
          "output_tokens": 1423,
          "cost": 0.18416000000000002
        }
      },
      "suite_summary": {
        "total_duration": 374.54022669792175,
        "total_llm_tokens": 114588,
        "total_cost": 1.2129200000000002
      }
    }
  }
}