{
  "timestamp": "2025-07-01T17:28:34.638916",
  "benchmark_results": {
    "unsplash_photo_search_server_refined-server": {
      "phases": {
        "1_order_generation": {
          "duration": 0.7701709270477295,
          "input_tokens": 606,
          "output_tokens": 8,
          "cost": 0.006220000000000001
        },
        "2_case_gen_search_photos": {
          "duration": 55.88144493103027,
          "input_tokens": 4127,
          "output_tokens": 1179,
          "cost": 0.06485
        },
        "3_case_exec_search_photos": {
          "duration": 0.652569055557251,
          "input_tokens": 0,
          "output_tokens": 0,
          "cost": 0
        },
        "4_report_generation": {
          "duration": 45.66131639480591,
          "input_tokens": 8711,
          "output_tokens": 1370,
          "cost": 0.11451
        }
      },
      "suite_summary": {
        "total_duration": 125.98886036872864,
        "total_llm_tokens": 16001,
        "total_cost": 0.18558000000000002
      }
    }
  }
}