{
  "timestamp": "2025-07-01T18:34:02.050221",
  "benchmark_results": {
    "duckduckgo-mcp-server-main-server": {
      "phases": {
        "1_order_generation": {
          "duration": 1.220170497894287,
          "input_tokens": 365,
          "output_tokens": 11,
          "cost": 0.0038700000000000006
        },
        "2_case_gen_search": {
          "duration": 29.25824761390686,
          "input_tokens": 1163,
          "output_tokens": 773,
          "cost": 0.027090000000000003
        },
        "3_case_exec_search": {
          "duration": 1.0890593528747559,
          "input_tokens": 0,
          "output_tokens": 0,
          "cost": 0
        },
        "2_case_gen_fetch_content": {
          "duration": 25.64412832260132,
          "input_tokens": 7505,
          "output_tokens": 794,
          "cost": 0.09093000000000001
        },
        "3_case_exec_fetch_content": {
          "duration": 0.0039997100830078125,
          "input_tokens": 0,
          "output_tokens": 0,
          "cost": 0
        },
        "4_report_generation": {
          "duration": 47.49113583564758,
          "input_tokens": 4175,
          "output_tokens": 1489,
          "cost": 0.07153000000000001
        }
      },
      "suite_summary": {
        "total_duration": 123.99009275436401,
        "total_llm_tokens": 16275,
        "total_cost": 0.19342000000000004
      }
    }
  }
}