{
  "timestamp": "2025-07-11T21:33:37.733911",
  "benchmark_results": {
    "qwen-plus-mcp_image_format_converter": {
      "phases": {
        "1_order_generation": {
          "duration": 0.7573785781860352,
          "input_tokens": 469,
          "output_tokens": 8,
          "cost": 0.00039119999999999997
        },
        "2_case_gen_convert_image": {
          "duration": 32.65706825256348,
          "input_tokens": 1490,
          "output_tokens": 1408,
          "cost": 0.004007999999999999
        },
        "3_case_exec_convert_image": {
          "duration": 0.10261368751525879,
          "input_tokens": 0,
          "output_tokens": 0,
          "cost": 0
        },
        "4_report_generation": {
          "duration": 61.62435722351074,
          "input_tokens": 4242,
          "output_tokens": 1703,
          "cost": 0.006799599999999999
        }
      },
      "suite_summary": {
        "total_duration": 97.28700971603394,
        "total_llm_tokens": 9320,
        "total_cost": 0.011198799999999998
      }
    }
  }
}