{
  "timestamp": "2025-07-01T17:28:36.031580",
  "benchmark_results": {
    "mcp_opencv_image_processing_refined-server": {
      "phases": {
        "1_order_generation": {
          "duration": 2.518308401107788,
          "input_tokens": 2418,
          "output_tokens": 62,
          "cost": 0.025420000000000005
        },
        "2_case_gen_save_image_tool": {
          "duration": 56.1972553730011,
          "input_tokens": 3133,
          "output_tokens": 1386,
          "cost": 0.059050000000000005
        },
        "3_case_exec_save_image_tool": {
          "duration": 0.023038864135742188,
          "input_tokens": 0,
          "output_tokens": 0,
          "cost": 0
        },
        "2_case_gen_get_image_stats_tool": {
          "duration": 30.138912677764893,
          "input_tokens": 6011,
          "output_tokens": 920,
          "cost": 0.07851000000000001
        },
        "3_case_exec_get_image_stats_tool": {
          "duration": 0.013019084930419922,
          "input_tokens": 0,
          "output_tokens": 0,
          "cost": 0
        },
        "2_case_gen_resize_image_tool": {
          "duration": 73.77583265304565,
          "input_tokens": 8156,
          "output_tokens": 1659,
          "cost": 0.11474000000000001
        },
        "3_case_exec_resize_image_tool": {
          "duration": 0.014496326446533203,
          "input_tokens": 0,
          "output_tokens": 0,
          "cost": 0
        },
        "2_case_gen_crop_image_tool": {
          "duration": 68.09955739974976,
          "input_tokens": 10888,
          "output_tokens": 1870,
          "cost": 0.14628000000000002
        },
        "3_case_exec_crop_image_tool": {
          "duration": 0.033005475997924805,
          "input_tokens": 0,
          "output_tokens": 0,
          "cost": 0
        },
        "2_case_gen_apply_filter_tool": {
          "duration": 50.25853943824768,
          "input_tokens": 13970,
          "output_tokens": 1498,
          "cost": 0.16966000000000003
        },
        "3_case_exec_apply_filter_tool": {
          "duration": 0.050507545471191406,
          "input_tokens": 0,
          "output_tokens": 0,
          "cost": 0
        },
        "2_case_gen_detect_edges_tool": {
          "duration": 76.53752446174622,
          "input_tokens": 16874,
          "output_tokens": 1166,
          "cost": 0.19206
        },
        "3_case_exec_detect_edges_tool": {
          "duration": 0.06014084815979004,
          "input_tokens": 0,
          "output_tokens": 0,
          "cost": 0
        },
        "2_case_gen_apply_threshold_tool": {
          "duration": 48.99901270866394,
          "input_tokens": 19328,
          "output_tokens": 1346,
          "cost": 0.2202
        },
        "3_case_exec_apply_threshold_tool": {
          "duration": 0.1579132080078125,
          "input_tokens": 0,
          "output_tokens": 0,
          "cost": 0
        },
        "2_case_gen_detect_contours_tool": {
          "duration": 52.21046829223633,
          "input_tokens": 21592,
          "output_tokens": 1010,
          "cost": 0.23612000000000002
        },
        "3_case_exec_detect_contours_tool": {
          "duration": 0.03699994087219238,
          "input_tokens": 0,
          "output_tokens": 0,
          "cost": 0
        },
        "2_case_gen_find_shapes_tool": {
          "duration": 34.436426877975464,
          "input_tokens": 23260,
          "output_tokens": 881,
          "cost": 0.25022000000000005
        },
        "3_case_exec_find_shapes_tool": {
          "duration": 0.029999971389770508,
          "input_tokens": 0,
          "output_tokens": 0,
          "cost": 0
        },
        "4_report_generation": {
          "duration": 110.44958925247192,
          "input_tokens": 24729,
          "output_tokens": 1868,
          "cost": 0.28465
        }
      },
      "suite_summary": {
        "total_duration": 609.7384514808655,
        "total_llm_tokens": 164025,
        "total_cost": 1.7769100000000004
      }
    }
  }
}