{
  "timestamp": "2025-07-01T18:34:06.243063",
  "benchmark_results": {
    "MCP-Doc-main-server": {
      "phases": {
        "1_order_generation": {
          "duration": 6.372998476028442,
          "input_tokens": 4000,
          "output_tokens": 135,
          "cost": 0.0427
        },
        "2_case_gen_create_document": {
          "duration": 26.196303844451904,
          "input_tokens": 1116,
          "output_tokens": 943,
          "cost": 0.030020000000000005
        },
        "3_case_exec_create_document": {
          "duration": 0.03359794616699219,
          "input_tokens": 0,
          "output_tokens": 0,
          "cost": 0
        },
        "2_case_gen_open_document": {
          "duration": 36.788843631744385,
          "input_tokens": 6959,
          "output_tokens": 930,
          "cost": 0.08819
        },
        "3_case_exec_open_document": {
          "duration": 0.0030002593994140625,
          "input_tokens": 0,
          "output_tokens": 0,
          "cost": 0
        },
        "2_case_gen_add_paragraph": {
          "duration": 37.67854166030884,
          "input_tokens": 9576,
          "output_tokens": 1089,
          "cost": 0.11754
        },
        "3_case_exec_add_paragraph": {
          "duration": 0.004000663757324219,
          "input_tokens": 0,
          "output_tokens": 0,
          "cost": 0
        },
        "2_case_gen_add_heading": {
          "duration": 20.66362237930298,
          "input_tokens": 6975,
          "output_tokens": 638,
          "cost": 0.08251
        },
        "3_case_exec_add_heading": {
          "duration": 0.010425090789794922,
          "input_tokens": 0,
          "output_tokens": 0,
          "cost": 0
        },
        "2_case_gen_add_table": {
          "duration": 27.71213436126709,
          "input_tokens": 8113,
          "output_tokens": 906,
          "cost": 0.09925
        },
        "3_case_exec_add_table": {
          "duration": 0.006519794464111328,
          "input_tokens": 0,
          "output_tokens": 0,
          "cost": 0
        },
        "2_case_gen_get_document_info": {
          "duration": 36.31689786911011,
          "input_tokens": 9718,
          "output_tokens": 905,
          "cost": 0.11528000000000001
        },
        "3_case_exec_get_document_info": {
          "duration": 0.021022319793701172,
          "input_tokens": 0,
          "output_tokens": 0,
          "cost": 0
        },
        "2_case_gen_search_text": {
          "duration": 21.67702317237854,
          "input_tokens": 12205,
          "output_tokens": 577,
          "cost": 0.13359000000000001
        },
        "3_case_exec_search_text": {
          "duration": 0.1861727237701416,
          "input_tokens": 0,
          "output_tokens": 0,
          "cost": 0
        },
        "2_case_gen_search_and_replace": {
          "duration": 24.01197910308838,
          "input_tokens": 13667,
          "output_tokens": 705,
          "cost": 0.15077000000000002
        },
        "3_case_exec_search_and_replace": {
          "duration": 0.5961198806762695,
          "input_tokens": 0,
          "output_tokens": 0,
          "cost": 0
        },
        "2_case_gen_find_and_replace": {
          "duration": 27.414836406707764,
          "input_tokens": 15466,
          "output_tokens": 582,
          "cost": 0.16630000000000003
        },
        "3_case_exec_find_and_replace": {
          "duration": 0.39792609214782715,
          "input_tokens": 0,
          "output_tokens": 0,
          "cost": 0
        },
        "2_case_gen_merge_table_cells": {
          "duration": 42.344995737075806,
          "input_tokens": 16663,
          "output_tokens": 1130,
          "cost": 0.18923
        },
        "3_case_exec_merge_table_cells": {
          "duration": 0.2969799041748047,
          "input_tokens": 0,
          "output_tokens": 0,
          "cost": 0
        },
        "2_case_gen_split_table": {
          "duration": 26.244993925094604,
          "input_tokens": 18200,
          "output_tokens": 558,
          "cost": 0.19316000000000003
        },
        "3_case_exec_split_table": {
          "duration": 0.014866828918457031,
          "input_tokens": 0,
          "output_tokens": 0,
          "cost": 0
        },
        "2_case_gen_add_table_row": {
          "duration": 25.621238231658936,
          "input_tokens": 19255,
          "output_tokens": 665,
          "cost": 0.20585000000000003
        },
        "3_case_exec_add_table_row": {
          "duration": 0.011514902114868164,
          "input_tokens": 0,
          "output_tokens": 0,
          "cost": 0
        },
        "2_case_gen_delete_table_row": {
          "duration": 19.37174153327942,
          "input_tokens": 20450,
          "output_tokens": 558,
          "cost": 0.21566000000000002
        },
        "3_case_exec_delete_table_row": {
          "duration": 0.022023677825927734,
          "input_tokens": 0,
          "output_tokens": 0,
          "cost": 0
        },
        "2_case_gen_edit_table_cell": {
          "duration": 35.78518557548523,
          "input_tokens": 22020,
          "output_tokens": 892,
          "cost": 0.23804
        },
        "3_case_exec_edit_table_cell": {
          "duration": 0.24198126792907715,
          "input_tokens": 0,
          "output_tokens": 0,
          "cost": 0
        },
        "2_case_gen_add_page_break": {
          "duration": 21.376292943954468,
          "input_tokens": 23556,
          "output_tokens": 410,
          "cost": 0.24376000000000003
        },
        "3_case_exec_add_page_break": {
          "duration": 0.25496459007263184,
          "input_tokens": 0,
          "output_tokens": 0,
          "cost": 0
        },
        "2_case_gen_set_page_margins": {
          "duration": 30.819872617721558,
          "input_tokens": 24272,
          "output_tokens": 581,
          "cost": 0.25434
        },
        "3_case_exec_set_page_margins": {
          "duration": 0.006493330001831055,
          "input_tokens": 0,
          "output_tokens": 0,
          "cost": 0
        },
        "2_case_gen_delete_paragraph": {
          "duration": 15.824241399765015,
          "input_tokens": 25225,
          "output_tokens": 428,
          "cost": 0.26081000000000004
        },
        "3_case_exec_delete_paragraph": {
          "duration": 0.019188404083251953,
          "input_tokens": 0,
          "output_tokens": 0,
          "cost": 0
        },
        "2_case_gen_delete_text": {
          "duration": 30.744824171066284,
          "input_tokens": 26323,
          "output_tokens": 620,
          "cost": 0.27563000000000004
        },
        "3_case_exec_delete_text": {
          "duration": 0.021127939224243164,
          "input_tokens": 0,
          "output_tokens": 0,
          "cost": 0
        },
        "2_case_gen_save_document": {
          "duration": 18.76413631439209,
          "input_tokens": 27183,
          "output_tokens": 386,
          "cost": 0.27955
        },
        "3_case_exec_save_document": {
          "duration": 0.15189027786254883,
          "input_tokens": 0,
          "output_tokens": 0,
          "cost": 0
        },
        "2_case_gen_save_as_document": {
          "duration": 25.226875066757202,
          "input_tokens": 28248,
          "output_tokens": 628,
          "cost": 0.29504
        },
        "3_case_exec_save_as_document": {
          "duration": 0.003003835678100586,
          "input_tokens": 0,
          "output_tokens": 0,
          "cost": 0
        },
        "2_case_gen_create_document_copy": {
          "duration": 19.830594062805176,
          "input_tokens": 29362,
          "output_tokens": 452,
          "cost": 0.30266000000000004
        },
        "3_case_exec_create_document_copy": {
          "duration": 0.12051582336425781,
          "input_tokens": 0,
          "output_tokens": 0,
          "cost": 0
        },