{
  "timestamp": "2025-07-11T21:33:37.300144",
  "benchmark_results": {
    "gpt-4o-mcp_image_format_converter": {
      "phases": {
        "1_order_generation": {
          "duration": 0.6873195171356201,
          "input_tokens": 462,
          "output_tokens": 8,
          "cost": 0.0003856
        },
        "2_case_gen_convert_image": {
          "duration": 58.057425022125244,
          "input_tokens": 1839,
          "output_tokens": 1322,
          "cost": 0.0041152
        },
        "3_case_exec_convert_image": {
          "duration": 0.003000497817993164,
          "input_tokens": 0,
          "output_tokens": 0,
          "cost": 0
        },
        "4_report_generation": {
          "duration": 57.15105891227722,
          "input_tokens": 4029,
          "output_tokens": 1364,
          "cost": 0.0059512
        }
      },
      "suite_summary": {
        "total_duration": 119.01880836486816,
        "total_llm_tokens": 9024,
        "total_cost": 0.010452
      }
    }
  }
}