{
  "timestamp": "2025-07-11T21:33:48.631096",
  "benchmark_results": {
    "gemini-2.5-pro-mcp_unsplash_search_photos": {
      "phases": {
        "1_order_generation": {
          "duration": 0.8224389553070068,
          "input_tokens": 1029,
          "output_tokens": 8,
          "cost": 0.0008391999999999999
        },
        "2_case_gen_search_photos": {
          "duration": 28.995116710662842,
          "input_tokens": 2303,
          "output_tokens": 839,
          "cost": 0.0035204
        },
        "3_case_exec_search_photos": {
          "duration": 0.9631199836730957,
          "input_tokens": 0,
          "output_tokens": 0,
          "cost": 0
        },
        "4_report_generation": {
          "duration": 57.36181044578552,
          "input_tokens": 24777,
          "output_tokens": 1439,
          "cost": 0.022699599999999997
        }
      },
      "suite_summary": {
        "total_duration": 109.51419353485107,
        "total_llm_tokens": 30395,
        "total_cost": 0.0270592
      }
    }
  }
}