{
  "timestamp": "2025-07-01T18:34:05.271802",
  "benchmark_results": {
    "screenshot-server-main-server": {
      "phases": {
        "1_order_generation": {
          "duration": 1.6223883628845215,
          "input_tokens": 389,
          "output_tokens": 21,
          "cost": 0.0043100000000000005
        },
        "2_case_gen_take_screenshot": {
          "duration": 29.24012517929077,
          "input_tokens": 1747,
          "output_tokens": 680,
          "cost": 0.031070000000000004
        },
        "3_case_exec_take_screenshot": {
          "duration": 0.16648101806640625,
          "input_tokens": 0,
          "output_tokens": 0,
          "cost": 0
        },
        "2_case_gen_take_screenshot_image": {
          "duration": 28.824704885482788,
          "input_tokens": 2919,
          "output_tokens": 680,
          "cost": 0.04279
        },
        "3_case_exec_take_screenshot_image": {
          "duration": 0.14465689659118652,
          "input_tokens": 0,
          "output_tokens": 0,
          "cost": 0
        },
        "2_case_gen_take_screenshot_path": {
          "duration": 58.83757495880127,
          "input_tokens": 4860,
          "output_tokens": 1718,
          "cost": 0.08296
        },
        "3_case_exec_take_screenshot_path": {
          "duration": 0.1027228832244873,
          "input_tokens": 0,
          "output_tokens": 0,
          "cost": 0
        },
        "4_report_generation": {
          "duration": 35.95822596549988,
          "input_tokens": 6536,
          "output_tokens": 1273,
          "cost": 0.09082000000000001
        }
      },
      "suite_summary": {
        "total_duration": 165.9154920578003,
        "total_llm_tokens": 20823,
        "total_cost": 0.25195
      }
    }
  }
}