{
  "timestamp": "2025-07-01T18:51:16.353792",
  "benchmark_results": {
    "mcp_image_converter_refined-server": {
      "phases": {
        "1_order_generation": {
          "duration": 4.152593374252319,
          "input_tokens": 700,
          "output_tokens": 18,
          "cost": 0.00736
        },
        "2_case_gen_convert_image": {
          "duration": 43.59357047080994,
          "input_tokens": 7530,
          "output_tokens": 1323,
          "cost": 0.10176
        },
        "3_case_exec_convert_image": {
          "duration": 0.07560110092163086,
          "input_tokens": 0,
          "output_tokens": 0,
          "cost": 0
        },
        "2_case_gen_batch_convert_images_tool": {
          "duration": 42.91276574134827,
          "input_tokens": 10583,
          "output_tokens": 1302,
          "cost": 0.13187000000000001
        },
        "3_case_exec_batch_convert_images_tool": {
          "duration": 0.013051748275756836,
          "input_tokens": 0,
          "output_tokens": 0,
          "cost": 0
        },
        "4_report_generation": {
          "duration": 52.39279747009277,
          "input_tokens": 6326,
          "output_tokens": 1343,
          "cost": 0.09012
        }
      },
      "suite_summary": {
        "total_duration": 147.25656080245972,
        "total_llm_tokens": 29125,
        "total_cost": 0.33111
      }
    }
  }
}