{
  "timestamp": "2025-07-01T17:28:32.518807",
  "benchmark_results": {
    "image_search_download_generate_refined-server": {
      "phases": {
        "1_order_generation": {
          "duration": 1.2061526775360107,
          "input_tokens": 909,
          "output_tokens": 21,
          "cost": 0.009510000000000001
        },
        "2_case_gen_search_images": {
          "duration": 28.75300431251526,
          "input_tokens": 1344,
          "output_tokens": 733,
          "cost": 0.0281
        },
        "3_case_exec_search_images": {
          "duration": 1.556044340133667,
          "input_tokens": 0,
          "output_tokens": 0,
          "cost": 0
        },
        "2_case_gen_download_image": {
          "duration": 56.32741618156433,
          "input_tokens": 7385,
          "output_tokens": 1407,
          "cost": 0.10199000000000001
        },
        "3_case_exec_download_image": {
          "duration": 2.8812403678894043,
          "input_tokens": 0,
          "output_tokens": 0,
          "cost": 0
        },
        "2_case_gen_generate_icon": {
          "duration": 44.566051959991455,
          "input_tokens": 10587,
          "output_tokens": 789,
          "cost": 0.12165000000000001
        },
        "3_case_exec_generate_icon": {
          "duration": 0.009025096893310547,
          "input_tokens": 0,
          "output_tokens": 0,
          "cost": 0
        },
        "4_report_generation": {
          "duration": 48.55978083610535,
          "input_tokens": 11080,
          "output_tokens": 1618,
          "cost": 0.14316
        }
      },
      "suite_summary": {
        "total_duration": 221.87152433395386,
        "total_llm_tokens": 35873,
        "total_cost": 0.40441
      }
    }
  }
}