{
  "timestamp": "2025-07-01T18:34:01.855856",
  "benchmark_results": {
    "markitdown-main-server": {
      "phases": {
        "1_order_generation": {
          "duration": 0.7282962799072266,
          "input_tokens": 187,
          "output_tokens": 10,
          "cost": 0.0020700000000000002
        },
        "2_case_gen_convert_to_markdown": {
          "duration": 29.088118076324463,
          "input_tokens": 1116,
          "output_tokens": 1057,
          "cost": 0.0323
        },
        "3_case_exec_convert_to_markdown": {
          "duration": 0.0345454216003418,
          "input_tokens": 0,
          "output_tokens": 0,
          "cost": 0
        },
        "4_report_generation": {
          "duration": 55.684566020965576,
          "input_tokens": 1758,
          "output_tokens": 1327,
          "cost": 0.044120000000000006
        }
      },
      "suite_summary": {
        "total_duration": 95.47966718673706,
        "total_llm_tokens": 5455,
        "total_cost": 0.07849
      }
    }
  }
}