{
  "timestamp": "2025-07-11T21:33:46.201815",
  "benchmark_results": {
    "gemini-2.5-pro-mcp_ssh_remote_manager": {
      "phases": {
        "1_order_generation": {
          "duration": 1.4097769260406494,
          "input_tokens": 2100,
          "output_tokens": 31,
          "cost": 0.0017419999999999998
        },
        "2_case_gen_connect": {
          "duration": 43.938663482666016,
          "input_tokens": 2000,
          "output_tokens": 1182,
          "cost": 0.003964
        },
        "3_case_exec_connect": {
          "duration": 21.064983129501343,
          "input_tokens": 0,
          "output_tokens": 0,
          "cost": 0
        },
        "2_case_gen_list_sessions": {
          "duration": 23.110387563705444,
          "input_tokens": 4974,
          "output_tokens": 676,
          "cost": 0.0053311999999999995
        },
        "3_case_exec_list_sessions": {
          "duration": 0.014793634414672852,
          "input_tokens": 0,
          "output_tokens": 0,
          "cost": 0
        },
        "2_case_gen_execute": {
          "duration": 47.75699234008789,
          "input_tokens": 6755,
          "output_tokens": 1220,
          "cost": 0.007844
        },
        "3_case_exec_execute": {
          "duration": 0.05195355415344238,
          "input_tokens": 0,
          "output_tokens": 0,
          "cost": 0
        },
        "2_case_gen_upload": {
          "duration": 67.62387657165527,
          "input_tokens": 6650,
          "output_tokens": 1603,
          "cost": 0.008525999999999999
        },
        "3_case_exec_upload": {
          "duration": 0.014653444290161133,
          "input_tokens": 0,
          "output_tokens": 0,
          "cost": 0
        },
        "2_case_gen_download": {
          "duration": 64.06611824035645,
          "input_tokens": 6858,
          "output_tokens": 1538,
          "cost": 0.0085624
        },
        "3_case_exec_download": {
          "duration": 0.003996133804321289,
          "input_tokens": 0,
          "output_tokens": 0,
          "cost": 0
        },
        "2_case_gen_disconnect": {
          "duration": 34.86951661109924,
          "input_tokens": 6861,
          "output_tokens": 987,
          "cost": 0.0074627999999999995
        },
        "3_case_exec_disconnect": {
          "duration": 0.00851297378540039,
          "input_tokens": 0,
          "output_tokens": 0,
          "cost": 0
        },
        "4_report_generation": {
          "duration": 53.44603705406189,
          "input_tokens": 17905,
          "output_tokens": 1424,
          "cost": 0.017172
        }
      },
      "suite_summary": {
        "total_duration": 527.9159276485443,
        "total_llm_tokens": 62764,
        "total_cost": 0.060604399999999996
      }
    }
  }
}