{
  "timestamp": "2025-06-30T22:05:17.065114",
  "benchmark_results": {
    "markitdown-main-server": {
      "phases": {
        "1_order_generation": {
          "duration": 0.7972080707550049,
          "input_tokens": 187,
          "output_tokens": 10,
          "cost": 0.0020700000000000002
        },
        "2_case_gen_convert_to_markdown": {
          "duration": 26.142155170440674,
          "input_tokens": 968,
          "output_tokens": 798,
          "cost": 0.025640000000000003
        },
        "3_case_exec_convert_to_markdown": {
          "duration": 0.05051422119140625,
          "input_tokens": 0,
          "output_tokens": 0,
          "cost": 0
        },
        "4_report_generation": {
          "duration": 49.39314603805542,
          "input_tokens": 3619,
          "output_tokens": 1481,
          "cost": 0.06581000000000001
        }
      },
      "suite_summary": {
        "total_duration": 99.1770806312561,
        "total_llm_tokens": 7063,
        "total_cost": 0.09352
      }
    }
  }
}