{
  "timestamp": "2025-06-30T22:35:08.926662",
  "benchmark_results": {
    "mcp_word_processor_refined-server": {
      "phases": {
        "1_order_generation": {
          "duration": 1.987661600112915,
          "input_tokens": 1778,
          "output_tokens": 45,
          "cost": 0.018680000000000002
        },
        "2_case_gen_create_document": {
          "duration": 26.344324111938477,
          "input_tokens": 3007,
          "output_tokens": 949,
          "cost": 0.04905
        },
        "3_case_exec_create_document": {
          "duration": 0.02200150489807129,
          "input_tokens": 0,
          "output_tokens": 0,
          "cost": 0
        },
        "2_case_gen_add_paragraph": {
          "duration": 30.271254539489746,
          "input_tokens": 5294,
          "output_tokens": 1050,
          "cost": 0.07394
        },
        "3_case_exec_add_paragraph": {
          "duration": 0.004003047943115234,
          "input_tokens": 0,
          "output_tokens": 0,
          "cost": 0
        },
        "2_case_gen_add_heading": {
          "duration": 28.180784463882446,
          "input_tokens": 7235,
          "output_tokens": 991,
          "cost": 0.09217000000000002
        },
        "3_case_exec_add_heading": {
          "duration": 0.0040090084075927734,
          "input_tokens": 0,
          "output_tokens": 0,
          "cost": 0
        },
        "2_case_gen_create_custom_style": {
          "duration": 36.32895612716675,
          "input_tokens": 9361,
          "output_tokens": 1066,
          "cost": 0.11493000000000002
        },
        "3_case_exec_create_custom_style": {
          "duration": 0.06100177764892578,
          "input_tokens": 0,
          "output_tokens": 0,
          "cost": 0
        },
        "2_case_gen_format_text": {
          "duration": 36.77832770347595,
          "input_tokens": 11073,
          "output_tokens": 1194,
          "cost": 0.13461
        },
        "3_case_exec_format_text": {
          "duration": 0.004999637603759766,
          "input_tokens": 0,
          "output_tokens": 0,
          "cost": 0
        },
        "2_case_gen_add_footnote_to_document": {
          "duration": 31.108659744262695,
          "input_tokens": 13219,
          "output_tokens": 901,
          "cost": 0.15021
        },
        "3_case_exec_add_footnote_to_document": {
          "duration": 0.04199814796447754,
          "input_tokens": 0,
          "output_tokens": 0,
          "cost": 0
        },
        "2_case_gen_protect_document": {
          "duration": 33.349202394485474,
          "input_tokens": 14853,
          "output_tokens": 901,
          "cost": 0.16655000000000003
        },
        "3_case_exec_protect_document": {
          "duration": 0.0650179386138916,
          "input_tokens": 0,
          "output_tokens": 0,
          "cost": 0
        },
        "4_report_generation": {
          "duration": 67.14047861099243,
          "input_tokens": 16242,
          "output_tokens": 2132,
          "cost": 0.20506000000000002
        }
      },
      "suite_summary": {
        "total_duration": 302.94936418533325,
        "total_llm_tokens": 91291,
        "total_cost": 1.0052
      }
    }
  }
}