{
  "timestamp": "2025-07-11T21:33:50.247531",
  "benchmark_results": {
    "qwen-plus-mcp_word_document_processor": {
      "phases": {
        "1_order_generation": {
          "duration": 7.853261470794678,
          "input_tokens": 5228,
          "output_tokens": 129,
          "cost": 0.004440400000000001
        },
        "2_case_gen_create_document": {
          "duration": 24.041974306106567,
          "input_tokens": 1617,
          "output_tokens": 675,
          "cost": 0.0026436
        },
        "3_case_exec_create_document": {
          "duration": 0.030126094818115234,
          "input_tokens": 0,
          "output_tokens": 0,
          "cost": 0
        },
        "2_case_gen_add_paragraph": {
          "duration": 34.6401309967041,
          "input_tokens": 3181,
          "output_tokens": 962,
          "cost": 0.0044688
        },
        "3_case_exec_add_paragraph": {
          "duration": 0.007387399673461914,
          "input_tokens": 0,
          "output_tokens": 0,
          "cost": 0
        },
        "2_case_gen_add_heading": {
          "duration": 36.00701403617859,
          "input_tokens": 4737,
          "output_tokens": 1027,
          "cost": 0.005843599999999999
        },
        "3_case_exec_add_heading": {
          "duration": 0.08020234107971191,
          "input_tokens": 0,
          "output_tokens": 0,
          "cost": 0
        },
        "2_case_gen_add_table": {
          "duration": 35.37636399269104,
          "input_tokens": 4303,
          "output_tokens": 979,
          "cost": 0.0054004
        },
        "3_case_exec_add_table": {
          "duration": 0.004004478454589844,
          "input_tokens": 0,
          "output_tokens": 0,
          "cost": 0
        },
        "2_case_gen_add_page_break": {
          "duration": 30.42222571372986,
          "input_tokens": 4339,
          "output_tokens": 842,
          "cost": 0.0051551999999999995
        },
        "3_case_exec_add_page_break": {
          "duration": 0.0065119266510009766,
          "input_tokens": 0,
          "output_tokens": 0,
          "cost": 0
        },
        "2_case_gen_get_document_info": {
          "duration": 29.96834969520569,
          "input_tokens": 4564,
          "output_tokens": 821,
          "cost": 0.0052932
        },
        "3_case_exec_get_document_info": {
          "duration": 0.0019991397857666016,
          "input_tokens": 0,
          "output_tokens": 0,
          "cost": 0
        },
        "2_case_gen_search_text": {
          "duration": 33.59868836402893,
          "input_tokens": 4631,
          "output_tokens": 959,
          "cost": 0.0056228
        },
        "3_case_exec_search_text": {
          "duration": 0.00950002670288086,
          "input_tokens": 0,
          "output_tokens": 0,
          "cost": 0
        },
        "2_case_gen_find_and_replace": {
          "duration": 37.18651270866394,
          "input_tokens": 4532,
          "output_tokens": 1104,
          "cost": 0.0058335999999999995
        },
        "3_case_exec_find_and_replace": {
          "duration": 0.007526874542236328,
          "input_tokens": 0,
          "output_tokens": 0,
          "cost": 0
        },
        "2_case_gen_save_document": {
          "duration": 28.178731679916382,
          "input_tokens": 4805,
          "output_tokens": 843,
          "cost": 0.00553
        },
        "3_case_exec_save_document": {
          "duration": 0.01918506622314453,
          "input_tokens": 0,
          "output_tokens": 0,
          "cost": 0
        },
        "2_case_gen_save_as_document": {
          "duration": 45.715049028396606,
          "input_tokens": 4535,
          "output_tokens": 1202,
          "cost": 0.006031999999999999
        },
        "3_case_exec_save_as_document": {
          "duration": 0.02503371238708496,
          "input_tokens": 0,
          "output_tokens": 0,
          "cost": 0
        },
        "2_case_gen_open_document": {
          "duration": 46.95373773574829,
          "input_tokens": 4955,
          "output_tokens": 1160,
          "cost": 0.006284
        },
        "3_case_exec_open_document": {
          "duration": 0.007516384124755859,
          "input_tokens": 0,
          "output_tokens": 0,
          "cost": 0
        },
        "2_case_gen_create_document_copy": {
          "duration": 30.342285871505737,
          "input_tokens": 5039,
          "output_tokens": 842,
          "cost": 0.005715199999999999
        },
        "3_case_exec_create_document_copy": {
          "duration": 0.02405834197998047,
          "input_tokens": 0,
          "output_tokens": 0,
          "cost": 0
        },
        "2_case_gen_delete_paragraph": {
          "duration": 30.10393214225769,
          "input_tokens": 5027,
          "output_tokens": 918,
          "cost": 0.0058576
        },
        "3_case_exec_delete_paragraph": {
          "duration": 0.18398833274841309,
          "input_tokens": 0,
          "output_tokens": 0,
          "cost": 0
        },
        "2_case_gen_delete_text": {
          "duration": 19.245267152786255,
          "input_tokens": 4225,
          "output_tokens": 979,
          "cost": 0.005338
        },
        "3_case_exec_delete_text": {
          "duration": 0.008325338363647461,
          "input_tokens": 0,
          "output_tokens": 0,
          "cost": 0
        },
        "2_case_gen_add_table_row": {
          "duration": 37.77437162399292,
          "input_tokens": 4362,
          "output_tokens": 1129,
          "cost": 0.0057476
        },
        "3_case_exec_add_table_row": {
          "duration": 0.014524459838867188,
          "input_tokens": 0,
          "output_tokens": 0,
          "cost": 0
        },
        "2_case_gen_delete_table_row": {
          "duration": 36.857972860336304,
          "input_tokens": 4358,
          "output_tokens": 1017,
          "cost": 0.0055204
        },
        "3_case_exec_delete_table_row": {
          "duration": 0.015804529190063477,
          "input_tokens": 0,
          "output_tokens": 0,
          "cost": 0
        },
        "2_case_gen_edit_table_cell": {
          "duration": 54.69812989234924,
          "input_tokens": 4555,
          "output_tokens": 1247,
          "cost": 0.006137999999999999
        },
        "3_case_exec_edit_table_cell": {
          "duration": 0.007151126861572266,
          "input_tokens": 0,
          "output_tokens": 0,
          "cost": 0
        },
        "2_case_gen_merge_table_cells": {
          "duration": 50.100093126297,
          "input_tokens": 4591,
          "output_tokens": 1302,
          "cost": 0.0062768
        },
        "3_case_exec_merge_table_cells": {
          "duration": 0.0345306396484375,
          "input_tokens": 0,
          "output_tokens": 0,
          "cost": 0
        },
        "2_case_gen_split_table": {
          "duration": 35.77304267883301,
          "input_tokens": 4541,
          "output_tokens": 1025,
          "cost": 0.0056828
        },
        "3_case_exec_split_table": {
          "duration": 0.004000186920166016,
          "input_tokens": 0,
          "output_tokens": 0,
          "cost": 0
        },
        "2_case_gen_set_page_margins": {
          "duration": 49.396881341934204,
          "input_tokens": 4808,
          "output_tokens": 1283,
          "cost": 0.0064123999999999995
        },
        "3_case_exec_set_page_margins": {
          "duration": 0.005281209945678711,
          "input_tokens": 0,
          "output_tokens": 0,
          "cost": 0
        },
        "2_case_gen_replace_section": {
          "duration": 44.878352642059326,
          "input_tokens": 5028,
          "output_tokens": 1092,
          "cost": 0.006206399999999999
        },
        "3_case_exec_replace_section": {
          "duration": 0.005512714385986328,
          "input_tokens": 0,
          "output_tokens": 0,
          "cost": 0
        },