{
  "timestamp": "2025-07-01T18:51:17.424134",
  "benchmark_results": {
    "mcp_pdf_processor_refined-server": {
      "phases": {
        "1_order_generation": {
          "duration": 1.5132293701171875,
          "input_tokens": 1646,
          "output_tokens": 37,
          "cost": 0.017200000000000003
        },
        "2_case_gen_merge_pdfs": {
          "duration": 35.618772745132446,
          "input_tokens": 8281,
          "output_tokens": 1156,
          "cost": 0.10593000000000001
        },
        "3_case_exec_merge_pdfs": {
          "duration": 0.008196353912353516,
          "input_tokens": 0,
          "output_tokens": 0,
          "cost": 0
        },
        "2_case_gen_extract_pages": {
          "duration": 46.400391817092896,
          "input_tokens": 10280,
          "output_tokens": 1410,
          "cost": 0.131
        },
        "3_case_exec_extract_pages": {
          "duration": 0.0050013065338134766,
          "input_tokens": 0,
          "output_tokens": 0,
          "cost": 0
        },
        "2_case_gen_search_pdfs": {
          "duration": 34.18175745010376,
          "input_tokens": 13142,
          "output_tokens": 970,
          "cost": 0.15082
        },
        "3_case_exec_search_pdfs": {
          "duration": 0.00701451301574707,
          "input_tokens": 0,
          "output_tokens": 0,
          "cost": 0
        },
        "2_case_gen_merge_pdfs_ordered": {
          "duration": 43.022679805755615,
          "input_tokens": 15246,
          "output_tokens": 1297,
          "cost": 0.1784
        },
        "3_case_exec_merge_pdfs_ordered": {
          "duration": 0.006999492645263672,
          "input_tokens": 0,
          "output_tokens": 0,
          "cost": 0
        },
        "2_case_gen_find_related_pdfs": {
          "duration": 34.0171103477478,
          "input_tokens": 17561,
          "output_tokens": 1093,
          "cost": 0.19747
        },
        "3_case_exec_find_related_pdfs": {
          "duration": 0.0039997100830078125,
          "input_tokens": 0,
          "output_tokens": 0,
          "cost": 0
        },
        "4_report_generation": {
          "duration": 44.50515699386597,
          "input_tokens": 13192,
          "output_tokens": 1459,
          "cost": 0.16110000000000002
        }
      },
      "suite_summary": {
        "total_duration": 242.96151971817017,
        "total_llm_tokens": 86770,
        "total_cost": 0.9419200000000001
      }
    }
  }
}