{
  "timestamp": "2025-06-30T22:35:07.768992",
  "benchmark_results": {
    "huggingface_mcp_server_refined-server": {
      "phases": {
        "1_order_generation": {
          "duration": 2.9360291957855225,
          "input_tokens": 2172,
          "output_tokens": 63,
          "cost": 0.022980000000000004
        },
        "2_case_gen_search_models": {
          "duration": 20.231098651885986,
          "input_tokens": 1707,
          "output_tokens": 716,
          "cost": 0.03139
        },
        "3_case_exec_search_models": {
          "duration": 0.6461246013641357,
          "input_tokens": 0,
          "output_tokens": 0,
          "cost": 0
        },
        "2_case_gen_get_model_info": {
          "duration": 25.45135807991028,
          "input_tokens": 9482,
          "output_tokens": 724,
          "cost": 0.10930000000000001
        },
        "3_case_exec_get_model_info": {
          "duration": 0.3487062454223633,
          "input_tokens": 0,
          "output_tokens": 0,
          "cost": 0
        },
        "2_case_gen_search_datasets": {
          "duration": 23.32822322845459,
          "input_tokens": 9545,
          "output_tokens": 684,
          "cost": 0.10913
        },
        "3_case_exec_search_datasets": {
          "duration": 1.006016492843628,
          "input_tokens": 0,
          "output_tokens": 0,
          "cost": 0
        },
        "2_case_gen_get_dataset_info": {
          "duration": 25.365464687347412,
          "input_tokens": 14209,
          "output_tokens": 787,
          "cost": 0.15783000000000003
        },
        "3_case_exec_get_dataset_info": {
          "duration": 0.3766040802001953,
          "input_tokens": 0,
          "output_tokens": 0,
          "cost": 0
        },
        "2_case_gen_search_spaces": {
          "duration": 22.906882286071777,
          "input_tokens": 16732,
          "output_tokens": 597,
          "cost": 0.17926000000000003
        },
        "3_case_exec_search_spaces": {
          "duration": 0.4643876552581787,
          "input_tokens": 0,
          "output_tokens": 0,
          "cost": 0
        },
        "2_case_gen_get_space_info": {
          "duration": 30.924129486083984,
          "input_tokens": 20483,
          "output_tokens": 745,
          "cost": 0.21973
        },
        "3_case_exec_get_space_info": {
          "duration": 0.34634876251220703,
          "input_tokens": 0,
          "output_tokens": 0,
          "cost": 0
        },
        "2_case_gen_get_daily_papers": {
          "duration": 9.172763586044312,
          "input_tokens": 22999,
          "output_tokens": 148,
          "cost": 0.23295000000000002
        },
        "3_case_exec_get_daily_papers": {
          "duration": 0.366044282913208,
          "input_tokens": 0,
          "output_tokens": 0,
          "cost": 0
        },
        "2_case_gen_get_paper_info": {
          "duration": 16.71144390106201,
          "input_tokens": 23421,
          "output_tokens": 399,
          "cost": 0.24219000000000002
        },
        "3_case_exec_get_paper_info": {
          "duration": 0.41982412338256836,
          "input_tokens": 0,
          "output_tokens": 0,
          "cost": 0
        },
        "2_case_gen_search_collections": {
          "duration": 18.24926733970642,
          "input_tokens": 25201,
          "output_tokens": 429,
          "cost": 0.26059
        },
        "3_case_exec_search_collections": {
          "duration": 0.3752119541168213,
          "input_tokens": 0,
          "output_tokens": 0,
          "cost": 0
        },
        "2_case_gen_get_collection_info": {
          "duration": 32.675721883773804,
          "input_tokens": 27329,
          "output_tokens": 756,
          "cost": 0.28841000000000006
        },
        "3_case_exec_get_collection_info": {
          "duration": 0.15675950050354004,
          "input_tokens": 0,
          "output_tokens": 0,
          "cost": 0
        },
        "4_report_generation": {
          "duration": 180.20235061645508,
          "input_tokens": 30020,
          "output_tokens": 568,
          "cost": 0.31156
        }
      },
      "suite_summary": {
        "total_duration": 457.5671751499176,
        "total_llm_tokens": 209916,
        "total_cost": 2.16532
      }
    }
  }
}