{
  "timestamp": "2025-07-01T18:51:16.954764",
  "benchmark_results": {
    "huggingface_mcp_server_refined-server": {
      "phases": {
        "1_order_generation": {
          "duration": 2.2335164546966553,
          "input_tokens": 2172,
          "output_tokens": 63,
          "cost": 0.022980000000000004
        },
        "2_case_gen_search_models": {
          "duration": 22.993935346603394,
          "input_tokens": 3215,
          "output_tokens": 715,
          "cost": 0.046450000000000005
        },
        "3_case_exec_search_models": {
          "duration": 0.6807906627655029,
          "input_tokens": 0,
          "output_tokens": 0,
          "cost": 0
        },
        "2_case_gen_get_model_info": {
          "duration": 21.014126300811768,
          "input_tokens": 4859,
          "output_tokens": 562,
          "cost": 0.05983
        },
        "3_case_exec_get_model_info": {
          "duration": 0.3832054138183594,
          "input_tokens": 0,
          "output_tokens": 0,
          "cost": 0
        },
        "2_case_gen_search_datasets": {
          "duration": 17.32177495956421,
          "input_tokens": 13706,
          "output_tokens": 595,
          "cost": 0.14896
        },
        "3_case_exec_search_datasets": {
          "duration": 1.2284882068634033,
          "input_tokens": 0,
          "output_tokens": 0,
          "cost": 0
        },
        "2_case_gen_get_dataset_info": {
          "duration": 15.993878841400146,
          "input_tokens": 16111,
          "output_tokens": 503,
          "cost": 0.17117000000000002
        },
        "3_case_exec_get_dataset_info": {
          "duration": 0.36374640464782715,
          "input_tokens": 0,
          "output_tokens": 0,
          "cost": 0
        },
        "2_case_gen_search_spaces": {
          "duration": 21.778340578079224,
          "input_tokens": 18132,
          "output_tokens": 582,
          "cost": 0.19296000000000002
        },
        "3_case_exec_search_spaces": {
          "duration": 0.35967540740966797,
          "input_tokens": 0,
          "output_tokens": 0,
          "cost": 0
        },
        "2_case_gen_get_space_info": {
          "duration": 18.084383249282837,
          "input_tokens": 21925,
          "output_tokens": 443,
          "cost": 0.22811000000000003
        },
        "3_case_exec_get_space_info": {
          "duration": 0.3503129482269287,
          "input_tokens": 0,
          "output_tokens": 0,
          "cost": 0
        },
        "2_case_gen_get_daily_papers": {
          "duration": 11.045177698135376,
          "input_tokens": 22888,
          "output_tokens": 196,
          "cost": 0.23280000000000003
        },
        "3_case_exec_get_daily_papers": {
          "duration": 0.35572361946105957,
          "input_tokens": 0,
          "output_tokens": 0,
          "cost": 0
        },
        "2_case_gen_get_paper_info": {
          "duration": 16.263303995132446,
          "input_tokens": 23255,
          "output_tokens": 443,
          "cost": 0.24141
        },
        "3_case_exec_get_paper_info": {
          "duration": 0.35587239265441895,
          "input_tokens": 0,
          "output_tokens": 0,
          "cost": 0
        },
        "2_case_gen_search_collections": {
          "duration": 21.346516609191895,
          "input_tokens": 24951,
          "output_tokens": 596,
          "cost": 0.26143
        },
        "3_case_exec_search_collections": {
          "duration": 0.371462345123291,
          "input_tokens": 0,
          "output_tokens": 0,
          "cost": 0
        },
        "2_case_gen_get_collection_info": {
          "duration": 24.918097496032715,
          "input_tokens": 27773,
          "output_tokens": 614,
          "cost": 0.29001000000000005
        },
        "3_case_exec_get_collection_info": {
          "duration": 0.34959959983825684,
          "input_tokens": 0,
          "output_tokens": 0,
          "cost": 0
        },
        "4_report_generation": {
          "duration": 56.113874673843384,
          "input_tokens": 24339,
          "output_tokens": 1459,
          "cost": 0.27257000000000003
        }
      },
      "suite_summary": {
        "total_duration": 295.1252541542053,
        "total_llm_tokens": 210097,
        "total_cost": 2.1686800000000006
      }
    }
  }
}