{
  "timestamp": "2025-07-11T21:33:39.072684",
  "benchmark_results": {
    "qwen-plus-mcp_markdown_converter": {
      "phases": {
        "1_order_generation": {
          "duration": 1.1983978748321533,
          "input_tokens": 747,
          "output_tokens": 10,
          "cost": 0.0006176
        },
        "2_case_gen_convert_to_markdown": {
          "duration": 52.48559498786926,
          "input_tokens": 1824,
          "output_tokens": 1341,
          "cost": 0.004141199999999999
        },
        "3_case_exec_convert_to_markdown": {
          "duration": 6.77773380279541,
          "input_tokens": 0,
          "output_tokens": 0,
          "cost": 0
        },
        "4_report_generation": {
          "duration": 49.762035846710205,
          "input_tokens": 4517,
          "output_tokens": 1462,
          "cost": 0.006537599999999999
        }
      },
      "suite_summary": {
        "total_duration": 117.53455305099487,
        "total_llm_tokens": 9901,
        "total_cost": 0.011296399999999998
      }
    }
  }
}