{
  "timestamp": "2025-07-01T17:03:38.224951",
  "benchmark_results": {
    "MCP-Doc-main-server": {
      "phases": {
        "1_order_generation": {
          "duration": 7.286410331726074,
          "input_tokens": 4000,
          "output_tokens": 135,
          "cost": 0.0427
        },
        "2_case_gen_create_document": {
          "duration": 26.577285289764404,
          "input_tokens": 1065,
          "output_tokens": 766,
          "cost": 0.025970000000000003
        },
        "3_case_exec_create_document": {
          "duration": 0.03621649742126465,
          "input_tokens": 0,
          "output_tokens": 0,
          "cost": 0
        },
        "2_case_gen_open_document": {
          "duration": 29.7782461643219,
          "input_tokens": 4720,
          "output_tokens": 946,
          "cost": 0.06612000000000001
        },
        "3_case_exec_open_document": {
          "duration": 0.013053655624389648,
          "input_tokens": 0,
          "output_tokens": 0,
          "cost": 0
        },
        "2_case_gen_add_paragraph": {
          "duration": 39.04304647445679,
          "input_tokens": 6722,
          "output_tokens": 1134,
          "cost": 0.08990000000000001
        },
        "3_case_exec_add_paragraph": {
          "duration": 0.007514476776123047,
          "input_tokens": 0,
          "output_tokens": 0,
          "cost": 0
        },
        "2_case_gen_add_heading": {
          "duration": 25.194698333740234,
          "input_tokens": 8315,
          "output_tokens": 734,
          "cost": 0.09783
        },
        "3_case_exec_add_heading": {
          "duration": 0.006018161773681641,
          "input_tokens": 0,
          "output_tokens": 0,
          "cost": 0
        },
        "2_case_gen_add_table": {
          "duration": 29.490363597869873,
          "input_tokens": 9592,
          "output_tokens": 976,
          "cost": 0.11544000000000001
        },
        "3_case_exec_add_table": {
          "duration": 0.0057239532470703125,
          "input_tokens": 0,
          "output_tokens": 0,
          "cost": 0
        },
        "2_case_gen_get_document_info": {
          "duration": 32.23212647438049,
          "input_tokens": 11018,
          "output_tokens": 964,
          "cost": 0.12946000000000002
        },
        "3_case_exec_get_document_info": {
          "duration": 0.007009267807006836,
          "input_tokens": 0,
          "output_tokens": 0,
          "cost": 0
        },
        "2_case_gen_search_text": {
          "duration": 24.79264211654663,
          "input_tokens": 12382,
          "output_tokens": 716,
          "cost": 0.13814
        },
        "3_case_exec_search_text": {
          "duration": 60.00761342048645,
          "input_tokens": 0,
          "output_tokens": 0,
          "cost": 0
        },
        "2_case_gen_search_and_replace": {
          "duration": 36.35899329185486,
          "input_tokens": 12529,
          "output_tokens": 924,
          "cost": 0.14377
        },
        "3_case_exec_search_and_replace": {
          "duration": 60.01349091529846,
          "input_tokens": 0,
          "output_tokens": 0,
          "cost": 0
        },
        "2_case_gen_find_and_replace": {
          "duration": 57.52453064918518,
          "input_tokens": 14110,
          "output_tokens": 884,
          "cost": 0.15878
        },
        "3_case_exec_find_and_replace": {
          "duration": 60.00842618942261,
          "input_tokens": 0,
          "output_tokens": 0,
          "cost": 0
        },
        "2_case_gen_merge_table_cells": {
          "duration": 40.903757095336914,
          "input_tokens": 15514,
          "output_tokens": 936,
          "cost": 0.17386000000000001
        },
        "3_case_exec_merge_table_cells": {
          "duration": 60.00241804122925,
          "input_tokens": 0,
          "output_tokens": 0,
          "cost": 0
        },
        "2_case_gen_split_table": {
          "duration": 20.959678888320923,
          "input_tokens": 16838,
          "output_tokens": 565,
          "cost": 0.17968
        },
        "3_case_exec_split_table": {
          "duration": 0.0025033950805664062,
          "input_tokens": 0,
          "output_tokens": 0,
          "cost": 0
        },
        "2_case_gen_add_table_row": {
          "duration": 38.75514793395996,
          "input_tokens": 17815,
          "output_tokens": 741,
          "cost": 0.19297
        },
        "3_case_exec_add_table_row": {
          "duration": 0.0030007362365722656,
          "input_tokens": 0,
          "output_tokens": 0,
          "cost": 0
        },
        "2_case_gen_delete_table_row": {
          "duration": 24.255198001861572,
          "input_tokens": 19082,
          "output_tokens": 596,
          "cost": 0.20274000000000003
        },
        "3_case_exec_delete_table_row": {
          "duration": 0.0039997100830078125,
          "input_tokens": 0,
          "output_tokens": 0,
          "cost": 0
        },
        "2_case_gen_edit_table_cell": {
          "duration": 45.563990116119385,
          "input_tokens": 20153,
          "output_tokens": 952,
          "cost": 0.22057000000000002
        },
        "3_case_exec_edit_table_cell": {
          "duration": 0.003551006317138672,
          "input_tokens": 0,
          "output_tokens": 0,
          "cost": 0
        },
        "2_case_gen_add_page_break": {
          "duration": 24.450989246368408,
          "input_tokens": 21548,
          "output_tokens": 322,
          "cost": 0.22192
        },
        "3_case_exec_add_page_break": {
          "duration": 0.0049974918365478516,
          "input_tokens": 0,
          "output_tokens": 0,
          "cost": 0
        },
        "2_case_gen_set_page_margins": {
          "duration": 26.35961604118347,
          "input_tokens": 22305,
          "output_tokens": 540,
          "cost": 0.23385000000000003
        },
        "3_case_exec_set_page_margins": {
          "duration": 0.0032134056091308594,
          "input_tokens": 0,
          "output_tokens": 0,
          "cost": 0
        },
        "2_case_gen_delete_paragraph": {
          "duration": 18.54233431816101,
          "input_tokens": 23158,
          "output_tokens": 402,
          "cost": 0.23962
        },
        "3_case_exec_delete_paragraph": {
          "duration": 0.005506038665771484,
          "input_tokens": 0,
          "output_tokens": 0,
          "cost": 0
        },
        "2_case_gen_delete_text": {
          "duration": 31.371558904647827,
          "input_tokens": 23925,
          "output_tokens": 802,
          "cost": 0.25529
        },
        "3_case_exec_delete_text": {
          "duration": 0.002504587173461914,
          "input_tokens": 0,
          "output_tokens": 0,
          "cost": 0
        },
        "2_case_gen_save_document": {
          "duration": 16.299636125564575,
          "input_tokens": 25196,
          "output_tokens": 314,
          "cost": 0.25824
        },
        "3_case_exec_save_document": {
          "duration": 1.785182237625122,
          "input_tokens": 0,
          "output_tokens": 0,
          "cost": 0
        },
        "2_case_gen_save_as_document": {
          "duration": 42.49168372154236,
          "input_tokens": 25972,
          "output_tokens": 767,
          "cost": 0.27506
        },
        "3_case_exec_save_as_document": {
          "duration": 0.0030002593994140625,
          "input_tokens": 0,
          "output_tokens": 0,
          "cost": 0
        },
        "2_case_gen_create_document_copy": {
          "duration": 38.64762210845947,
          "input_tokens": 27528,
          "output_tokens": 826,
          "cost": 0.2918
        },
        "3_case_exec_create_document_copy": {
          "duration": 1.8000965118408203,
          "input_tokens": 0,
          "output_tokens": 0,
          "cost": 0
        },
        "2_case_gen_replace_section": {
          "duration": 39.08426785469055,
          "input_tokens": 29187,