{
  "timestamp": "2025-06-30T22:05:16.847259",
  "benchmark_results": {
    "mcp-everything-search-main-server": {
      "phases": {
        "1_order_generation": {
          "duration": 0.9920275211334229,
          "input_tokens": 1578,
          "output_tokens": 7,
          "cost": 0.015920000000000004
        },
        "2_case_gen_search": {
          "duration": 26.298473596572876,
          "input_tokens": 2222,
          "output_tokens": 853,
          "cost": 0.03928
        },
        "3_case_exec_search": {
          "duration": 0.039914608001708984,
          "input_tokens": 0,
          "output_tokens": 0,
          "cost": 0
        },
        "4_report_generation": {
          "duration": 49.52038621902466,
          "input_tokens": 9330,
          "output_tokens": 1575,
          "cost": 0.12480000000000001
        }
      },
      "suite_summary": {
        "total_duration": 82.60616636276245,
        "total_llm_tokens": 15565,
        "total_cost": 0.18000000000000002
      }
    }
  }
}