{
  "timestamp": "2025-06-30T22:05:21.073001",
  "benchmark_results": {
    "outlook-mcp-server-main-server": {
      "phases": {
        "1_order_generation": {
          "duration": 1.8860764503479004,
          "input_tokens": 1195,
          "output_tokens": 42,
          "cost": 0.012790000000000001
        },
        "2_case_gen_list_folders": {
          "duration": 8.50091290473938,
          "input_tokens": 1680,
          "output_tokens": 216,
          "cost": 0.021120000000000003
        },
        "3_case_exec_list_folders": {
          "duration": 0.6779968738555908,
          "input_tokens": 0,
          "output_tokens": 0,
          "cost": 0
        },
        "2_case_gen_list_recent_emails": {
          "duration": 24.50922465324402,
          "input_tokens": 3708,
          "output_tokens": 727,
          "cost": 0.05162
        },
        "3_case_exec_list_recent_emails": {
          "duration": 0.10275101661682129,
          "input_tokens": 0,
          "output_tokens": 0,
          "cost": 0
        },
        "2_case_gen_search_emails": {
          "duration": 31.201128005981445,
          "input_tokens": 6099,
          "output_tokens": 877,
          "cost": 0.07853
        },
        "3_case_exec_search_emails": {
          "duration": 0.03718733787536621,
          "input_tokens": 0,
          "output_tokens": 0,
          "cost": 0
        },
        "2_case_gen_get_email_by_number": {
          "duration": 23.09762454032898,
          "input_tokens": 8218,
          "output_tokens": 538,
          "cost": 0.09294000000000001
        },
        "3_case_exec_get_email_by_number": {
          "duration": 0.004000425338745117,
          "input_tokens": 0,
          "output_tokens": 0,
          "cost": 0
        },
        "2_case_gen_reply_to_email_by_number": {
          "duration": 28.856853246688843,
          "input_tokens": 9681,
          "output_tokens": 958,
          "cost": 0.11597
        },
        "3_case_exec_reply_to_email_by_number": {
          "duration": 0.015155315399169922,
          "input_tokens": 0,
          "output_tokens": 0,
          "cost": 0
        },
        "2_case_gen_compose_email": {
          "duration": 50.24104022979736,
          "input_tokens": 11099,
          "output_tokens": 1306,
          "cost": 0.13711
        },
        "3_case_exec_compose_email": {
          "duration": 6.439879655838013,
          "input_tokens": 0,
          "output_tokens": 0,
          "cost": 0
        },
        "4_report_generation": {
          "duration": 50.54557180404663,
          "input_tokens": 13551,
          "output_tokens": 1489,
          "cost": 0.16529000000000002
        }
      },
      "suite_summary": {
        "total_duration": 303.50903058052063,
        "total_llm_tokens": 61384,
        "total_cost": 0.6753700000000001
      }
    }
  }
}