{
  "timestamp": "2025-06-30T22:05:17.701743",
  "benchmark_results": {
    "flights-mcp-main-server": {
      "phases": {
        "1_order_generation": {
          "duration": 1.2254507541656494,
          "input_tokens": 1986,
          "output_tokens": 24,
          "cost": 0.020340000000000004
        },
        "2_case_gen_search_flights": {
          "duration": 34.807976961135864,
          "input_tokens": 1565,
          "output_tokens": 1284,
          "cost": 0.041330000000000006
        },
        "3_case_exec_search_flights": {
          "duration": 0.0049991607666015625,
          "input_tokens": 0,
          "output_tokens": 0,
          "cost": 0
        },
        "2_case_gen_search_multi_city": {
          "duration": 47.32744097709656,
          "input_tokens": 4917,
          "output_tokens": 1466,
          "cost": 0.07849
        },
        "3_case_exec_search_multi_city": {
          "duration": 1.342801809310913,
          "input_tokens": 0,
          "output_tokens": 0,
          "cost": 0
        },
        "2_case_gen_get_offer_details": {
          "duration": 15.999052047729492,
          "input_tokens": 6981,
          "output_tokens": 512,
          "cost": 0.08005000000000001
        },
        "3_case_exec_get_offer_details": {
          "duration": 0.01952219009399414,
          "input_tokens": 0,
          "output_tokens": 0,
          "cost": 0
        },
        "4_report_generation": {
          "duration": 47.427536487579346,
          "input_tokens": 10380,
          "output_tokens": 1499,
          "cost": 0.13378
        }
      },
      "suite_summary": {
        "total_duration": 169.00688433647156,
        "total_llm_tokens": 30614,
        "total_cost": 0.35399
      }
    }
  }
}