{
  "timestamp": "2025-07-01T17:03:33.670139",
  "benchmark_results": {
    "mysql_mcp_server-main-server": {
      "phases": {
        "1_order_generation": {
          "duration": 0.6831755638122559,
          "input_tokens": 168,
          "output_tokens": 8,
          "cost": 0.00184
        },
        "2_case_gen_execute_sql": {
          "duration": 26.63518452644348,
          "input_tokens": 2371,
          "output_tokens": 872,
          "cost": 0.041150000000000006
        },
        "3_case_exec_execute_sql": {
          "duration": 0.20838260650634766,
          "input_tokens": 0,
          "output_tokens": 0,
          "cost": 0
        },
        "4_report_generation": {
          "duration": 48.52505660057068,
          "input_tokens": 3076,
          "output_tokens": 1626,
          "cost": 0.06328
        }
      },
      "suite_summary": {
        "total_duration": 81.9257652759552,
        "total_llm_tokens": 8121,
        "total_cost": 0.10627
      }
    }
  }
}