{
  "timestamp": "2025-07-01T17:28:34.383317",
  "benchmark_results": {
    "mcp_pdf_processor_refined-server": {
      "phases": {
        "1_order_generation": {
          "duration": 3.1631932258605957,
          "input_tokens": 1646,
          "output_tokens": 37,
          "cost": 0.017200000000000003
        },
        "2_case_gen_merge_pdfs": {
          "duration": 43.701138496398926,
          "input_tokens": 3585,
          "output_tokens": 1142,
          "cost": 0.058690000000000006
        },
        "3_case_exec_merge_pdfs": {
          "duration": 0.013000965118408203,
          "input_tokens": 0,
          "output_tokens": 0,
          "cost": 0
        },
        "2_case_gen_extract_pages": {
          "duration": 56.20153832435608,
          "input_tokens": 5472,
          "output_tokens": 1447,
          "cost": 0.08366000000000001
        },
        "3_case_exec_extract_pages": {
          "duration": 0.021999597549438477,
          "input_tokens": 0,
          "output_tokens": 0,
          "cost": 0
        },
        "2_case_gen_search_pdfs": {
          "duration": 50.39955377578735,
          "input_tokens": 8015,
          "output_tokens": 892,
          "cost": 0.09799000000000002
        },
        "3_case_exec_search_pdfs": {
          "duration": 0.029000282287597656,
          "input_tokens": 0,
          "output_tokens": 0,
          "cost": 0
        },
        "2_case_gen_merge_pdfs_ordered": {
          "duration": 100.24889993667603,
          "input_tokens": 9109,
          "output_tokens": 1601,
          "cost": 0.12311
        },
        "3_case_exec_merge_pdfs_ordered": {
          "duration": 0.09017252922058105,
          "input_tokens": 0,
          "output_tokens": 0,
          "cost": 0
        },
        "2_case_gen_find_related_pdfs": {
          "duration": 40.378493785858154,
          "input_tokens": 12325,
          "output_tokens": 1198,
          "cost": 0.14721
        },
        "3_case_exec_find_related_pdfs": {
          "duration": 0.026999950408935547,
          "input_tokens": 0,
          "output_tokens": 0,
          "cost": 0
        },
        "4_report_generation": {
          "duration": 60.936190128326416,
          "input_tokens": 13497,
          "output_tokens": 1621,
          "cost": 0.16739
        }
      },
      "suite_summary": {
        "total_duration": 379.99088621139526,
        "total_llm_tokens": 61587,
        "total_cost": 0.69525
      }
    }
  }
}