{
  "timestamp": "2025-06-30T22:05:20.646297",
  "benchmark_results": {
    "unsplash-mcp-server-main-server": {
      "phases": {
        "1_order_generation": {
          "duration": 1.3376069068908691,
          "input_tokens": 577,
          "output_tokens": 8,
          "cost": 0.005930000000000001
        },
        "2_case_gen_search_photos": {
          "duration": 21.476301670074463,
          "input_tokens": 1996,
          "output_tokens": 636,
          "cost": 0.03268
        },
        "3_case_exec_search_photos": {
          "duration": 1.610746145248413,
          "input_tokens": 0,
          "output_tokens": 0,
          "cost": 0
        },
        "4_report_generation": {
          "duration": 53.29129719734192,
          "input_tokens": 7689,
          "output_tokens": 1530,
          "cost": 0.10749
        }
      },
      "suite_summary": {
        "total_duration": 95.98961234092712,
        "total_llm_tokens": 12436,
        "total_cost": 0.1461
      }
    }
  }
}