{
  "timestamp": "2025-07-11T21:33:47.478345",
  "benchmark_results": {
    "qwen-plus-mcp_outlook_automation_manager": {
      "phases": {
        "1_order_generation": {
          "duration": 2.6506967544555664,
          "input_tokens": 1902,
          "output_tokens": 42,
          "cost": 0.0016056
        },
        "2_case_gen_list_folders": {
          "duration": 27.98402738571167,
          "input_tokens": 1825,
          "output_tokens": 706,
          "cost": 0.0028719999999999996
        },
        "3_case_exec_list_folders": {
          "duration": 0.012530088424682617,
          "input_tokens": 0,
          "output_tokens": 0,
          "cost": 0
        },
        "2_case_gen_list_recent_emails": {
          "duration": 29.234962701797485,
          "input_tokens": 3828,
          "output_tokens": 861,
          "cost": 0.004784399999999999
        },
        "3_case_exec_list_recent_emails": {
          "duration": 0.012052774429321289,
          "input_tokens": 0,
          "output_tokens": 0,
          "cost": 0
        },
        "2_case_gen_search_emails": {
          "duration": 40.875630617141724,
          "input_tokens": 5485,
          "output_tokens": 1149,
          "cost": 0.006685999999999999
        },
        "3_case_exec_search_emails": {
          "duration": 0.01250457763671875,
          "input_tokens": 0,
          "output_tokens": 0,
          "cost": 0
        },
        "2_case_gen_get_email_by_number": {
          "duration": 34.16063833236694,
          "input_tokens": 4636,
          "output_tokens": 854,
          "cost": 0.005416799999999999
        },
        "3_case_exec_get_email_by_number": {
          "duration": 0.007520437240600586,
          "input_tokens": 0,
          "output_tokens": 0,
          "cost": 0
        },
        "2_case_gen_reply_to_email_by_number": {
          "duration": 34.5413031578064,
          "input_tokens": 4581,
          "output_tokens": 969,
          "cost": 0.0056028
        },
        "3_case_exec_reply_to_email_by_number": {
          "duration": 0.020507097244262695,
          "input_tokens": 0,
          "output_tokens": 0,
          "cost": 0
        },
        "2_case_gen_compose_email": {
          "duration": 36.164568185806274,
          "input_tokens": 4613,
          "output_tokens": 1088,
          "cost": 0.0058664
        },
        "3_case_exec_compose_email": {
          "duration": 0.12583184242248535,
          "input_tokens": 0,
          "output_tokens": 0,
          "cost": 0
        },
        "4_report_generation": {
          "duration": 62.17246770858765,
          "input_tokens": 13635,
          "output_tokens": 1722,
          "cost": 0.014352
        }
      },
      "suite_summary": {
        "total_duration": 286.75756430625916,
        "total_llm_tokens": 47896,
        "total_cost": 0.04718599999999999
      }
    }
  }
}