{
  "timestamp": "2025-07-01T17:28:32.720258",
  "benchmark_results": {
    "arxiv_paper_manager_refined-server": {
      "phases": {
        "1_order_generation": {
          "duration": 1.2362678050994873,
          "input_tokens": 740,
          "output_tokens": 28,
          "cost": 0.00796
        },
        "2_case_gen_search_papers": {
          "duration": 21.816633939743042,
          "input_tokens": 1289,
          "output_tokens": 626,
          "cost": 0.025410000000000002
        },
        "3_case_exec_search_papers": {
          "duration": 1.509464979171753,
          "input_tokens": 0,
          "output_tokens": 0,
          "cost": 0
        },
        "2_case_gen_download_paper": {
          "duration": 23.551117181777954,
          "input_tokens": 3206,
          "output_tokens": 729,
          "cost": 0.04664000000000001
        },
        "3_case_exec_download_paper": {
          "duration": 11.768590927124023,
          "input_tokens": 0,
          "output_tokens": 0,
          "cost": 0
        },
        "2_case_gen_list_papers": {
          "duration": 22.683964729309082,
          "input_tokens": 7029,
          "output_tokens": 524,
          "cost": 0.08077000000000001
        },
        "3_case_exec_list_papers": {
          "duration": 0.003999948501586914,
          "input_tokens": 0,
          "output_tokens": 0,
          "cost": 0
        },
        "2_case_gen_read_paper": {
          "duration": 28.455751657485962,
          "input_tokens": 10774,
          "output_tokens": 846,
          "cost": 0.12466
        },
        "3_case_exec_read_paper": {
          "duration": 0.01657414436340332,
          "input_tokens": 0,
          "output_tokens": 0,
          "cost": 0
        },
        "4_report_generation": {
          "duration": 53.70224452018738,
          "input_tokens": 14512,
          "output_tokens": 1380,
          "cost": 0.17272
        }
      },
      "suite_summary": {
        "total_duration": 243.8213837146759,
        "total_llm_tokens": 41683,
        "total_cost": 0.45816
      }
    }
  }
}