{
  "timestamp": "2025-07-01T18:51:20.788586",
  "benchmark_results": {
    "word_mcp_server_document_opera_refined-server": {
      "phases": {
        "1_order_generation": {
          "duration": 4.008282661437988,
          "input_tokens": 4261,
          "output_tokens": 129,
          "cost": 0.04519
        },
        "2_case_gen_create_document": {
          "duration": 27.113290309906006,
          "input_tokens": 3100,
          "output_tokens": 948,
          "cost": 0.049960000000000004
        },
        "3_case_exec_create_document": {
          "duration": 0.017642974853515625,
          "input_tokens": 0,
          "output_tokens": 0,
          "cost": 0
        },
        "2_case_gen_open_document": {
          "duration": 23.852641582489014,
          "input_tokens": 3228,
          "output_tokens": 858,
          "cost": 0.049440000000000005
        },
        "3_case_exec_open_document": {
          "duration": 0.00652313232421875,
          "input_tokens": 0,
          "output_tokens": 0,
          "cost": 0
        },
        "2_case_gen_add_paragraph": {
          "duration": 40.632394790649414,
          "input_tokens": 12475,
          "output_tokens": 1185,
          "cost": 0.14845000000000003
        },
        "3_case_exec_add_paragraph": {
          "duration": 0.0070095062255859375,
          "input_tokens": 0,
          "output_tokens": 0,
          "cost": 0
        },
        "2_case_gen_add_heading": {
          "duration": 34.72058701515198,
          "input_tokens": 13839,
          "output_tokens": 1007,
          "cost": 0.15853
        },
        "3_case_exec_add_heading": {
          "duration": 0.004015922546386719,
          "input_tokens": 0,
          "output_tokens": 0,
          "cost": 0
        },
        "2_case_gen_add_table": {
          "duration": 36.67335605621338,
          "input_tokens": 15907,
          "output_tokens": 971,
          "cost": 0.17849
        },
        "3_case_exec_add_table": {
          "duration": 0.014178752899169922,
          "input_tokens": 0,
          "output_tokens": 0,
          "cost": 0
        },
        "2_case_gen_add_page_break": {
          "duration": 26.177551984786987,
          "input_tokens": 17925,
          "output_tokens": 678,
          "cost": 0.19281
        },
        "3_case_exec_add_page_break": {
          "duration": 0.004510641098022461,
          "input_tokens": 0,
          "output_tokens": 0,
          "cost": 0
        },
        "2_case_gen_save_document": {
          "duration": 31.30363368988037,
          "input_tokens": 18959,
          "output_tokens": 827,
          "cost": 0.20613
        },
        "3_case_exec_save_document": {
          "duration": 0.006533145904541016,
          "input_tokens": 0,
          "output_tokens": 0,
          "cost": 0
        },
        "2_case_gen_save_as_document": {
          "duration": 45.79686093330383,
          "input_tokens": 20984,
          "output_tokens": 1117,
          "cost": 0.23218000000000003
        },
        "3_case_exec_save_as_document": {
          "duration": 0.01486968994140625,
          "input_tokens": 0,
          "output_tokens": 0,
          "cost": 0
        },
        "2_case_gen_create_document_copy": {
          "duration": 41.78478193283081,
          "input_tokens": 23140,
          "output_tokens": 1114,
          "cost": 0.25368
        },
        "3_case_exec_create_document_copy": {
          "duration": 0.0070056915283203125,
          "input_tokens": 0,
          "output_tokens": 0,
          "cost": 0
        },
        "2_case_gen_get_document_info": {
          "duration": 25.156453609466553,
          "input_tokens": 24819,
          "output_tokens": 689,
          "cost": 0.26197000000000004
        },
        "3_case_exec_get_document_info": {
          "duration": 0.05167531967163086,
          "input_tokens": 0,
          "output_tokens": 0,
          "cost": 0
        },
        "2_case_gen_search_text": {
          "duration": 38.513631105422974,
          "input_tokens": 26256,
          "output_tokens": 959,
          "cost": 0.28174
        },
        "3_case_exec_search_text": {
          "duration": 0.004283428192138672,
          "input_tokens": 0,
          "output_tokens": 0,
          "cost": 0
        },
        "2_case_gen_find_and_replace": {
          "duration": 34.820011615753174,
          "input_tokens": 27850,
          "output_tokens": 896,
          "cost": 0.29642
        },
        "3_case_exec_find_and_replace": {
          "duration": 0.04298591613769531,
          "input_tokens": 0,
          "output_tokens": 0,
          "cost": 0
        },
        "2_case_gen_delete_paragraph": {
          "duration": 32.36592936515808,
          "input_tokens": 29422,
          "output_tokens": 850,
          "cost": 0.31122000000000005
        },
        "3_case_exec_delete_paragraph": {
          "duration": 0.050569772720336914,
          "input_tokens": 0,
          "output_tokens": 0,
          "cost": 0
        },
        "2_case_gen_delete_text": {
          "duration": 81.13586616516113,
          "input_tokens": 31076,
          "output_tokens": 2824,
          "cost": 0.36724
        },
        "3_case_exec_delete_text": {
          "duration": 81.19245505332947,
          "input_tokens": 0,
          "output_tokens": 0,
          "cost": 0
        },
        "2_case_gen_add_table_row": {
          "duration": 28.64191770553589,
          "input_tokens": 23701,
          "output_tokens": 773,
          "cost": 0.25247
        },
        "3_case_exec_add_table_row": {
          "duration": 0.03168153762817383,
          "input_tokens": 0,
          "output_tokens": 0,
          "cost": 0
        },
        "2_case_gen_delete_table_row": {
          "duration": 48.50489568710327,
          "input_tokens": 25237,
          "output_tokens": 1016,
          "cost": 0.27269000000000004
        },
        "3_case_exec_delete_table_row": {
          "duration": 0.006999015808105469,
          "input_tokens": 0,
          "output_tokens": 0,
          "cost": 0
        },
        "2_case_gen_edit_table_cell": {
          "duration": 43.90318012237549,
          "input_tokens": 27304,
          "output_tokens": 1204,
          "cost": 0.29712
        },
        "3_case_exec_edit_table_cell": {
          "duration": 0.004999876022338867,
          "input_tokens": 0,
          "output_tokens": 0,
          "cost": 0
        },
        "2_case_gen_merge_table_cells": {
          "duration": 37.025867223739624,
          "input_tokens": 29522,
          "output_tokens": 1007,
          "cost": 0.31536000000000003
        },
        "3_case_exec_merge_table_cells": {
          "duration": 0.007506608963012695,
          "input_tokens": 0,
          "output_tokens": 0,
          "cost": 0
        },
        "2_case_gen_split_table": {
          "duration": 24.275734663009644,
          "input_tokens": 31176,
          "output_tokens": 897,
          "cost": 0.32970000000000005
        },
        "3_case_exec_split_table": {
          "duration": 0.003509998321533203,
          "input_tokens": 0,
          "output_tokens": 0,
          "cost": 0
        },
        "2_case_gen_set_page_margins": {
          "duration": 34.532347202301025,
          "input_tokens": 32955,
          "output_tokens": 1195,
          "cost": 0.35345
        },
        "3_case_exec_set_page_margins": {
          "duration": 0.00400233268737793,
          "input_tokens": 0,
          "output_tokens": 0,
          "cost": 0
        },
        "2_case_gen_replace_section": {
          "duration": 50.78624701499939,
          "input_tokens": 34997,
          "output_tokens": 1142,
          "cost": 0.37281000000000003
        },
        "3_case_exec_replace_section": {
          "duration": 0.004014492034912109,
          "input_tokens": 0,
          "output_tokens": 0,
          "cost": 0
        },