{
  "timestamp": "2025-07-01T17:03:35.681383",
  "benchmark_results": {
    "unsplash-mcp-server-main-server": {
      "phases": {
        "1_order_generation": {
          "duration": 1.1353459358215332,
          "input_tokens": 577,
          "output_tokens": 8,
          "cost": 0.005930000000000001
        },
        "2_case_gen_search_photos": {
          "duration": 28.044010162353516,
          "input_tokens": 2844,
          "output_tokens": 858,
          "cost": 0.0456
        },
        "3_case_exec_search_photos": {
          "duration": 1.646268367767334,
          "input_tokens": 0,
          "output_tokens": 0,
          "cost": 0
        },
        "4_report_generation": {
          "duration": 51.55363845825195,
          "input_tokens": 9433,
          "output_tokens": 1509,
          "cost": 0.12451000000000001
        }
      },
      "suite_summary": {
        "total_duration": 106.20168733596802,
        "total_llm_tokens": 15229,
        "total_cost": 0.17604000000000003
      }
    }
  }
}