{
  "timestamp": "2025-07-01T18:34:04.342195",
  "benchmark_results": {
    "mongo-mcp-main-server": {
      "phases": {
        "1_order_generation": {
          "duration": 1.9002037048339844,
          "input_tokens": 1548,
          "output_tokens": 49,
          "cost": 0.016460000000000002
        },
        "2_case_gen_mcp_list_databases": {
          "duration": 24.024669647216797,
          "input_tokens": 1723,
          "output_tokens": 414,
          "cost": 0.025510000000000005
        },
        "3_case_exec_mcp_list_databases": {
          "duration": 0.01103067398071289,
          "input_tokens": 0,
          "output_tokens": 0,
          "cost": 0
        },
        "2_case_gen_mcp_list_collections": {
          "duration": 23.017262935638428,
          "input_tokens": 3019,
          "output_tokens": 623,
          "cost": 0.04265
        },
        "3_case_exec_mcp_list_collections": {
          "duration": 0.02004218101501465,
          "input_tokens": 0,
          "output_tokens": 0,
          "cost": 0
        },
        "2_case_gen_mcp_insert_document": {
          "duration": 36.24302887916565,
          "input_tokens": 4308,
          "output_tokens": 1105,
          "cost": 0.06518
        },
        "3_case_exec_mcp_insert_document": {
          "duration": 0.2798154354095459,
          "input_tokens": 0,
          "output_tokens": 0,
          "cost": 0
        },
        "2_case_gen_mcp_find_documents": {
          "duration": 41.89673137664795,
          "input_tokens": 6078,
          "output_tokens": 996,
          "cost": 0.08070000000000001
        },
        "3_case_exec_mcp_find_documents": {
          "duration": 0.014695405960083008,
          "input_tokens": 0,
          "output_tokens": 0,
          "cost": 0
        },
        "2_case_gen_mcp_update_document": {
          "duration": 41.743008613586426,
          "input_tokens": 8196,
          "output_tokens": 1555,
          "cost": 0.11306000000000001
        },
        "3_case_exec_mcp_update_document": {
          "duration": 0.34566617012023926,
          "input_tokens": 0,
          "output_tokens": 0,
          "cost": 0
        },
        "2_case_gen_mcp_delete_document": {
          "duration": 30.64802622795105,
          "input_tokens": 10345,
          "output_tokens": 923,
          "cost": 0.12191000000000002
        },
        "3_case_exec_mcp_delete_document": {
          "duration": 0.030553817749023438,
          "input_tokens": 0,
          "output_tokens": 0,
          "cost": 0
        },
        "4_report_generation": {
          "duration": 46.36618781089783,
          "input_tokens": 12854,
          "output_tokens": 1584,
          "cost": 0.16022000000000003
        }
      },
      "suite_summary": {
        "total_duration": 266.05082964897156,
        "total_llm_tokens": 55320,
        "total_cost": 0.6256900000000001
      }
    }
  }
}