{
  "timestamp": "2025-07-01T18:51:19.534156",
  "benchmark_results": {
    "zotero_mcp_server_refined-server": {
      "phases": {
        "1_order_generation": {
          "duration": 1.0888900756835938,
          "input_tokens": 723,
          "output_tokens": 24,
          "cost": 0.007710000000000001
        },
        "2_case_gen_search_items": {
          "duration": 26.734126329421997,
          "input_tokens": 8913,
          "output_tokens": 772,
          "cost": 0.10457
        },
        "3_case_exec_search_items": {
          "duration": 3.3910305500030518,
          "input_tokens": 0,
          "output_tokens": 0,
          "cost": 0
        },
        "2_case_gen_get_item_metadata": {
          "duration": 34.253013372421265,
          "input_tokens": 13294,
          "output_tokens": 622,
          "cost": 0.14538
        },
        "3_case_exec_get_item_metadata": {
          "duration": 0.6052260398864746,
          "input_tokens": 0,
          "output_tokens": 0,
          "cost": 0
        },
        "2_case_gen_get_item_fulltext": {
          "duration": 30.701730251312256,
          "input_tokens": 15731,
          "output_tokens": 621,
          "cost": 0.16973
        },
        "3_case_exec_get_item_fulltext": {
          "duration": 1.2810852527618408,
          "input_tokens": 0,
          "output_tokens": 0,
          "cost": 0
        },
        "4_report_generation": {
          "duration": 54.72690415382385,
          "input_tokens": 11360,
          "output_tokens": 1661,
          "cost": 0.14682
        }
      },
      "suite_summary": {
        "total_duration": 203.9825084209442,
        "total_llm_tokens": 53721,
        "total_cost": 0.57421
      }
    }
  }
}