{
  "timestamp": "2025-06-30T22:35:05.818518",
  "benchmark_results": {
    "academic_paper_search_mcp_serv_refined-server": {
      "phases": {
        "1_order_generation": {
          "duration": 2.212468385696411,
          "input_tokens": 895,
          "output_tokens": 24,
          "cost": 0.009430000000000001
        },
        "2_case_gen_search_papers": {
          "duration": 20.696314811706543,
          "input_tokens": 1675,
          "output_tokens": 650,
          "cost": 0.029750000000000002
        },
        "3_case_exec_search_papers": {
          "duration": 2.485718250274658,
          "input_tokens": 0,
          "output_tokens": 0,
          "cost": 0
        },
        "2_case_gen_search_by_topic": {
          "duration": 22.310176372528076,
          "input_tokens": 7524,
          "output_tokens": 735,
          "cost": 0.08994
        },
        "3_case_exec_search_by_topic": {
          "duration": 0.003999948501586914,
          "input_tokens": 0,
          "output_tokens": 0,
          "cost": 0
        },
        "2_case_gen_fetch_paper_details": {
          "duration": 26.545870304107666,
          "input_tokens": 8256,
          "output_tokens": 738,
          "cost": 0.09732
        },
        "3_case_exec_fetch_paper_details": {
          "duration": 4.251297950744629,
          "input_tokens": 0,
          "output_tokens": 0,
          "cost": 0
        },
        "4_report_generation": {
          "duration": 48.56044244766235,
          "input_tokens": 9562,
          "output_tokens": 1394,
          "cost": 0.12350000000000001
        }
      },
      "suite_summary": {
        "total_duration": 174.52123427391052,
        "total_llm_tokens": 31453,
        "total_cost": 0.34994000000000003
      }
    }
  }
}