{
  "timestamp": "2025-07-01T18:51:16.154547",
  "benchmark_results": {
    "academic_paper_search_mcp_serv_refined-server": {
      "phases": {
        "1_order_generation": {
          "duration": 1.1657218933105469,
          "input_tokens": 895,
          "output_tokens": 24,
          "cost": 0.009430000000000001
        },
        "2_case_gen_search_papers": {
          "duration": 24.051173210144043,
          "input_tokens": 3183,
          "output_tokens": 808,
          "cost": 0.047990000000000005
        },
        "3_case_exec_search_papers": {
          "duration": 0.003997802734375,
          "input_tokens": 0,
          "output_tokens": 0,
          "cost": 0
        },
        "2_case_gen_search_by_topic": {
          "duration": 25.48940348625183,
          "input_tokens": 3917,
          "output_tokens": 783,
          "cost": 0.054830000000000004
        },
        "3_case_exec_search_by_topic": {
          "duration": 0.0035042762756347656,
          "input_tokens": 0,
          "output_tokens": 0,
          "cost": 0
        },
        "2_case_gen_fetch_paper_details": {
          "duration": 27.860854387283325,
          "input_tokens": 13070,
          "output_tokens": 635,
          "cost": 0.1434
        },
        "3_case_exec_fetch_paper_details": {
          "duration": 3.033651351928711,
          "input_tokens": 0,
          "output_tokens": 0,
          "cost": 0
        },
        "4_report_generation": {
          "duration": 106.37895107269287,
          "input_tokens": 8525,
          "output_tokens": 2286,
          "cost": 0.13097
        }
      },
      "suite_summary": {
        "total_duration": 224.7419033050537,
        "total_llm_tokens": 34126,
        "total_cost": 0.3866200000000001
      }
    }
  }
}