{
  "timestamp": "2025-06-30T22:35:10.201876",
  "benchmark_results": {
    "outlook_mcp_server_refined-server": {
      "phases": {
        "1_order_generation": {
          "duration": 2.4263651371002197,
          "input_tokens": 1688,
          "output_tokens": 42,
          "cost": 0.017720000000000003
        },
        "2_case_gen_list_folders": {
          "duration": 10.497780084609985,
          "input_tokens": 3131,
          "output_tokens": 211,
          "cost": 0.035530000000000006
        },
        "3_case_exec_list_folders": {
          "duration": 0.7723910808563232,
          "input_tokens": 0,
          "output_tokens": 0,
          "cost": 0
        },
        "2_case_gen_list_recent_emails": {
          "duration": 15.78756046295166,
          "input_tokens": 4596,
          "output_tokens": 513,
          "cost": 0.05622
        },
        "3_case_exec_list_recent_emails": {
          "duration": 0.12064003944396973,
          "input_tokens": 0,
          "output_tokens": 0,
          "cost": 0
        },
        "2_case_gen_search_emails": {
          "duration": 28.080621004104614,
          "input_tokens": 6095,
          "output_tokens": 926,
          "cost": 0.07947000000000001
        },
        "3_case_exec_search_emails": {
          "duration": 0.7657477855682373,
          "input_tokens": 0,
          "output_tokens": 0,
          "cost": 0
        },
        "2_case_gen_get_email_by_number": {
          "duration": 21.360405445098877,
          "input_tokens": 7815,
          "output_tokens": 632,
          "cost": 0.09079000000000001
        },
        "3_case_exec_get_email_by_number": {
          "duration": 0.046059370040893555,
          "input_tokens": 0,
          "output_tokens": 0,
          "cost": 0
        },
        "2_case_gen_reply_to_email_by_number": {
          "duration": 31.85289716720581,
          "input_tokens": 9356,
          "output_tokens": 949,
          "cost": 0.11254
        },
        "3_case_exec_reply_to_email_by_number": {
          "duration": 0.05899548530578613,
          "input_tokens": 0,
          "output_tokens": 0,
          "cost": 0
        },
        "2_case_gen_compose_email": {
          "duration": 30.250088453292847,
          "input_tokens": 11293,
          "output_tokens": 913,
          "cost": 0.13119
        },
        "3_case_exec_compose_email": {
          "duration": 6.91919469833374,
          "input_tokens": 0,
          "output_tokens": 0,
          "cost": 0
        },
        "4_report_generation": {
          "duration": 86.18074107170105,
          "input_tokens": 12824,
          "output_tokens": 2570,
          "cost": 0.17964000000000002
        }
      },
      "suite_summary": {
        "total_duration": 309.24519395828247,
        "total_llm_tokens": 63554,
        "total_cost": 0.7031000000000001
      }
    }
  }
}