{
  "timestamp": "2025-07-11T21:33:49.897059",
  "benchmark_results": {
    "gemini-2.5-pro-mcp_word_document_processor": {
      "phases": {
        "1_order_generation": {
          "duration": 5.240424394607544,
          "input_tokens": 3919,
          "output_tokens": 103,
          "cost": 0.0033412
        },
        "2_case_gen_create_document": {
          "duration": 37.316819190979004,
          "input_tokens": 1830,
          "output_tokens": 937,
          "cost": 0.003338
        },
        "3_case_exec_create_document": {
          "duration": 0.042140960693359375,
          "input_tokens": 0,
          "output_tokens": 0,
          "cost": 0
        },
        "2_case_gen_get_document_text": {
          "duration": 34.11441683769226,
          "input_tokens": 3810,
          "output_tokens": 940,
          "cost": 0.004928
        },
        "3_case_exec_get_document_text": {
          "duration": 0.013211965560913086,
          "input_tokens": 0,
          "output_tokens": 0,
          "cost": 0
        },
        "2_case_gen_add_paragraph": {
          "duration": 41.89648413658142,
          "input_tokens": 5474,
          "output_tokens": 1106,
          "cost": 0.0065912
        },
        "3_case_exec_add_paragraph": {
          "duration": 0.0035085678100585938,
          "input_tokens": 0,
          "output_tokens": 0,
          "cost": 0
        },
        "2_case_gen_get_paragraph_text_from_document": {
          "duration": 36.7870671749115,
          "input_tokens": 5013,
          "output_tokens": 1047,
          "cost": 0.006104399999999999
        },
        "3_case_exec_get_paragraph_text_from_document": {
          "duration": 0.004998207092285156,
          "input_tokens": 0,
          "output_tokens": 0,
          "cost": 0
        },
        "2_case_gen_add_heading": {
          "duration": 43.41005039215088,
          "input_tokens": 5132,
          "output_tokens": 1171,
          "cost": 0.0064475999999999995
        },
        "3_case_exec_add_heading": {
          "duration": 0.027991056442260742,
          "input_tokens": 0,
          "output_tokens": 0,
          "cost": 0
        },
        "2_case_gen_create_custom_style": {
          "duration": 42.05913543701172,
          "input_tokens": 5513,
          "output_tokens": 1159,
          "cost": 0.0067284
        },
        "3_case_exec_create_custom_style": {
          "duration": 0.0035085678100585938,
          "input_tokens": 0,
          "output_tokens": 0,
          "cost": 0
        },
        "2_case_gen_format_text": {
          "duration": 35.20970273017883,
          "input_tokens": 5655,
          "output_tokens": 1111,
          "cost": 0.006745999999999999
        },
        "3_case_exec_format_text": {
          "duration": 0.03319501876831055,
          "input_tokens": 0,
          "output_tokens": 0,
          "cost": 0
        },
        "2_case_gen_find_text_in_document": {
          "duration": 37.28006601333618,
          "input_tokens": 5259,
          "output_tokens": 1026,
          "cost": 0.0062591999999999995
        },
        "3_case_exec_find_text_in_document": {
          "duration": 0.02361321449279785,
          "input_tokens": 0,
          "output_tokens": 0,
          "cost": 0
        },
        "2_case_gen_add_table": {
          "duration": 43.56916952133179,
          "input_tokens": 5429,
          "output_tokens": 1126,
          "cost": 0.006595200000000001
        },
        "3_case_exec_add_table": {
          "duration": 0.00652313232421875,
          "input_tokens": 0,
          "output_tokens": 0,
          "cost": 0
        },
        "2_case_gen_add_picture": {
          "duration": 48.12010717391968,
          "input_tokens": 5877,
          "output_tokens": 1264,
          "cost": 0.007229599999999999
        },
        "3_case_exec_add_picture": {
          "duration": 0.01781296730041504,
          "input_tokens": 0,
          "output_tokens": 0,
          "cost": 0
        },
        "2_case_gen_add_page_break": {
          "duration": 34.39785027503967,
          "input_tokens": 4980,
          "output_tokens": 996,
          "cost": 0.0059759999999999995
        },
        "3_case_exec_add_page_break": {
          "duration": 0.01475667953491211,
          "input_tokens": 0,
          "output_tokens": 0,
          "cost": 0
        },
        "2_case_gen_add_header": {
          "duration": 40.101207971572876,
          "input_tokens": 5035,
          "output_tokens": 1080,
          "cost": 0.006187999999999999
        },
        "3_case_exec_add_header": {
          "duration": 0.0075147151947021484,
          "input_tokens": 0,
          "output_tokens": 0,
          "cost": 0
        },
        "2_case_gen_add_footer": {
          "duration": 36.75143575668335,
          "input_tokens": 5036,
          "output_tokens": 1089,
          "cost": 0.0062068
        },
        "3_case_exec_add_footer": {
          "duration": 0.01263880729675293,
          "input_tokens": 0,
          "output_tokens": 0,
          "cost": 0
        },
        "2_case_gen_add_footnote_to_document": {
          "duration": 40.63892936706543,
          "input_tokens": 5188,
          "output_tokens": 1136,
          "cost": 0.006422399999999999
        },
        "3_case_exec_add_footnote_to_document": {
          "duration": 0.008465766906738281,
          "input_tokens": 0,
          "output_tokens": 0,
          "cost": 0
        },
        "2_case_gen_convert_to_pdf": {
          "duration": 37.42905378341675,
          "input_tokens": 5195,
          "output_tokens": 1023,
          "cost": 0.006202
        },
        "3_case_exec_convert_to_pdf": {
          "duration": 0.018654346466064453,
          "input_tokens": 0,
          "output_tokens": 0,
          "cost": 0
        },
        "2_case_gen_protect_document": {
          "duration": 34.37552046775818,
          "input_tokens": 5221,
          "output_tokens": 1037,
          "cost": 0.006250799999999999
        },
        "3_case_exec_protect_document": {
          "duration": 0.0329439640045166,
          "input_tokens": 0,
          "output_tokens": 0,
          "cost": 0
        },
        "4_report_generation": {
          "duration": 199.71400499343872,
          "input_tokens": 37122,
          "output_tokens": 1661,
          "cost": 0.033019599999999996
        }
      },
      "suite_summary": {
        "total_duration": 883.8001530170441,
        "total_llm_tokens": 146348,
        "total_cost": 0.1412428
      }
    }
  }
}