{
  "timestamp": "2025-07-01T17:28:33.198408",
  "benchmark_results": {
    "mysql_mcp_server_refined-server": {
      "phases": {
        "1_order_generation": {
          "duration": 0.9507894515991211,
          "input_tokens": 977,
          "output_tokens": 16,
          "cost": 0.010090000000000002
        },
        "2_case_gen_list_resources": {
          "duration": 18.998478174209595,
          "input_tokens": 3357,
          "output_tokens": 581,
          "cost": 0.04519
        },
        "3_case_exec_list_resources": {
          "duration": 0.16329240798950195,
          "input_tokens": 0,
          "output_tokens": 0,
          "cost": 0
        },
        "2_case_gen_read_resource": {
          "duration": 41.326244592666626,
          "input_tokens": 4897,
          "output_tokens": 794,
          "cost": 0.06485
        },
        "3_case_exec_read_resource": {
          "duration": 0.039833784103393555,
          "input_tokens": 0,
          "output_tokens": 0,
          "cost": 0
        },
        "2_case_gen_execute_sql": {
          "duration": 52.43981409072876,
          "input_tokens": 7243,
          "output_tokens": 970,
          "cost": 0.09183000000000001
        },
        "3_case_exec_execute_sql": {
          "duration": 0.13716506958007812,
          "input_tokens": 0,
          "output_tokens": 0,
          "cost": 0
        },
        "4_report_generation": {
          "duration": 53.432945251464844,
          "input_tokens": 8530,
          "output_tokens": 1592,
          "cost": 0.11714
        }
      },
      "suite_summary": {
        "total_duration": 180.5685589313507,
        "total_llm_tokens": 28957,
        "total_cost": 0.32910000000000006
      }
    }
  }
}