{
  "timestamp": "2025-06-30T22:05:17.928989",
  "benchmark_results": {
    "arxiv-mcp-server-main-server": {
      "phases": {
        "1_order_generation": {
          "duration": 1.3323974609375,
          "input_tokens": 506,
          "output_tokens": 28,
          "cost": 0.00562
        },
        "2_case_gen_list_papers": {
          "duration": 10.982725381851196,
          "input_tokens": 930,
          "output_tokens": 396,
          "cost": 0.01722
        },
        "3_case_exec_list_papers": {
          "duration": 0.7541065216064453,
          "input_tokens": 0,
          "output_tokens": 0,
          "cost": 0
        },
        "2_case_gen_search_papers": {
          "duration": 24.990006685256958,
          "input_tokens": 4375,
          "output_tokens": 826,
          "cost": 0.060270000000000004
        },
        "3_case_exec_search_papers": {
          "duration": 1.5366194248199463,
          "input_tokens": 0,
          "output_tokens": 0,
          "cost": 0
        },
        "2_case_gen_download_paper": {
          "duration": 21.351757526397705,
          "input_tokens": 7664,
          "output_tokens": 689,
          "cost": 0.09042
        },
        "3_case_exec_download_paper": {
          "duration": 0.002998828887939453,
          "input_tokens": 0,
          "output_tokens": 0,
          "cost": 0
        },
        "2_case_gen_read_paper": {
          "duration": 24.40230417251587,
          "input_tokens": 9414,
          "output_tokens": 694,
          "cost": 0.10802
        },
        "3_case_exec_read_paper": {
          "duration": 0.012999773025512695,
          "input_tokens": 0,
          "output_tokens": 0,
          "cost": 0
        },
        "4_report_generation": {
          "duration": 45.26875448226929,
          "input_tokens": 11607,
          "output_tokens": 1528,
          "cost": 0.14663
        }
      },
      "suite_summary": {
        "total_duration": 190.05230164527893,
        "total_llm_tokens": 38657,
        "total_cost": 0.42818
      }
    }
  }
}