{
  "timestamp": "2025-07-01T17:28:32.092790",
  "benchmark_results": {
    "academic_paper_search_mcp_serv_refined-server": {
      "phases": {
        "1_order_generation": {
          "duration": 3.082420825958252,
          "input_tokens": 895,
          "output_tokens": 24,
          "cost": 0.009430000000000001
        },
        "2_case_gen_search_papers": {
          "duration": 27.03384304046631,
          "input_tokens": 1305,
          "output_tokens": 855,
          "cost": 0.030150000000000003
        },
        "3_case_exec_search_papers": {
          "duration": 1.4442999362945557,
          "input_tokens": 0,
          "output_tokens": 0,
          "cost": 0
        },
        "2_case_gen_search_by_topic": {
          "duration": 32.597670793533325,
          "input_tokens": 5468,
          "output_tokens": 884,
          "cost": 0.07236000000000001
        },
        "3_case_exec_search_by_topic": {
          "duration": 1.1618943214416504,
          "input_tokens": 0,
          "output_tokens": 0,
          "cost": 0
        },
        "2_case_gen_fetch_paper_details": {
          "duration": 27.434751987457275,
          "input_tokens": 9792,
          "output_tokens": 800,
          "cost": 0.11392000000000001
        },
        "3_case_exec_fetch_paper_details": {
          "duration": 2.0827040672302246,
          "input_tokens": 0,
          "output_tokens": 0,
          "cost": 0
        },
        "4_report_generation": {
          "duration": 58.90344500541687,
          "input_tokens": 10412,
          "output_tokens": 1727,
          "cost": 0.13866
        }
      },
      "suite_summary": {
        "total_duration": 202.29436612129211,
        "total_llm_tokens": 32162,
        "total_cost": 0.36452
      }
    }
  }
}