{
  "timestamp": "2025-06-30T22:35:05.600923",
  "benchmark_results": {
    "image_search_download_generate_refined-server": {
      "phases": {
        "1_order_generation": {
          "duration": 0.8955032825469971,
          "input_tokens": 909,
          "output_tokens": 16,
          "cost": 0.009410000000000002
        },
        "2_case_gen_search_images": {
          "duration": 23.32822823524475,
          "input_tokens": 1714,
          "output_tokens": 607,
          "cost": 0.029280000000000004
        },
        "3_case_exec_search_images": {
          "duration": 1.291426181793213,
          "input_tokens": 0,
          "output_tokens": 0,
          "cost": 0
        },
        "2_case_gen_download_image": {
          "duration": 37.89976787567139,
          "input_tokens": 8533,
          "output_tokens": 1207,
          "cost": 0.10947000000000001
        },
        "3_case_exec_download_image": {
          "duration": 2.1000499725341797,
          "input_tokens": 0,
          "output_tokens": 0,
          "cost": 0
        },
        "2_case_gen_generate_icon": {
          "duration": 19.23147463798523,
          "input_tokens": 7336,
          "output_tokens": 538,
          "cost": 0.08412000000000001
        },
        "3_case_exec_generate_icon": {
          "duration": 0.013000249862670898,
          "input_tokens": 0,
          "output_tokens": 0,
          "cost": 0
        },
        "4_report_generation": {
          "duration": 58.75036311149597,
          "input_tokens": 8143,
          "output_tokens": 1642,
          "cost": 0.11427000000000001
        }
      },
      "suite_summary": {
        "total_duration": 173.67369413375854,
        "total_llm_tokens": 30645,
        "total_cost": 0.34655
      }
    }
  }
}