{
  "timestamp": "2025-07-01T17:03:37.558000",
  "benchmark_results": {
    "Office-Word-MCP-Server-main-server": {
      "phases": {
        "1_order_generation": {
          "duration": 5.624386310577393,
          "input_tokens": 2698,
          "output_tokens": 66,
          "cost": 0.028300000000000002
        },
        "2_case_gen_create_document": {
          "duration": 31.30533456802368,
          "input_tokens": 2864,
          "output_tokens": 828,
          "cost": 0.045200000000000004
        },
        "3_case_exec_create_document": {
          "duration": 0.03713631629943848,
          "input_tokens": 0,
          "output_tokens": 0,
          "cost": 0
        },
        "2_case_gen_get_document_text": {
          "duration": 38.53220176696777,
          "input_tokens": 4535,
          "output_tokens": 787,
          "cost": 0.061090000000000005
        },
        "3_case_exec_get_document_text": {
          "duration": 0.04814934730529785,
          "input_tokens": 0,
          "output_tokens": 0,
          "cost": 0
        },
        "2_case_gen_add_paragraph": {
          "duration": 37.61983108520508,
          "input_tokens": 5927,
          "output_tokens": 931,
          "cost": 0.07789
        },
        "3_case_exec_add_paragraph": {
          "duration": 0.03725910186767578,
          "input_tokens": 0,
          "output_tokens": 0,
          "cost": 0
        },
        "2_case_gen_add_heading": {
          "duration": 53.56281614303589,
          "input_tokens": 6699,
          "output_tokens": 1019,
          "cost": 0.08737
        },
        "3_case_exec_add_heading": {
          "duration": 0.013549089431762695,
          "input_tokens": 0,
          "output_tokens": 0,
          "cost": 0
        },
        "2_case_gen_create_custom_style": {
          "duration": 61.90148735046387,
          "input_tokens": 9031,
          "output_tokens": 1136,
          "cost": 0.11303
        },
        "3_case_exec_create_custom_style": {
          "duration": 0.05325961112976074,
          "input_tokens": 0,
          "output_tokens": 0,
          "cost": 0
        },
        "2_case_gen_format_text": {
          "duration": 63.59273552894592,
          "input_tokens": 10611,
          "output_tokens": 1315,
          "cost": 0.13241
        },
        "3_case_exec_format_text": {
          "duration": 0.052866220474243164,
          "input_tokens": 0,
          "output_tokens": 0,
          "cost": 0
        },
        "2_case_gen_protect_document": {
          "duration": 47.762041091918945,
          "input_tokens": 12148,
          "output_tokens": 985,
          "cost": 0.14118
        },
        "3_case_exec_protect_document": {
          "duration": 0.01553964614868164,
          "input_tokens": 0,
          "output_tokens": 0,
          "cost": 0
        },
        "2_case_gen_add_footnote_to_document": {
          "duration": 48.84577465057373,
          "input_tokens": 14251,
          "output_tokens": 1192,
          "cost": 0.16635
        },
        "3_case_exec_add_footnote_to_document": {
          "duration": 0.19191646575927734,
          "input_tokens": 0,
          "output_tokens": 0,
          "cost": 0
        },
        "2_case_gen_get_paragraph_text_from_document": {
          "duration": 54.103541135787964,
          "input_tokens": 16154,
          "output_tokens": 1045,
          "cost": 0.18244000000000002
        },
        "3_case_exec_get_paragraph_text_from_document": {
          "duration": 0.006520509719848633,
          "input_tokens": 0,
          "output_tokens": 0,
          "cost": 0
        },
        "2_case_gen_find_text_in_document": {
          "duration": 38.03061652183533,
          "input_tokens": 18056,
          "output_tokens": 1022,
          "cost": 0.20100000000000004
        },
        "3_case_exec_find_text_in_document": {
          "duration": 0.005513668060302734,
          "input_tokens": 0,
          "output_tokens": 0,
          "cost": 0
        },
        "4_report_generation": {
          "duration": 54.808842420578,
          "input_tokens": 21644,
          "output_tokens": 1290,
          "cost": 0.24224
        }
      },
      "suite_summary": {
        "total_duration": 543.528742313385,
        "total_llm_tokens": 136234,
        "total_cost": 1.4785000000000001
      }
    }
  }
}