{
  "timestamp": "2025-07-01T18:34:07.256894",
  "benchmark_results": {
    "opencv-mcp-server-main-server": {
      "phases": {
        "1_order_generation": {
          "duration": 3.6048691272735596,
          "input_tokens": 3992,
          "output_tokens": 68,
          "cost": 0.041280000000000004
        },
        "2_case_gen_save_image_tool": {
          "duration": 53.402971029281616,
          "input_tokens": 1794,
          "output_tokens": 1208,
          "cost": 0.0421
        },
        "3_case_exec_save_image_tool": {
          "duration": 0.20269060134887695,
          "input_tokens": 0,
          "output_tokens": 0,
          "cost": 0
        },
        "2_case_gen_get_image_stats_tool": {
          "duration": 34.48167157173157,
          "input_tokens": 4776,
          "output_tokens": 947,
          "cost": 0.06670000000000001
        },
        "3_case_exec_get_image_stats_tool": {
          "duration": 0.43083810806274414,
          "input_tokens": 0,
          "output_tokens": 0,
          "cost": 0
        },
        "2_case_gen_resize_image_tool": {
          "duration": 34.289915323257446,
          "input_tokens": 9565,
          "output_tokens": 977,
          "cost": 0.11519000000000001
        },
        "3_case_exec_resize_image_tool": {
          "duration": 0.04238176345825195,
          "input_tokens": 0,
          "output_tokens": 0,
          "cost": 0
        },
        "2_case_gen_crop_image_tool": {
          "duration": 40.68367648124695,
          "input_tokens": 11485,
          "output_tokens": 1341,
          "cost": 0.14167000000000002
        },
        "3_case_exec_crop_image_tool": {
          "duration": 0.013545989990234375,
          "input_tokens": 0,
          "output_tokens": 0,
          "cost": 0
        },
        "2_case_gen_apply_filter_tool": {
          "duration": 33.759422302246094,
          "input_tokens": 15267,
          "output_tokens": 996,
          "cost": 0.17259
        },
        "3_case_exec_apply_filter_tool": {
          "duration": 0.04448843002319336,
          "input_tokens": 0,
          "output_tokens": 0,
          "cost": 0
        },
        "2_case_gen_detect_edges_tool": {
          "duration": 44.235435247421265,
          "input_tokens": 16987,
          "output_tokens": 993,
          "cost": 0.18973
        },
        "3_case_exec_detect_edges_tool": {
          "duration": 0.22542166709899902,
          "input_tokens": 0,
          "output_tokens": 0,
          "cost": 0
        },
        "2_case_gen_apply_threshold_tool": {
          "duration": 54.60822010040283,
          "input_tokens": 20338,
          "output_tokens": 1205,
          "cost": 0.22748000000000002
        },
        "3_case_exec_apply_threshold_tool": {
          "duration": 0.2809295654296875,
          "input_tokens": 0,
          "output_tokens": 0,
          "cost": 0
        },
        "2_case_gen_detect_contours_tool": {
          "duration": 41.19989991188049,
          "input_tokens": 24166,
          "output_tokens": 936,
          "cost": 0.26038
        },
        "3_case_exec_detect_contours_tool": {
          "duration": 0.5761265754699707,
          "input_tokens": 0,
          "output_tokens": 0,
          "cost": 0
        },
        "2_case_gen_find_shapes_tool": {
          "duration": 41.08594226837158,
          "input_tokens": 28746,
          "output_tokens": 983,
          "cost": 0.30712000000000006
        },
        "3_case_exec_find_shapes_tool": {
          "duration": 0.37517881393432617,
          "input_tokens": 0,
          "output_tokens": 0,
          "cost": 0
        },
        "2_case_gen_match_template_tool": {
          "duration": 36.034212589263916,
          "input_tokens": 31896,
          "output_tokens": 1429,
          "cost": 0.34754
        },
        "3_case_exec_match_template_tool": {
          "duration": 0.9058792591094971,
          "input_tokens": 0,
          "output_tokens": 0,
          "cost": 0
        },
        "4_report_generation": {
          "duration": 43.8100061416626,
          "input_tokens": 38327,
          "output_tokens": 1716,
          "cost": 0.4175900000000001
        }
      },
      "suite_summary": {
        "total_duration": 496.0662066936493,
        "total_llm_tokens": 220138,
        "total_cost": 2.32937
      }
    }
  }
}