{
  "timestamp": "2025-07-01T17:03:35.436302",
  "benchmark_results": {
    "mongo-mcp-main-server": {
      "phases": {
        "1_order_generation": {
          "duration": 1.8685157299041748,
          "input_tokens": 1548,
          "output_tokens": 49,
          "cost": 0.016460000000000002
        },
        "2_case_gen_mcp_list_databases": {
          "duration": 17.426841735839844,
          "input_tokens": 3441,
          "output_tokens": 563,
          "cost": 0.04567
        },
        "3_case_exec_mcp_list_databases": {
          "duration": 0.011033296585083008,
          "input_tokens": 0,
          "output_tokens": 0,
          "cost": 0
        },
        "2_case_gen_mcp_list_collections": {
          "duration": 31.240827083587646,
          "input_tokens": 4932,
          "output_tokens": 759,
          "cost": 0.0645
        },
        "3_case_exec_mcp_list_collections": {
          "duration": 0.008498430252075195,
          "input_tokens": 0,
          "output_tokens": 0,
          "cost": 0
        },
        "2_case_gen_mcp_insert_document": {
          "duration": 29.54402780532837,
          "input_tokens": 5517,
          "output_tokens": 1017,
          "cost": 0.07551000000000001
        },
        "3_case_exec_mcp_insert_document": {
          "duration": 0.024471044540405273,
          "input_tokens": 0,
          "output_tokens": 0,
          "cost": 0
        },
        "2_case_gen_mcp_find_documents": {
          "duration": 51.284842014312744,
          "input_tokens": 7898,
          "output_tokens": 957,
          "cost": 0.09812000000000001
        },
        "3_case_exec_mcp_find_documents": {
          "duration": 0.019196510314941406,
          "input_tokens": 0,
          "output_tokens": 0,
          "cost": 0
        },
        "2_case_gen_mcp_update_document": {
          "duration": 56.23685383796692,
          "input_tokens": 10842,
          "output_tokens": 1474,
          "cost": 0.1379
        },
        "3_case_exec_mcp_update_document": {
          "duration": 0.03164196014404297,
          "input_tokens": 0,
          "output_tokens": 0,
          "cost": 0
        },
        "2_case_gen_mcp_delete_document": {
          "duration": 34.37639856338501,
          "input_tokens": 13572,
          "output_tokens": 1016,
          "cost": 0.15604
        },
        "3_case_exec_mcp_delete_document": {
          "duration": 0.035240888595581055,
          "input_tokens": 0,
          "output_tokens": 0,
          "cost": 0
        },
        "4_report_generation": {
          "duration": 78.58585500717163,
          "input_tokens": 14852,
          "output_tokens": 1669,
          "cost": 0.1819
        }
      },
      "suite_summary": {
        "total_duration": 303.9758560657501,
        "total_llm_tokens": 70106,
        "total_cost": 0.7761
      }
    }
  }
}