{
  "timestamp": "2025-07-01T17:03:32.638548",
  "benchmark_results": {
    "mcp-everything-search-main-server": {
      "phases": {
        "1_order_generation": {
          "duration": 2.9584171772003174,
          "input_tokens": 1578,
          "output_tokens": 7,
          "cost": 0.015920000000000004
        },
        "2_case_gen_search": {
          "duration": 55.074466705322266,
          "input_tokens": 2319,
          "output_tokens": 1256,
          "cost": 0.048310000000000006
        },
        "3_case_exec_search": {
          "duration": 0.029275894165039062,
          "input_tokens": 0,
          "output_tokens": 0,
          "cost": 0
        },
        "4_report_generation": {
          "duration": 61.21137475967407,
          "input_tokens": 12979,
          "output_tokens": 1719,
          "cost": 0.16417
        }
      },
      "suite_summary": {
        "total_duration": 126.62899684906006,
        "total_llm_tokens": 19858,
        "total_cost": 0.22840000000000002
      }
    }
  }
}