{
  "timestamp": "2025-07-11T21:33:46.695205",
  "benchmark_results": {
    "gpt-4o-mcp_word_document_processor": {
      "phases": {
        "1_order_generation": {
          "duration": 2.934523344039917,
          "input_tokens": 2374,
          "output_tokens": 66,
          "cost": 0.0020312
        },
        "2_case_gen_create_document": {
          "duration": 29.978031158447266,
          "input_tokens": 1711,
          "output_tokens": 947,
          "cost": 0.0032627999999999997
        },
        "3_case_exec_create_document": {
          "duration": 0.03207826614379883,
          "input_tokens": 0,
          "output_tokens": 0,
          "cost": 0
        },
        "2_case_gen_get_document_text": {
          "duration": 35.88433289527893,
          "input_tokens": 3662,
          "output_tokens": 968,
          "cost": 0.0048655999999999994
        },
        "3_case_exec_get_document_text": {
          "duration": 0.017943859100341797,
          "input_tokens": 0,
          "output_tokens": 0,
          "cost": 0
        },
        "2_case_gen_add_paragraph": {
          "duration": 38.99246644973755,
          "input_tokens": 7700,
          "output_tokens": 1127,
          "cost": 0.008414
        },
        "3_case_exec_add_paragraph": {
          "duration": 0.038385629653930664,
          "input_tokens": 0,
          "output_tokens": 0,
          "cost": 0
        },
        "2_case_gen_get_paragraph_text_from_document": {
          "duration": 41.70131325721741,
          "input_tokens": 7714,
          "output_tokens": 1081,
          "cost": 0.008333199999999999
        },
        "3_case_exec_get_paragraph_text_from_document": {
          "duration": 0.004512786865234375,
          "input_tokens": 0,
          "output_tokens": 0,
          "cost": 0
        },
        "2_case_gen_add_heading": {
          "duration": 38.86031150817871,
          "input_tokens": 7407,
          "output_tokens": 1138,
          "cost": 0.0082016
        },
        "3_case_exec_add_heading": {
          "duration": 0.04208183288574219,
          "input_tokens": 0,
          "output_tokens": 0,
          "cost": 0
        },
        "2_case_gen_create_custom_style": {
          "duration": 52.45058488845825,
          "input_tokens": 7742,
          "output_tokens": 1355,
          "cost": 0.0089036
        },
        "3_case_exec_create_custom_style": {
          "duration": 0.024669647216796875,
          "input_tokens": 0,
          "output_tokens": 0,
          "cost": 0
        },
        "2_case_gen_format_text": {
          "duration": 44.52928853034973,
          "input_tokens": 7830,
          "output_tokens": 1209,
          "cost": 0.008681999999999999
        },
        "3_case_exec_format_text": {
          "duration": 0.00550079345703125,
          "input_tokens": 0,
          "output_tokens": 0,
          "cost": 0
        },
        "2_case_gen_find_text_in_document": {
          "duration": 37.59127378463745,
          "input_tokens": 7739,
          "output_tokens": 1028,
          "cost": 0.0082472
        },
        "3_case_exec_find_text_in_document": {
          "duration": 0.0212862491607666,
          "input_tokens": 0,
          "output_tokens": 0,
          "cost": 0
        },
        "2_case_gen_add_footnote_to_document": {
          "duration": 34.517977476119995,
          "input_tokens": 7481,
          "output_tokens": 1099,
          "cost": 0.008182799999999999
        },
        "3_case_exec_add_footnote_to_document": {
          "duration": 0.007486104965209961,
          "input_tokens": 0,
          "output_tokens": 0,
          "cost": 0
        },
        "2_case_gen_protect_document": {
          "duration": 32.93832230567932,
          "input_tokens": 7623,
          "output_tokens": 1036,
          "cost": 0.0081704
        },
        "3_case_exec_protect_document": {
          "duration": 0.007001399993896484,
          "input_tokens": 0,
          "output_tokens": 0,
          "cost": 0
        },
        "4_report_generation": {
          "duration": 61.09525752067566,
          "input_tokens": 25294,
          "output_tokens": 1655,
          "cost": 0.0235452
        }
      },
      "suite_summary": {
        "total_duration": 456.3296558856964,
        "total_llm_tokens": 106986,
        "total_cost": 0.10083959999999999
      }
    }
  }
}