{
  "timestamp": "2025-06-30T22:35:06.032597",
  "benchmark_results": {
    "mcp_data_explorer_with_pandas__refined-server": {
      "phases": {
        "1_order_generation": {
          "duration": 1.5468189716339111,
          "input_tokens": 746,
          "output_tokens": 23,
          "cost": 0.00792
        },
        "2_case_gen_load_dataset": {
          "duration": 20.075153589248657,
          "input_tokens": 2538,
          "output_tokens": 648,
          "cost": 0.038340000000000006
        },
        "3_case_exec_load_dataset": {
          "duration": 0.007860660552978516,
          "input_tokens": 0,
          "output_tokens": 0,
          "cost": 0
        },
        "2_case_gen_get_basic_stats": {
          "duration": 17.351510524749756,
          "input_tokens": 3843,
          "output_tokens": 516,
          "cost": 0.04875000000000001
        },
        "3_case_exec_get_basic_stats": {
          "duration": 0.004734992980957031,
          "input_tokens": 0,
          "output_tokens": 0,
          "cost": 0
        },
        "2_case_gen_get_column_info": {
          "duration": 30.974754095077515,
          "input_tokens": 5726,
          "output_tokens": 772,
          "cost": 0.0727
        },
        "3_case_exec_get_column_info": {
          "duration": 0.009000778198242188,
          "input_tokens": 0,
          "output_tokens": 0,
          "cost": 0
        },
        "4_report_generation": {
          "duration": 43.15680384635925,
          "input_tokens": 6935,
          "output_tokens": 1474,
          "cost": 0.09883000000000002
        }
      },
      "suite_summary": {
        "total_duration": 115.68897485733032,
        "total_llm_tokens": 23221,
        "total_cost": 0.26654000000000005
      }
    }
  }
}