{
  "timestamp": "2025-07-01T17:28:36.318126",
  "benchmark_results": {
    "zotero_mcp_server_refined-server": {
      "phases": {
        "1_order_generation": {
          "duration": 1.9488353729248047,
          "input_tokens": 723,
          "output_tokens": 24,
          "cost": 0.007710000000000001
        },
        "2_case_gen_search_items": {
          "duration": 22.946521282196045,
          "input_tokens": 3945,
          "output_tokens": 820,
          "cost": 0.05585000000000001
        },
        "3_case_exec_search_items": {
          "duration": 2.38936185836792,
          "input_tokens": 0,
          "output_tokens": 0,
          "cost": 0
        },
        "2_case_gen_get_item_metadata": {
          "duration": 48.35166811943054,
          "input_tokens": 8116,
          "output_tokens": 631,
          "cost": 0.09378000000000002
        },
        "3_case_exec_get_item_metadata": {
          "duration": 0.3954918384552002,
          "input_tokens": 0,
          "output_tokens": 0,
          "cost": 0
        },
        "2_case_gen_get_item_fulltext": {
          "duration": 27.261898279190063,
          "input_tokens": 10029,
          "output_tokens": 710,
          "cost": 0.11449000000000001
        },
        "3_case_exec_get_item_fulltext": {
          "duration": 0.3708481788635254,
          "input_tokens": 0,
          "output_tokens": 0,
          "cost": 0
        },
        "4_report_generation": {
          "duration": 57.36269021034241,
          "input_tokens": 10153,
          "output_tokens": 1231,
          "cost": 0.12615
        }
      },
      "suite_summary": {
        "total_duration": 235.429749250412,
        "total_llm_tokens": 36382,
        "total_cost": 0.39798
      }
    }
  }
}