{
  "timestamp": "2025-06-30T22:05:18.899270",
  "benchmark_results": {
    "mcp-pdf-tools-server": {
      "phases": {
        "1_order_generation": {
          "duration": 1.5596446990966797,
          "input_tokens": 945,
          "output_tokens": 38,
          "cost": 0.01021
        },
        "2_case_gen_search-pdfs": {
          "duration": 26.055371522903442,
          "input_tokens": 1410,
          "output_tokens": 951,
          "cost": 0.033120000000000004
        },
        "3_case_exec_search-pdfs": {
          "duration": 0.007000446319580078,
          "input_tokens": 0,
          "output_tokens": 0,
          "cost": 0
        },
        "2_case_gen_merge-pdfs": {
          "duration": 29.05239510536194,
          "input_tokens": 3015,
          "output_tokens": 1004,
          "cost": 0.050230000000000004
        },
        "3_case_exec_merge-pdfs": {
          "duration": 0.004000663757324219,
          "input_tokens": 0,
          "output_tokens": 0,
          "cost": 0
        },
        "2_case_gen_extract-pages": {
          "duration": 55.431288719177246,
          "input_tokens": 5011,
          "output_tokens": 1407,
          "cost": 0.07825
        },
        "3_case_exec_extract-pages": {
          "duration": 0.014997243881225586,
          "input_tokens": 0,
          "output_tokens": 0,
          "cost": 0
        },
        "2_case_gen_merge-pdfs-ordered": {
          "duration": 38.62525939941406,
          "input_tokens": 7372,
          "output_tokens": 1192,
          "cost": 0.09756000000000001
        },
        "3_case_exec_merge-pdfs-ordered": {
          "duration": 0.06000995635986328,
          "input_tokens": 0,
          "output_tokens": 0,
          "cost": 0
        },
        "2_case_gen_find-related-pdfs": {
          "duration": 28.083845615386963,
          "input_tokens": 9163,
          "output_tokens": 766,
          "cost": 0.10695
        },
        "3_case_exec_find-related-pdfs": {
          "duration": 0.02099013328552246,
          "input_tokens": 0,
          "output_tokens": 0,
          "cost": 0
        },
        "4_report_generation": {
          "duration": 51.233235120773315,
          "input_tokens": 11820,
          "output_tokens": 1494,
          "cost": 0.14808000000000002
        }
      },
      "suite_summary": {
        "total_duration": 244.27954125404358,
        "total_llm_tokens": 45588,
        "total_cost": 0.5244
      }
    }
  }
}