{
  "timestamp": "2025-07-01T17:28:36.519347",
  "benchmark_results": {
    "git_repo_management_server_refined-server": {
      "phases": {
        "1_order_generation": {
          "duration": 10.706499576568604,
          "input_tokens": 2327,
          "output_tokens": 72,
          "cost": 0.024710000000000003
        },
        "2_case_gen_git_init": {
          "duration": 32.09145212173462,
          "input_tokens": 1245,
          "output_tokens": 748,
          "cost": 0.027410000000000004
        },
        "3_case_exec_git_init": {
          "duration": 0.005994558334350586,
          "input_tokens": 0,
          "output_tokens": 0,
          "cost": 0
        },
        "2_case_gen_git_status": {
          "duration": 30.726559162139893,
          "input_tokens": 3748,
          "output_tokens": 912,
          "cost": 0.055720000000000006
        },
        "3_case_exec_git_status": {
          "duration": 0.007462978363037109,
          "input_tokens": 0,
          "output_tokens": 0,
          "cost": 0
        },
        "2_case_gen_git_add": {
          "duration": 49.120418310165405,
          "input_tokens": 6970,
          "output_tokens": 1289,
          "cost": 0.09548000000000001
        },
        "3_case_exec_git_add": {
          "duration": 0.21471238136291504,
          "input_tokens": 0,
          "output_tokens": 0,
          "cost": 0
        },
        "2_case_gen_git_diff_unstaged": {
          "duration": 59.59500217437744,
          "input_tokens": 9643,
          "output_tokens": 971,
          "cost": 0.11585000000000001
        },
        "3_case_exec_git_diff_unstaged": {
          "duration": 0.016536235809326172,
          "input_tokens": 0,
          "output_tokens": 0,
          "cost": 0
        },
        "2_case_gen_git_commit": {
          "duration": 35.03202533721924,
          "input_tokens": 11965,
          "output_tokens": 1007,
          "cost": 0.13979
        },
        "3_case_exec_git_commit": {
          "duration": 0.5559000968933105,
          "input_tokens": 0,
          "output_tokens": 0,
          "cost": 0
        },
        "2_case_gen_git_diff_staged": {
          "duration": 37.222567558288574,
          "input_tokens": 16447,
          "output_tokens": 959,
          "cost": 0.18365
        },
        "3_case_exec_git_diff_staged": {
          "duration": 0.0070037841796875,
          "input_tokens": 0,
          "output_tokens": 0,
          "cost": 0
        },
        "2_case_gen_git_log": {
          "duration": 33.46986675262451,
          "input_tokens": 18049,
          "output_tokens": 858,
          "cost": 0.19765000000000002
        },
        "3_case_exec_git_log": {
          "duration": 0.062005043029785156,
          "input_tokens": 0,
          "output_tokens": 0,
          "cost": 0
        },
        "2_case_gen_git_create_branch": {
          "duration": 60.48953700065613,
          "input_tokens": 19913,
          "output_tokens": 920,
          "cost": 0.21753000000000003
        },
        "3_case_exec_git_create_branch": {
          "duration": 0.034000396728515625,
          "input_tokens": 0,
          "output_tokens": 0,
          "cost": 0
        },
        "2_case_gen_git_checkout": {
          "duration": 59.6233434677124,
          "input_tokens": 22301,
          "output_tokens": 1021,
          "cost": 0.24343
        },
        "3_case_exec_git_checkout": {
          "duration": 0.048838138580322266,
          "input_tokens": 0,
          "output_tokens": 0,
          "cost": 0
        },
        "2_case_gen_git_diff": {
          "duration": 54.412193059921265,
          "input_tokens": 24462,
          "output_tokens": 989,
          "cost": 0.2644
        },
        "3_case_exec_git_diff": {
          "duration": 0.3861360549926758,
          "input_tokens": 0,
          "output_tokens": 0,
          "cost": 0
        },
        "2_case_gen_git_reset": {
          "duration": 56.089316844940186,
          "input_tokens": 26373,
          "output_tokens": 1062,
          "cost": 0.28497
        },
        "3_case_exec_git_reset": {
          "duration": 0.2140200138092041,
          "input_tokens": 0,
          "output_tokens": 0,
          "cost": 0
        },
        "2_case_gen_git_show": {
          "duration": 38.18144392967224,
          "input_tokens": 28304,
          "output_tokens": 871,
          "cost": 0.30046
        },
        "3_case_exec_git_show": {
          "duration": 3.2801907062530518,
          "input_tokens": 0,
          "output_tokens": 0,
          "cost": 0
        },
        "4_report_generation": {
          "duration": 103.1496229171753,
          "input_tokens": 30735,
          "output_tokens": 1807,
          "cost": 0.34349
        }
      },
      "suite_summary": {
        "total_duration": 700.2431252002716,
        "total_llm_tokens": 235968,
        "total_cost": 2.49454
      }
    }
  }
}