{
  "timestamp": "2025-07-11T21:33:42.957518",
  "benchmark_results": {
    "gpt-4o-mcp_text_file_manager": {
      "phases": {
        "1_order_generation": {
          "duration": 2.8212168216705322,
          "input_tokens": 1602,
          "output_tokens": 47,
          "cost": 0.0013755999999999998
        },
        "2_case_gen_create_text_file": {
          "duration": 37.4267795085907,
          "input_tokens": 1366,
          "output_tokens": 1025,
          "cost": 0.0031427999999999994
        },
        "3_case_exec_create_text_file": {
          "duration": 0.005998849868774414,
          "input_tokens": 0,
          "output_tokens": 0,
          "cost": 0
        },
        "2_case_gen_get_text_file_contents": {
          "duration": 42.91177201271057,
          "input_tokens": 3067,
          "output_tokens": 1050,
          "cost": 0.0045536
        },
        "3_case_exec_get_text_file_contents": {
          "duration": 0.0055103302001953125,
          "input_tokens": 0,
          "output_tokens": 0,
          "cost": 0
        },
        "2_case_gen_append_text_file_contents": {
          "duration": 40.322630643844604,
          "input_tokens": 5270,
          "output_tokens": 1089,
          "cost": 0.006394
        },
        "3_case_exec_append_text_file_contents": {
          "duration": 0.008002281188964844,
          "input_tokens": 0,
          "output_tokens": 0,
          "cost": 0
        },
        "2_case_gen_insert_text_file_contents": {
          "duration": 56.63879442214966,
          "input_tokens": 5338,
          "output_tokens": 1171,
          "cost": 0.006612399999999999
        },
        "3_case_exec_insert_text_file_contents": {
          "duration": 0.005510091781616211,
          "input_tokens": 0,
          "output_tokens": 0,
          "cost": 0
        },
        "2_case_gen_delete_text_file_contents": {
          "duration": 37.77245354652405,
          "input_tokens": 5338,
          "output_tokens": 1093,
          "cost": 0.006456399999999999
        },
        "3_case_exec_delete_text_file_contents": {
          "duration": 0.005006074905395508,
          "input_tokens": 0,
          "output_tokens": 0,
          "cost": 0
        },
        "2_case_gen_patch_text_file_contents": {
          "duration": 78.09409070014954,
          "input_tokens": 5450,
          "output_tokens": 2125,
          "cost": 0.00861
        },
        "3_case_exec_patch_text_file_contents": {
          "duration": 0.004001617431640625,
          "input_tokens": 0,
          "output_tokens": 0,
          "cost": 0
        },
        "4_report_generation": {
          "duration": 51.87509894371033,
          "input_tokens": 15739,
          "output_tokens": 1319,
          "cost": 0.015229199999999998
        }
      },
      "suite_summary": {
        "total_duration": 350.38044118881226,
        "total_llm_tokens": 52089,
        "total_cost": 0.052374
      }
    }
  }
}