{
  "timestamp": "2025-07-11T21:33:48.003625",
  "benchmark_results": {
    "gpt-4o-mcp_opencv_image_processing": {
      "phases": {
        "1_order_generation": {
          "duration": 2.238429307937622,
          "input_tokens": 2189,
          "output_tokens": 62,
          "cost": 0.0018751999999999998
        },
        "2_case_gen_save_image_tool": {
          "duration": 45.23144793510437,
          "input_tokens": 1924,
          "output_tokens": 1210,
          "cost": 0.0039591999999999995
        },
        "3_case_exec_save_image_tool": {
          "duration": 0.04673576354980469,
          "input_tokens": 0,
          "output_tokens": 0,
          "cost": 0
        },
        "2_case_gen_get_image_stats_tool": {
          "duration": 30.87789750099182,
          "input_tokens": 3570,
          "output_tokens": 919,
          "cost": 0.004694
        },
        "3_case_exec_get_image_stats_tool": {
          "duration": 0.005443572998046875,
          "input_tokens": 0,
          "output_tokens": 0,
          "cost": 0
        },
        "2_case_gen_resize_image_tool": {
          "duration": 39.40170407295227,
          "input_tokens": 11700,
          "output_tokens": 1136,
          "cost": 0.011632
        },
        "3_case_exec_resize_image_tool": {
          "duration": 0.004006862640380859,
          "input_tokens": 0,
          "output_tokens": 0,
          "cost": 0
        },
        "2_case_gen_crop_image_tool": {
          "duration": 44.8900465965271,
          "input_tokens": 12000,
          "output_tokens": 1323,
          "cost": 0.012246
        },
        "3_case_exec_crop_image_tool": {
          "duration": 0.00450444221496582,
          "input_tokens": 0,
          "output_tokens": 0,
          "cost": 0
        },
        "2_case_gen_apply_filter_tool": {
          "duration": 44.04933428764343,
          "input_tokens": 12100,
          "output_tokens": 1130,
          "cost": 0.01194
        },
        "3_case_exec_apply_filter_tool": {
          "duration": 0.004004955291748047,
          "input_tokens": 0,
          "output_tokens": 0,
          "cost": 0
        },
        "2_case_gen_detect_edges_tool": {
          "duration": 44.40729475021362,
          "input_tokens": 12164,
          "output_tokens": 1175,
          "cost": 0.012081199999999999
        },
        "3_case_exec_detect_edges_tool": {
          "duration": 0.020015954971313477,
          "input_tokens": 0,
          "output_tokens": 0,
          "cost": 0
        },
        "2_case_gen_apply_threshold_tool": {
          "duration": 42.88348627090454,
          "input_tokens": 11947,
          "output_tokens": 1187,
          "cost": 0.011931599999999999
        },
        "3_case_exec_apply_threshold_tool": {
          "duration": 0.005001544952392578,
          "input_tokens": 0,
          "output_tokens": 0,
          "cost": 0
        },
        "2_case_gen_detect_contours_tool": {
          "duration": 35.7625412940979,
          "input_tokens": 12220,
          "output_tokens": 969,
          "cost": 0.011714
        },
        "3_case_exec_detect_contours_tool": {
          "duration": 0.004000663757324219,
          "input_tokens": 0,
          "output_tokens": 0,
          "cost": 0
        },
        "2_case_gen_find_shapes_tool": {
          "duration": 33.542020082473755,
          "input_tokens": 12309,
          "output_tokens": 959,
          "cost": 0.0117652
        },
        "3_case_exec_find_shapes_tool": {
          "duration": 0.05662083625793457,
          "input_tokens": 0,
          "output_tokens": 0,
          "cost": 0
        },
        "4_report_generation": {
          "duration": 211.31181716918945,
          "input_tokens": 34356,
          "output_tokens": 2329,
          "cost": 0.0321428
        }
      },
      "suite_summary": {
        "total_duration": 581.2785015106201,
        "total_llm_tokens": 138878,
        "total_cost": 0.12598120000000002
      }
    }
  }
}