{
  "timestamp": "2025-07-01T17:28:36.924920",
  "benchmark_results": {
    "word_mcp_server_document_opera_refined-server": {
      "phases": {
        "1_order_generation": {
          "duration": 5.038874864578247,
          "input_tokens": 4261,
          "output_tokens": 129,
          "cost": 0.04519
        },
        "2_case_gen_create_document": {
          "duration": 55.164498805999756,
          "input_tokens": 1222,
          "output_tokens": 905,
          "cost": 0.030320000000000003
        },
        "3_case_exec_create_document": {
          "duration": 0.016437053680419922,
          "input_tokens": 0,
          "output_tokens": 0,
          "cost": 0
        },
        "2_case_gen_open_document": {
          "duration": 33.478527545928955,
          "input_tokens": 4448,
          "output_tokens": 934,
          "cost": 0.06316000000000001
        },
        "3_case_exec_open_document": {
          "duration": 0.005008697509765625,
          "input_tokens": 0,
          "output_tokens": 0,
          "cost": 0
        },
        "2_case_gen_add_paragraph": {
          "duration": 40.02377223968506,
          "input_tokens": 7082,
          "output_tokens": 1119,
          "cost": 0.0932
        },
        "3_case_exec_add_paragraph": {
          "duration": 0.024213314056396484,
          "input_tokens": 0,
          "output_tokens": 0,
          "cost": 0
        },
        "2_case_gen_add_heading": {
          "duration": 36.15349745750427,
          "input_tokens": 9408,
          "output_tokens": 1114,
          "cost": 0.11636000000000002
        },
        "3_case_exec_add_heading": {
          "duration": 0.03839278221130371,
          "input_tokens": 0,
          "output_tokens": 0,
          "cost": 0
        },
        "2_case_gen_add_table": {
          "duration": 46.030888080596924,
          "input_tokens": 11528,
          "output_tokens": 1125,
          "cost": 0.13778
        },
        "3_case_exec_add_table": {
          "duration": 0.006002664566040039,
          "input_tokens": 0,
          "output_tokens": 0,
          "cost": 0
        },
        "2_case_gen_add_page_break": {
          "duration": 37.172951459884644,
          "input_tokens": 13719,
          "output_tokens": 801,
          "cost": 0.15321
        },
        "3_case_exec_add_page_break": {
          "duration": 0.025998353958129883,
          "input_tokens": 0,
          "output_tokens": 0,
          "cost": 0
        },
        "2_case_gen_save_document": {
          "duration": 48.75715160369873,
          "input_tokens": 15105,
          "output_tokens": 884,
          "cost": 0.16873000000000002
        },
        "3_case_exec_save_document": {
          "duration": 0.02300119400024414,
          "input_tokens": 0,
          "output_tokens": 0,
          "cost": 0
        },
        "2_case_gen_save_as_document": {
          "duration": 54.091453075408936,
          "input_tokens": 16681,
          "output_tokens": 1346,
          "cost": 0.19373
        },
        "3_case_exec_save_as_document": {
          "duration": 0.11664366722106934,
          "input_tokens": 0,
          "output_tokens": 0,
          "cost": 0
        },
        "2_case_gen_create_document_copy": {
          "duration": 41.392817735672,
          "input_tokens": 19394,
          "output_tokens": 989,
          "cost": 0.21372000000000002
        },
        "3_case_exec_create_document_copy": {
          "duration": 0.028165817260742188,
          "input_tokens": 0,
          "output_tokens": 0,
          "cost": 0
        },
        "2_case_gen_get_document_info": {
          "duration": 25.89136242866516,
          "input_tokens": 21728,
          "output_tokens": 702,
          "cost": 0.23132000000000003
        },
        "3_case_exec_get_document_info": {
          "duration": 0.017998695373535156,
          "input_tokens": 0,
          "output_tokens": 0,
          "cost": 0
        },
        "2_case_gen_search_text": {
          "duration": 36.05943822860718,
          "input_tokens": 23132,
          "output_tokens": 880,
          "cost": 0.24892000000000003
        },
        "3_case_exec_search_text": {
          "duration": 0.029519081115722656,
          "input_tokens": 0,
          "output_tokens": 0,
          "cost": 0
        },
        "2_case_gen_find_and_replace": {
          "duration": 33.30973815917969,
          "input_tokens": 24760,
          "output_tokens": 949,
          "cost": 0.26658000000000004
        },
        "3_case_exec_find_and_replace": {
          "duration": 0.07151031494140625,
          "input_tokens": 0,
          "output_tokens": 0,
          "cost": 0
        },
        "2_case_gen_delete_paragraph": {
          "duration": 38.07462501525879,
          "input_tokens": 26823,
          "output_tokens": 884,
          "cost": 0.28591
        },
        "3_case_exec_delete_paragraph": {
          "duration": 0.09860062599182129,
          "input_tokens": 0,
          "output_tokens": 0,
          "cost": 0
        },
        "2_case_gen_delete_text": {
          "duration": 42.26500701904297,
          "input_tokens": 28377,
          "output_tokens": 1082,
          "cost": 0.30541
        },
        "3_case_exec_delete_text": {
          "duration": 0.05152392387390137,
          "input_tokens": 0,
          "output_tokens": 0,
          "cost": 0
        },
        "2_case_gen_add_table_row": {
          "duration": 26.37108540534973,
          "input_tokens": 30792,
          "output_tokens": 904,
          "cost": 0.326
        },
        "3_case_exec_add_table_row": {
          "duration": 0.033997297286987305,
          "input_tokens": 0,
          "output_tokens": 0,
          "cost": 0
        },
        "2_case_gen_delete_table_row": {
          "duration": 33.17037892341614,
          "input_tokens": 32635,
          "output_tokens": 1272,
          "cost": 0.35179000000000005
        },
        "3_case_exec_delete_table_row": {
          "duration": 0.018000125885009766,
          "input_tokens": 0,
          "output_tokens": 0,
          "cost": 0
        },
        "2_case_gen_edit_table_cell": {
          "duration": 180.21870303153992,
          "input_tokens": 35158,
          "output_tokens": 1072,
          "cost": 0.37302
        },
        "3_case_exec_edit_table_cell": {
          "duration": 180.23670315742493,
          "input_tokens": 0,
          "output_tokens": 0,
          "cost": 0
        },
        "2_case_gen_merge_table_cells": {
          "duration": 102.11642169952393,
          "input_tokens": 32519,
          "output_tokens": 1686,
          "cost": 0.35891000000000006
        },
        "3_case_exec_merge_table_cells": {
          "duration": 0.029999971389770508,
          "input_tokens": 0,
          "output_tokens": 0,
          "cost": 0
        },
        "2_case_gen_split_table": {
          "duration": 169.09361815452576,
          "input_tokens": 35366,
          "output_tokens": 1149,
          "cost": 0.37664000000000003
        },
        "3_case_exec_split_table": {
          "duration": 0.007001161575317383,
          "input_tokens": 0,
          "output_tokens": 0,
          "cost": 0
        },
        "2_case_gen_set_page_margins": {
          "duration": 97.79399824142456,
          "input_tokens": 37620,
          "output_tokens": 1419,
          "cost": 0.40458000000000005
        },
        "3_case_exec_set_page_margins": {
          "duration": 0.0040018558502197266,
          "input_tokens": 0,
          "output_tokens": 0,
          "cost": 0
        },
        "2_case_gen_replace_section": {
          "duration": 160.20435404777527,
          "input_tokens": 40010,
          "output_tokens": 1205,
          "cost": 0.4242
        },
        "3_case_exec_replace_section": {
          "duration": 0.035999298095703125,
          "input_tokens": 0,
          "output_tokens": 0,
          "cost": 0
        },