{
  "timestamp": "2025-06-30T22:05:20.841276",
  "benchmark_results": {
    "zotero-mcp-main-server": {
      "phases": {
        "1_order_generation": {
          "duration": 1.2834577560424805,
          "input_tokens": 607,
          "output_tokens": 31,
          "cost": 0.006690000000000001
        },
        "2_case_gen_zotero_search_items": {
          "duration": 15.861958503723145,
          "input_tokens": 1846,
          "output_tokens": 492,
          "cost": 0.028300000000000002
        },
        "3_case_exec_zotero_search_items": {
          "duration": 1.7259223461151123,
          "input_tokens": 0,
          "output_tokens": 0,
          "cost": 0
        },
        "2_case_gen_zotero_item_metadata": {
          "duration": 16.70755386352539,
          "input_tokens": 3120,
          "output_tokens": 550,
          "cost": 0.0422
        },
        "3_case_exec_zotero_item_metadata": {
          "duration": 0.005992412567138672,
          "input_tokens": 0,
          "output_tokens": 0,
          "cost": 0
        },
        "2_case_gen_zotero_item_fulltext": {
          "duration": 23.907153129577637,
          "input_tokens": 4689,
          "output_tokens": 732,
          "cost": 0.06153
        },
        "3_case_exec_zotero_item_fulltext": {
          "duration": 1.83717679977417,
          "input_tokens": 0,
          "output_tokens": 0,
          "cost": 0
        },
        "4_report_generation": {
          "duration": 53.0691294670105,
          "input_tokens": 7046,
          "output_tokens": 1517,
          "cost": 0.10080000000000001
        }
      },
      "suite_summary": {
        "total_duration": 181.1745572090149,
        "total_llm_tokens": 20630,
        "total_cost": 0.23952
      }
    }
  }
}