{
  "timestamp": "2025-06-30T22:05:21.872718",
  "benchmark_results": {
    "MCP-Doc-main-server": {
      "phases": {
        "1_order_generation": {
          "duration": 5.539522171020508,
          "input_tokens": 4000,
          "output_tokens": 135,
          "cost": 0.0427
        },
        "2_case_gen_create_document": {
          "duration": 24.858777284622192,
          "input_tokens": 968,
          "output_tokens": 870,
          "cost": 0.027080000000000003
        },
        "3_case_exec_create_document": {
          "duration": 0.014998674392700195,
          "input_tokens": 0,
          "output_tokens": 0,
          "cost": 0
        },
        "2_case_gen_open_document": {
          "duration": 30.34575128555298,
          "input_tokens": 3207,
          "output_tokens": 756,
          "cost": 0.04719
        },
        "3_case_exec_open_document": {
          "duration": 0.0019996166229248047,
          "input_tokens": 0,
          "output_tokens": 0,
          "cost": 0
        },
        "2_case_gen_add_paragraph": {
          "duration": 35.35002684593201,
          "input_tokens": 4878,
          "output_tokens": 1189,
          "cost": 0.07256000000000001
        },
        "3_case_exec_add_paragraph": {
          "duration": 0.015001535415649414,
          "input_tokens": 0,
          "output_tokens": 0,
          "cost": 0
        },
        "2_case_gen_add_heading": {
          "duration": 18.990222692489624,
          "input_tokens": 6335,
          "output_tokens": 503,
          "cost": 0.07341
        },
        "3_case_exec_add_heading": {
          "duration": 0.007004261016845703,
          "input_tokens": 0,
          "output_tokens": 0,
          "cost": 0
        },
        "2_case_gen_add_table": {
          "duration": 37.49039006233215,
          "input_tokens": 7640,
          "output_tokens": 1215,
          "cost": 0.10070000000000001
        },
        "3_case_exec_add_table": {
          "duration": 0.013045787811279297,
          "input_tokens": 0,
          "output_tokens": 0,
          "cost": 0
        },
        "2_case_gen_get_document_info": {
          "duration": 31.641456604003906,
          "input_tokens": 9382,
          "output_tokens": 835,
          "cost": 0.11052000000000002
        },
        "3_case_exec_get_document_info": {
          "duration": 0.007997512817382812,
          "input_tokens": 0,
          "output_tokens": 0,
          "cost": 0
        },
        "2_case_gen_search_text": {
          "duration": 34.3130886554718,
          "input_tokens": 11582,
          "output_tokens": 944,
          "cost": 0.13470000000000001
        },
        "3_case_exec_search_text": {
          "duration": 0.2005174160003662,
          "input_tokens": 0,
          "output_tokens": 0,
          "cost": 0
        },
        "2_case_gen_search_and_replace": {
          "duration": 40.773759841918945,
          "input_tokens": 13949,
          "output_tokens": 1178,
          "cost": 0.16305
        },
        "3_case_exec_search_and_replace": {
          "duration": 0.25807857513427734,
          "input_tokens": 0,
          "output_tokens": 0,
          "cost": 0
        },
        "2_case_gen_find_and_replace": {
          "duration": 36.64883875846863,
          "input_tokens": 16617,
          "output_tokens": 1047,
          "cost": 0.18711
        },
        "3_case_exec_find_and_replace": {
          "duration": 0.24355554580688477,
          "input_tokens": 0,
          "output_tokens": 0,
          "cost": 0
        },
        "2_case_gen_merge_table_cells": {
          "duration": 27.49997854232788,
          "input_tokens": 18704,
          "output_tokens": 832,
          "cost": 0.20368000000000003
        },
        "3_case_exec_merge_table_cells": {
          "duration": 0.038103580474853516,
          "input_tokens": 0,
          "output_tokens": 0,
          "cost": 0
        },
        "2_case_gen_split_table": {
          "duration": 24.986985206604004,
          "input_tokens": 20038,
          "output_tokens": 642,
          "cost": 0.21322
        },
        "3_case_exec_split_table": {
          "duration": 0.003000497817993164,
          "input_tokens": 0,
          "output_tokens": 0,
          "cost": 0
        },
        "2_case_gen_add_table_row": {
          "duration": 24.181751489639282,
          "input_tokens": 21276,
          "output_tokens": 695,
          "cost": 0.22666
        },
        "3_case_exec_add_table_row": {
          "duration": 0.04246640205383301,
          "input_tokens": 0,
          "output_tokens": 0,
          "cost": 0
        },
        "2_case_gen_delete_table_row": {
          "duration": 28.041844606399536,
          "input_tokens": 22792,
          "output_tokens": 679,
          "cost": 0.24150000000000002
        },
        "3_case_exec_delete_table_row": {
          "duration": 0.0513758659362793,
          "input_tokens": 0,
          "output_tokens": 0,
          "cost": 0
        },
        "2_case_gen_edit_table_cell": {
          "duration": 33.12690830230713,
          "input_tokens": 24053,
          "output_tokens": 875,
          "cost": 0.25803000000000004
        },
        "3_case_exec_edit_table_cell": {
          "duration": 0.0060062408447265625,
          "input_tokens": 0,
          "output_tokens": 0,
          "cost": 0
        },
        "2_case_gen_add_page_break": {
          "duration": 12.669332027435303,
          "input_tokens": 25681,
          "output_tokens": 213,
          "cost": 0.26107
        },
        "3_case_exec_add_page_break": {
          "duration": 0.03452253341674805,
          "input_tokens": 0,
          "output_tokens": 0,
          "cost": 0
        },
        "2_case_gen_set_page_margins": {
          "duration": 24.870394468307495,
          "input_tokens": 25888,
          "output_tokens": 583,
          "cost": 0.27054
        },
        "3_case_exec_set_page_margins": {
          "duration": 0.004998922348022461,
          "input_tokens": 0,
          "output_tokens": 0,
          "cost": 0
        },
        "2_case_gen_delete_paragraph": {
          "duration": 21.328312635421753,
          "input_tokens": 27077,
          "output_tokens": 524,
          "cost": 0.28125
        },
        "3_case_exec_delete_paragraph": {
          "duration": 0.009716510772705078,
          "input_tokens": 0,
          "output_tokens": 0,
          "cost": 0
        },
        "2_case_gen_delete_text": {
          "duration": 34.467827796936035,
          "input_tokens": 28186,
          "output_tokens": 851,
          "cost": 0.29888
        },
        "3_case_exec_delete_text": {
          "duration": 0.04659700393676758,
          "input_tokens": 0,
          "output_tokens": 0,
          "cost": 0
        },
        "2_case_gen_save_document": {
          "duration": 10.605545043945312,
          "input_tokens": 29770,
          "output_tokens": 155,
          "cost": 0.3008
        },
        "3_case_exec_save_document": {
          "duration": 0.05720996856689453,
          "input_tokens": 0,
          "output_tokens": 0,
          "cost": 0
        },
        "2_case_gen_save_as_document": {
          "duration": 74.56038689613342,
          "input_tokens": 30226,
          "output_tokens": 1187,
          "cost": 0.326
        },
        "3_case_exec_save_as_document": {
          "duration": 0.019616127014160156,
          "input_tokens": 0,
          "output_tokens": 0,
          "cost": 0
        },
        "2_case_gen_create_document_copy": {
          "duration": 69.4647479057312,
          "input_tokens": 32267,
          "output_tokens": 1195,
          "cost": 0.34657
        },
        "3_case_exec_create_document_copy": {
          "duration": 0.03850984573364258,
          "input_tokens": 0,
          "output_tokens": 0,
          "cost": 0
        },
        "2_case_gen_replace_section": {
          "duration": 70.1694324016571,
          "input_tokens": 34384,