{
  "timestamp": "2025-07-01T17:28:32.954051",
  "benchmark_results": {
    "mcp_screenshot_refined-server": {
      "phases": {
        "1_order_generation": {
          "duration": 0.7295408248901367,
          "input_tokens": 292,
          "output_tokens": 11,
          "cost": 0.0031400000000000004
        },
        "2_case_gen_take_and_show_screenshot": {
          "duration": 27.071458339691162,
          "input_tokens": 3286,
          "output_tokens": 568,
          "cost": 0.04422
        },
        "3_case_exec_take_and_show_screenshot": {
          "duration": 0.9447619915008545,
          "input_tokens": 0,
          "output_tokens": 0,
          "cost": 0
        },
        "4_report_generation": {
          "duration": 46.4063355922699,
          "input_tokens": 6422,
          "output_tokens": 1355,
          "cost": 0.09132
        }
      },
      "suite_summary": {
        "total_duration": 81.44479537010193,
        "total_llm_tokens": 11934,
        "total_cost": 0.13868
      }
    }
  }
}