{
  "timestamp": "2025-06-30T22:05:18.593188",
  "benchmark_results": {
    "huggingface-mcp-server-main-server": {
      "phases": {
        "1_order_generation": {
          "duration": 2.942352056503296,
          "input_tokens": 1330,
          "output_tokens": 69,
          "cost": 0.014680000000000002
        },
        "2_case_gen_search-models": {
          "duration": 19.842421531677246,
          "input_tokens": 1033,
          "output_tokens": 698,
          "cost": 0.024290000000000003
        },
        "3_case_exec_search-models": {
          "duration": 0.4914512634277344,
          "input_tokens": 0,
          "output_tokens": 0,
          "cost": 0
        },
        "2_case_gen_get-model-info": {
          "duration": 10.839648008346558,
          "input_tokens": 5578,
          "output_tokens": 342,
          "cost": 0.06262000000000001
        },
        "3_case_exec_get-model-info": {
          "duration": 0.3625056743621826,
          "input_tokens": 0,
          "output_tokens": 0,
          "cost": 0
        },
        "2_case_gen_search-datasets": {
          "duration": 23.052167654037476,
          "input_tokens": 6777,
          "output_tokens": 698,
          "cost": 0.08173000000000001
        },
        "3_case_exec_search-datasets": {
          "duration": 0.353468656539917,
          "input_tokens": 0,
          "output_tokens": 0,
          "cost": 0
        },
        "2_case_gen_get-dataset-info": {
          "duration": 12.60804271697998,
          "input_tokens": 10053,
          "output_tokens": 334,
          "cost": 0.10721000000000001
        },
        "3_case_exec_get-dataset-info": {
          "duration": 0.3487892150878906,
          "input_tokens": 0,
          "output_tokens": 0,
          "cost": 0
        },
        "2_case_gen_search-spaces": {
          "duration": 24.813814163208008,
          "input_tokens": 11150,
          "output_tokens": 759,
          "cost": 0.12668000000000001
        },
        "3_case_exec_search-spaces": {
          "duration": 0.3501157760620117,
          "input_tokens": 0,
          "output_tokens": 0,
          "cost": 0
        },
        "2_case_gen_get-space-info": {
          "duration": 13.285398960113525,
          "input_tokens": 14915,
          "output_tokens": 403,
          "cost": 0.15721000000000002
        },
        "3_case_exec_get-space-info": {
          "duration": 0.34430837631225586,
          "input_tokens": 0,
          "output_tokens": 0,
          "cost": 0
        },
        "2_case_gen_get-daily-papers": {
          "duration": 17.014284372329712,
          "input_tokens": 16086,
          "output_tokens": 527,
          "cost": 0.1714
        },
        "3_case_exec_get-daily-papers": {
          "duration": 0.7465929985046387,
          "input_tokens": 0,
          "output_tokens": 0,
          "cost": 0
        },
        "2_case_gen_get-paper-info": {
          "duration": 18.822815656661987,
          "input_tokens": 20905,
          "output_tokens": 429,
          "cost": 0.21763000000000002
        },
        "3_case_exec_get-paper-info": {
          "duration": 0.36574387550354004,
          "input_tokens": 0,
          "output_tokens": 0,
          "cost": 0
        },
        "2_case_gen_search-collections": {
          "duration": 24.4699125289917,
          "input_tokens": 22372,
          "output_tokens": 656,
          "cost": 0.23684000000000002
        },
        "3_case_exec_search-collections": {
          "duration": 1.1462821960449219,
          "input_tokens": 0,
          "output_tokens": 0,
          "cost": 0
        },
        "2_case_gen_get-collection-info": {
          "duration": 25.308134078979492,
          "input_tokens": 24998,
          "output_tokens": 601,
          "cost": 0.262
        },
        "3_case_exec_get-collection-info": {
          "duration": 0.03399467468261719,
          "input_tokens": 0,
          "output_tokens": 0,
          "cost": 0
        },
        "4_report_generation": {
          "duration": 44.7763786315918,
          "input_tokens": 27558,
          "output_tokens": 1324,
          "cost": 0.30206000000000005
        }
      },
      "suite_summary": {
        "total_duration": 300.9477860927582,
        "total_llm_tokens": 169595,
        "total_cost": 1.76435
      }
    }
  }
}