{
  "timestamp": "2025-07-11T21:33:51.290201",
  "benchmark_results": {
    "gemini-2.5-pro-mcp_git_repository_manager": {
      "phases": {
        "1_order_generation": {
          "duration": 2.982262372970581,
          "input_tokens": 3467,
          "output_tokens": 72,
          "cost": 0.0029176
        },
        "2_case_gen_git_init": {
          "duration": 35.87437844276428,
          "input_tokens": 2245,
          "output_tokens": 935,
          "cost": 0.003666
        },
        "3_case_exec_git_init": {
          "duration": 0.27277493476867676,
          "input_tokens": 0,
          "output_tokens": 0,
          "cost": 0
        },
        "2_case_gen_git_status": {
          "duration": 35.684062242507935,
          "input_tokens": 8594,
          "output_tokens": 943,
          "cost": 0.0087612
        },
        "3_case_exec_git_status": {
          "duration": 0.13597536087036133,
          "input_tokens": 0,
          "output_tokens": 0,
          "cost": 0
        },
        "2_case_gen_git_add": {
          "duration": 47.84894609451294,
          "input_tokens": 6912,
          "output_tokens": 1311,
          "cost": 0.0081516
        },
        "3_case_exec_git_add": {
          "duration": 0.008538246154785156,
          "input_tokens": 0,
          "output_tokens": 0,
          "cost": 0
        },
        "2_case_gen_git_diff_unstaged": {
          "duration": 37.58312654495239,
          "input_tokens": 7569,
          "output_tokens": 998,
          "cost": 0.0080512
        },
        "3_case_exec_git_diff_unstaged": {
          "duration": 0.004931926727294922,
          "input_tokens": 0,
          "output_tokens": 0,
          "cost": 0
        },
        "2_case_gen_git_diff_staged": {
          "duration": 34.185561656951904,
          "input_tokens": 10291,
          "output_tokens": 967,
          "cost": 0.0101668
        },
        "3_case_exec_git_diff_staged": {
          "duration": 0.004006385803222656,
          "input_tokens": 0,
          "output_tokens": 0,
          "cost": 0
        },
        "2_case_gen_git_commit": {
          "duration": 44.456387519836426,
          "input_tokens": 7600,
          "output_tokens": 1061,
          "cost": 0.008202
        },
        "3_case_exec_git_commit": {
          "duration": 0.003507852554321289,
          "input_tokens": 0,
          "output_tokens": 0,
          "cost": 0
        },
        "2_case_gen_git_log": {
          "duration": 35.05278253555298,
          "input_tokens": 8383,
          "output_tokens": 1001,
          "cost": 0.0087084
        },
        "3_case_exec_git_log": {
          "duration": 0.007515668869018555,
          "input_tokens": 0,
          "output_tokens": 0,
          "cost": 0
        },
        "2_case_gen_git_diff": {
          "duration": 44.671366691589355,
          "input_tokens": 8391,
          "output_tokens": 1141,
          "cost": 0.008994799999999999
        },
        "3_case_exec_git_diff": {
          "duration": 0.007196187973022461,
          "input_tokens": 0,
          "output_tokens": 0,
          "cost": 0
        },
        "2_case_gen_git_reset": {
          "duration": 28.399639129638672,
          "input_tokens": 8357,
          "output_tokens": 1074,
          "cost": 0.0088336
        },
        "3_case_exec_git_reset": {
          "duration": 0.20458102226257324,
          "input_tokens": 0,
          "output_tokens": 0,
          "cost": 0
        },
        "2_case_gen_git_create_branch": {
          "duration": 37.56273937225342,
          "input_tokens": 8370,
          "output_tokens": 1077,
          "cost": 0.00885
        },
        "3_case_exec_git_create_branch": {
          "duration": 0.004573822021484375,
          "input_tokens": 0,
          "output_tokens": 0,
          "cost": 0
        },
        "2_case_gen_git_checkout": {
          "duration": 40.14284157752991,
          "input_tokens": 8634,
          "output_tokens": 1050,
          "cost": 0.0090072
        },
        "3_case_exec_git_checkout": {
          "duration": 0.003999233245849609,
          "input_tokens": 0,
          "output_tokens": 0,
          "cost": 0
        },
        "2_case_gen_git_show": {
          "duration": 19.455130100250244,
          "input_tokens": 8659,
          "output_tokens": 782,
          "cost": 0.008491199999999999
        },
        "3_case_exec_git_show": {
          "duration": 0.11508750915527344,
          "input_tokens": 0,
          "output_tokens": 0,
          "cost": 0
        },
        "4_report_generation": {
          "duration": 42.983789682388306,
          "input_tokens": 33044,
          "output_tokens": 1768,
          "cost": 0.0299712
        }
      },
      "suite_summary": {
        "total_duration": 497.1622452735901,
        "total_llm_tokens": 144696,
        "total_cost": 0.1327728
      }
    }
  }
}