{
  "timestamp": "2025-07-11T21:33:41.801336",
  "benchmark_results": {
    "gpt-4o-mcp_financial_data_processor": {
      "phases": {
        "1_order_generation": {
          "duration": 2.6263270378112793,
          "input_tokens": 1672,
          "output_tokens": 45,
          "cost": 0.0014276
        },
        "2_case_gen_get_company_profile": {
          "duration": 24.386663913726807,
          "input_tokens": 2008,
          "output_tokens": 709,
          "cost": 0.0030244
        },
        "3_case_exec_get_company_profile": {
          "duration": 0.0029993057250976562,
          "input_tokens": 0,
          "output_tokens": 0,
          "cost": 0
        },
        "2_case_gen_get_income_statements": {
          "duration": 34.188530683517456,
          "input_tokens": 2922,
          "output_tokens": 864,
          "cost": 0.0040656
        },
        "3_case_exec_get_income_statements": {
          "duration": 0.008515119552612305,
          "input_tokens": 0,
          "output_tokens": 0,
          "cost": 0
        },
        "2_case_gen_get_balance_sheets": {
          "duration": 29.7080340385437,
          "input_tokens": 4419,
          "output_tokens": 864,
          "cost": 0.005263199999999999
        },
        "3_case_exec_get_balance_sheets": {
          "duration": 0.0029997825622558594,
          "input_tokens": 0,
          "output_tokens": 0,
          "cost": 0
        },
        "2_case_gen_get_cash_flows": {
          "duration": 31.27103018760681,
          "input_tokens": 4422,
          "output_tokens": 865,
          "cost": 0.0052676
        },
        "3_case_exec_get_cash_flows": {
          "duration": 0.003505229949951172,
          "input_tokens": 0,
          "output_tokens": 0,
          "cost": 0
        },
        "2_case_gen_get_stock_prices": {
          "duration": 41.59264326095581,
          "input_tokens": 4582,
          "output_tokens": 1090,
          "cost": 0.005845599999999999
        },
        "3_case_exec_get_stock_prices": {
          "duration": 0.0069997310638427734,
          "input_tokens": 0,
          "output_tokens": 0,
          "cost": 0
        },
        "2_case_gen_get_market_news": {
          "duration": 29.272418975830078,
          "input_tokens": 4519,
          "output_tokens": 712,
          "cost": 0.0050392
        },
        "3_case_exec_get_market_news": {
          "duration": 5.021035671234131,
          "input_tokens": 0,
          "output_tokens": 0,
          "cost": 0
        },
        "4_report_generation": {
          "duration": 86.33233880996704,
          "input_tokens": 12389,
          "output_tokens": 1998,
          "cost": 0.0139072
        }
      },
      "suite_summary": {
        "total_duration": 393.92628622055054,
        "total_llm_tokens": 44080,
        "total_cost": 0.0438404
      }
    }
  }
}