{
  "timestamp": "2025-07-11T21:33:37.959036",
  "benchmark_results": {
    "qwen-plus-mcp_academic_paper_search_quer": {
      "phases": {
        "1_order_generation": {
          "duration": 1.7427759170532227,
          "input_tokens": 839,
          "output_tokens": 24,
          "cost": 0.0007191999999999999
        },
        "2_case_gen_search_papers": {
          "duration": 27.948293447494507,
          "input_tokens": 1401,
          "output_tokens": 782,
          "cost": 0.0026847999999999998
        },
        "3_case_exec_search_papers": {
          "duration": 9.987380027770996,
          "input_tokens": 0,
          "output_tokens": 0,
          "cost": 0
        },
        "2_case_gen_search_by_topic": {
          "duration": 29.767268419265747,
          "input_tokens": 5635,
          "output_tokens": 768,
          "cost": 0.006044
        },
        "3_case_exec_search_by_topic": {
          "duration": 15.884453773498535,
          "input_tokens": 0,
          "output_tokens": 0,
          "cost": 0
        },
        "2_case_gen_fetch_paper_details": {
          "duration": 32.511027097702026,
          "input_tokens": 9666,
          "output_tokens": 989,
          "cost": 0.009710799999999999
        },
        "3_case_exec_fetch_paper_details": {
          "duration": 4.313925743103027,
          "input_tokens": 0,
          "output_tokens": 0,
          "cost": 0
        },
        "4_report_generation": {
          "duration": 62.58783721923828,
          "input_tokens": 12584,
          "output_tokens": 1751,
          "cost": 0.0135692
        }
      },
      "suite_summary": {
        "total_duration": 434.1282968521118,
        "total_llm_tokens": 34439,
        "total_cost": 0.03272799999999999
      }
    }
  }
}