{
  "timestamp": "2025-07-01T18:51:17.213275",
  "benchmark_results": {
    "mcp_server_word_operations_refined-server": {
      "phases": {
        "1_order_generation": {
          "duration": 1.2055308818817139,
          "input_tokens": 957,
          "output_tokens": 25,
          "cost": 0.01007
        },
        "2_case_gen_create_new_document": {
          "duration": 42.03086590766907,
          "input_tokens": 8222,
          "output_tokens": 1066,
          "cost": 0.10354000000000001
        },
        "3_case_exec_create_new_document": {
          "duration": 0.023715496063232422,
          "input_tokens": 0,
          "output_tokens": 0,
          "cost": 0
        },
        "2_case_gen_read_document_content": {
          "duration": 29.939605236053467,
          "input_tokens": 10789,
          "output_tokens": 808,
          "cost": 0.12405000000000002
        },
        "3_case_exec_read_document_content": {
          "duration": 0.012520074844360352,
          "input_tokens": 0,
          "output_tokens": 0,
          "cost": 0
        },
        "2_case_gen_insert_text_or_image": {
          "duration": 53.96654510498047,
          "input_tokens": 12982,
          "output_tokens": 1278,
          "cost": 0.15538000000000002
        },
        "3_case_exec_insert_text_or_image": {
          "duration": 0.023561954498291016,
          "input_tokens": 0,
          "output_tokens": 0,
          "cost": 0
        },
        "4_report_generation": {
          "duration": 65.31972694396973,
          "input_tokens": 8689,
          "output_tokens": 1998,
          "cost": 0.12685000000000002
        }
      },
      "suite_summary": {
        "total_duration": 194.98633003234863,
        "total_llm_tokens": 46814,
        "total_cost": 0.5198900000000001
      }
    }
  }
}