{
  "timestamp": "2025-07-11T21:33:36.279058",
  "benchmark_results": {
    "gpt-4o-mcp_duffeld_flight_info": {
      "phases": {
        "1_order_generation": {
          "duration": 2.4122109413146973,
          "input_tokens": 905,
          "output_tokens": 24,
          "cost": 0.0007719999999999999
        },
        "2_case_gen_search_flights": {
          "duration": 44.131131649017334,
          "input_tokens": 1531,
          "output_tokens": 1183,
          "cost": 0.0035908
        },
        "3_case_exec_search_flights": {
          "duration": 0.008000612258911133,
          "input_tokens": 0,
          "output_tokens": 0,
          "cost": 0
        },
        "2_case_gen_get_offer_details": {
          "duration": 29.36611247062683,
          "input_tokens": 3135,
          "output_tokens": 743,
          "cost": 0.003993999999999999
        },
        "3_case_exec_get_offer_details": {
          "duration": 0.00751042366027832,
          "input_tokens": 0,
          "output_tokens": 0,
          "cost": 0
        },
        "2_case_gen_search_multi_city": {
          "duration": 55.03197169303894,
          "input_tokens": 4665,
          "output_tokens": 1357,
          "cost": 0.0064459999999999995
        },
        "3_case_exec_search_multi_city": {
          "duration": 0.009525299072265625,
          "input_tokens": 0,
          "output_tokens": 0,
          "cost": 0
        },
        "4_report_generation": {
          "duration": 73.78902435302734,
          "input_tokens": 7743,
          "output_tokens": 1571,
          "cost": 0.0093364
        }
      },
      "suite_summary": {
        "total_duration": 207.47858595848083,
        "total_llm_tokens": 22857,
        "total_cost": 0.0241392
      }
    }
  }
}