{
  "timestamp": "2025-07-11T21:33:35.600323",
  "benchmark_results": {
    "gpt-4o-mcp_academic_paper_tool": {
      "phases": {
        "1_order_generation": {
          "duration": 0.7822527885437012,
          "input_tokens": 187,
          "output_tokens": 7,
          "cost": 0.0001636
        },
        "2_case_gen_wrapper": {
          "duration": 33.601874351501465,
          "input_tokens": 1285,
          "output_tokens": 1175,
          "cost": 0.003378
        },
        "3_case_exec_wrapper": {
          "duration": 0.0030057430267333984,
          "input_tokens": 0,
          "output_tokens": 0,
          "cost": 0
        },
        "4_report_generation": {
          "duration": 61.29259705543518,
          "input_tokens": 3318,
          "output_tokens": 1634,
          "cost": 0.0059223999999999995
        }
      },
      "suite_summary": {
        "total_duration": 100.64313912391663,
        "total_llm_tokens": 7606,
        "total_cost": 0.009464
      }
    }
  }
}