{
  "timestamp": "2025-07-01T18:51:18.181211",
  "benchmark_results": {
    "unsplash_photo_search_server_refined-server": {
      "phases": {
        "1_order_generation": {
          "duration": 0.7381069660186768,
          "input_tokens": 606,
          "output_tokens": 8,
          "cost": 0.006220000000000001
        },
        "2_case_gen_search_photos": {
          "duration": 33.18722486495972,
          "input_tokens": 9139,
          "output_tokens": 774,
          "cost": 0.10687000000000002
        },
        "3_case_exec_search_photos": {
          "duration": 1.014413833618164,
          "input_tokens": 0,
          "output_tokens": 0,
          "cost": 0
        },
        "4_report_generation": {
          "duration": 43.38268232345581,
          "input_tokens": 8030,
          "output_tokens": 1356,
          "cost": 0.10742000000000002
        }
      },
      "suite_summary": {
        "total_duration": 97.0663468837738,
        "total_llm_tokens": 19913,
        "total_cost": 0.22051000000000004
      }
    }
  }
}