{
  "timestamp": "2025-06-30T22:05:22.256406",
  "benchmark_results": {
    "opencv-mcp-server-main-server": {
      "phases": {
        "1_order_generation": {
          "duration": 3.0805251598358154,
          "input_tokens": 3992,
          "output_tokens": 68,
          "cost": 0.041280000000000004
        },
        "2_case_gen_save_image_tool": {
          "duration": 39.033095836639404,
          "input_tokens": 1744,
          "output_tokens": 1128,
          "cost": 0.04
        },
        "3_case_exec_save_image_tool": {
          "duration": 0.010652303695678711,
          "input_tokens": 0,
          "output_tokens": 0,
          "cost": 0
        },
        "2_case_gen_get_image_stats_tool": {
          "duration": 26.37000012397766,
          "input_tokens": 3985,
          "output_tokens": 842,
          "cost": 0.056690000000000004
        },
        "3_case_exec_get_image_stats_tool": {
          "duration": 0.03830099105834961,
          "input_tokens": 0,
          "output_tokens": 0,
          "cost": 0
        },
        "2_case_gen_resize_image_tool": {
          "duration": 34.00861191749573,
          "input_tokens": 6702,
          "output_tokens": 1200,
          "cost": 0.09102000000000002
        },
        "3_case_exec_resize_image_tool": {
          "duration": 0.2133171558380127,
          "input_tokens": 0,
          "output_tokens": 0,
          "cost": 0
        },
        "2_case_gen_crop_image_tool": {
          "duration": 47.74711728096008,
          "input_tokens": 10432,
          "output_tokens": 1385,
          "cost": 0.13202000000000003
        },
        "3_case_exec_crop_image_tool": {
          "duration": 0.1663827896118164,
          "input_tokens": 0,
          "output_tokens": 0,
          "cost": 0
        },
        "2_case_gen_apply_filter_tool": {
          "duration": 45.423218965530396,
          "input_tokens": 13663,
          "output_tokens": 1278,
          "cost": 0.16219
        },
        "3_case_exec_apply_filter_tool": {
          "duration": 0.45725345611572266,
          "input_tokens": 0,
          "output_tokens": 0,
          "cost": 0
        },
        "2_case_gen_detect_edges_tool": {
          "duration": 36.88049817085266,
          "input_tokens": 17454,
          "output_tokens": 954,
          "cost": 0.19362000000000001
        },
        "3_case_exec_detect_edges_tool": {
          "duration": 0.03329586982727051,
          "input_tokens": 0,
          "output_tokens": 0,
          "cost": 0
        },
        "2_case_gen_apply_threshold_tool": {
          "duration": 22.38329005241394,
          "input_tokens": 20200,
          "output_tokens": 590,
          "cost": 0.21380000000000002
        },
        "3_case_exec_apply_threshold_tool": {
          "duration": 0.01298975944519043,
          "input_tokens": 0,
          "output_tokens": 0,
          "cost": 0
        },
        "2_case_gen_detect_contours_tool": {
          "duration": 37.37052392959595,
          "input_tokens": 21936,
          "output_tokens": 1107,
          "cost": 0.24150000000000002
        },
        "3_case_exec_detect_contours_tool": {
          "duration": 0.0235137939453125,
          "input_tokens": 0,
          "output_tokens": 0,
          "cost": 0
        },
        "2_case_gen_find_shapes_tool": {
          "duration": 48.29459238052368,
          "input_tokens": 24258,
          "output_tokens": 1103,
          "cost": 0.26464000000000004
        },
        "3_case_exec_find_shapes_tool": {
          "duration": 0.014517784118652344,
          "input_tokens": 0,
          "output_tokens": 0,
          "cost": 0
        },
        "2_case_gen_match_template_tool": {
          "duration": 52.121660232543945,
          "input_tokens": 26620,
          "output_tokens": 1490,
          "cost": 0.29600000000000004
        },
        "3_case_exec_match_template_tool": {
          "duration": 0.04307270050048828,
          "input_tokens": 0,
          "output_tokens": 0,
          "cost": 0
        },
        "4_report_generation": {
          "duration": 322.6722116470337,
          "input_tokens": 33632,
          "output_tokens": 1530,
          "cost": 0.36692
        }
      },
      "suite_summary": {
        "total_duration": 727.247939825058,
        "total_llm_tokens": 197293,
        "total_cost": 2.09968
      }
    }
  }
}