{
  "timestamp": "2025-07-11T21:33:39.293625",
  "benchmark_results": {
    "qwen-plus-everything_dll_search_server": {
      "phases": {
        "1_order_generation": {
          "duration": 0.607090950012207,
          "input_tokens": 567,
          "output_tokens": 8,
          "cost": 0.0004696
        },
        "2_case_gen_search_files": {
          "duration": 36.032756328582764,
          "input_tokens": 1660,
          "output_tokens": 951,
          "cost": 0.00323
        },
        "3_case_exec_search_files": {
          "duration": 0.030669450759887695,
          "input_tokens": 0,
          "output_tokens": 0,
          "cost": 0
        },
        "4_report_generation": {
          "duration": 72.09097456932068,
          "input_tokens": 17470,
          "output_tokens": 1885,
          "cost": 0.017745999999999998
        }
      },
      "suite_summary": {
        "total_duration": 112.85762143135071,
        "total_llm_tokens": 22541,
        "total_cost": 0.0214456
      }
    }
  }
}